# primitive nontrivial: X^3 +- Y^3 = A^4 + B^4, X>=Y, A>=B, gcd=1
# k=4  M=10000000  branch=diff
# X,Y,A,B,sign   (sign '+' means X^3+Y^3, '-' means X^3-Y^3)
21,19,7,1,-
37,3,15,1,-
469,467,31,25,-
752,751,36,11,-
6256,6255,102,55,-
1801,1774,126,51,-
1393,1311,143,75,-
1249,968,179,62,-
1153,721,180,102,-
2208,2095,199,34,-
2448,2255,216,179,-
2002,1543,249,150,-
2569,1703,331,59,-
3001,2199,333,253,-
2720,1167,337,274,-
11256,11215,352,115,-
2832,431,378,217,-
3025,552,379,288,-
3965,2427,413,371,-
92093,92091,463,265,-
3720,1247,468,199,-
4401,3151,475,235,-
4210,1159,519,150,-
4497,2576,521,114,-
15325,15099,615,343,-
8817,7888,664,125,-
6081,2384,678,53,-
66144,66127,685,232,-
7153,4536,710,369,-
8257,2456,728,719,-
16632,15871,767,712,-
7088,591,770,257,-
141921,141904,851,842,-
15767,14903,870,438,-
9449,1862,870,717,-
9088,2975,914,403,-
82977,82936,928,569,-
10793,3495,949,797,-
11681,6904,1032,601,-
12167,4823,1140,42,-
37669,37107,1239,125,-
91969,91872,1250,363,-
42877,42013,1470,138,-
23681,19024,1564,801,-
27993,20935,1607,1571,-
45464,44223,1646,619,-
22785,15007,1687,769,-
173473,173376,1720,39,-
24441,3191,1765,1485,-
26557,19163,1805,1019,-
64977,63728,1810,1479,-
25057,16808,1820,329,-
32936,28159,1883,954,-
219945,219767,1917,1873,-
28417,21073,1920,42,-
135169,134737,2022,1620,-
26453,451,2055,907,-
27256,2079,2103,908,-
200065,199887,2143,717,-
32085,7507,2389,427,-
56417,52431,2429,889,-
37472,8911,2509,1872,-
50912,35791,2576,2547,-
40337,23296,2698,201,-
44625,20032,2716,2267,-
237088,236735,2773,746,-
45887,32063,2820,804,-
42337,16616,2876,1303,-
47045,29779,2941,1305,-
98161,94104,3252,899,-
65592,38911,3466,2981,-
72049,60608,3473,1558,-
54296,22879,3486,803,-
58897,27696,3644,1611,-
427993,427561,3924,510,-
289296,287999,3941,3018,-
82045,46379,3991,3755,-
545272,544703,4117,3850,-
162273,158120,4211,1518,-
92609,65968,4497,3148,-
275789,272763,4553,3989,-
87169,35648,4826,2939,-
87792,27983,5057,930,-
205149,194843,5121,4841,-
151106,140279,5124,807,-
102529,19153,5262,4176,-
96464,45583,5283,2212,-
92753,11391,5305,1453,-
106057,65206,5343,3168,-
98245,38499,5345,2943,-
104645,39907,5709,2117,-
158777,139958,5820,3267,-
210609,194447,6029,5085,-
157481,108199,6217,5817,-
148657,120096,6227,2652,-
136656,98159,6327,1394,-
192576,169279,6496,4753,-
219912,204431,6609,3682,-
126336,42815,6630,1547,-
148053,12835,7129,5069,-
157633,5616,7185,5948,-
222289,187832,7525,5824,-
149249,41208,7553,604,-
215665,174047,7723,5887,-
643169,639888,7742,4627,-
197377,91823,7745,7589,-
1045056,1043135,7802,7125,-
184893,104971,7825,6133,-
158829,27563,7867,3531,-
307493,292805,7938,42,-
159274,34183,7944,2061,-
162897,496,7963,4168,-
168722,75383,8109,2670,-
230696,172159,8197,7182,-
183256,116655,8220,1061,-
357729,334408,8302,7763,-
236473,201481,8424,1710,-
176029,8987,8585,2159,-
184789,92003,8623,1243,-
221573,164451,8827,4355,-
188170,78199,8868,465,-
188433,50920,8998,1367,-
241293,192955,9067,3209,-
193101,51259,9163,2009,-
196609,52448,9292,961,-
206149,97827,9405,827,-
499857,480511,9437,8807,-
201026,35975,9480,843,-
219569,77872,9537,6550,-
210265,11127,9593,5361,-
503161,491159,9709,1939,-
210536,69999,9737,758,-
222040,122799,9765,1268,-
297504,236879,9855,7750,-
280945,216912,10452,2429,-
447697,426248,10496,3515,-
232737,68488,10528,505,-
254261,132739,10581,6289,-
665945,656119,10645,2523,-
246032,27871,11001,3872,-
281424,189023,11161,2052,-
521833,489335,11239,9733,-
383541,341075,11375,783,-
266161,113665,11400,4722,-
261035,26027,11484,4404,-
18856769,18856752,11599,2420,-
422729,349927,11621,10965,-
1252401,1248304,11756,3277,-
804045,793627,11879,2387,-
359513,204830,11928,11523,-
1072512,1065823,12050,6563,-
299440,125807,12553,2282,-
447585,397112,12646,6189,-
299930,16727,12768,4473,-
305577,100391,12869,3123,-
719704,701183,12934,2789,-
306529,47432,13015,1144,-
325667,24563,13080,8514,-
333601,160369,13272,6666,-
337001,46265,13626,7800,-
356217,172343,13665,8497,-
336433,131720,13754,1697,-
391333,269941,13764,8130,-
342117,119443,13805,6703,-
338320,82719,13815,6452,-
1077288,1063951,13892,9635,-
429713,347311,13911,1505,-
346545,34312,14273,2954,-
360263,166295,14316,3534,-
690781,653195,14327,9685,-
402777,92903,14455,12021,-
630794,583463,14679,8778,-
373464,145903,14807,5498,-
650273,609456,14840,3143,-
927361,906624,15009,6292,-
1470456,1461599,15129,8288,-
380491,130795,15150,3594,-
390177,135128,15378,5635,-
98501313,98501311,15527,3095,-
1587857,1577776,15543,11486,-
428917,258531,15747,3439,-
457344,184223,15849,12736,-
473173,276291,15855,12131,-
430363,170731,15996,9810,-
517034,303383,16089,14424,-
7240631,7240199,16134,3672,-
984473,946430,16158,13983,-
701753,643335,16333,9503,-
1177008,1149791,16352,14055,-
947461,918179,16423,7799,-
422872,9551,16513,5962,-
698401,617624,16643,12974,-
518037,390691,16657,7003,-
1062768,1038671,16770,5183,-
1025104,996543,16939,8502,-
435755,24059,16944,4170,-
468553,269806,16962,4605,-
469229,5643,17053,11701,-
5703632,5702751,17123,1282,-
834744,783263,17367,10036,-
2653833,2649175,17533,7823,-
528757,359171,17849,221,-
651119,540527,17880,11232,-
2311541,2304979,17943,5929,-
478837,147731,18047,4703,-
476661,115459,18073,2909,-
504113,245080,18304,5811,-
535729,248703,18393,12437,-
502576,184799,18604,5383,-
4413160,4410527,18614,13549,-
760065,671407,19193,5197,-
624601,467159,19241,8263,-
673625,538382,19347,9876,-
575297,106216,19402,14763,-
3512337,3508208,19765,2148,-
1843569,1827008,19779,10936,-
543826,16759,19872,8361,-
561569,252552,19993,5900,-
981050,874967,20163,18174,-
25598433,25598336,20240,12297,-
628225,267152,20261,15674,-
657633,118376,20330,18291,-
642728,146095,20441,17214,-
599181,56555,20573,13755,-
1614312,1588687,20620,11315,-
2375777,2361391,20707,15537,-
678961,381864,20708,16461,-
864883,642835,21258,20514,-
4496473,4491671,21665,16303,-
671433,434935,21667,2327,-
750365,493627,21879,16441,-
759936,301999,22058,20441,-
796066,634039,22116,10089,-
855856,717119,22127,11648,-
643888,258975,22249,8208,-
837785,695414,22395,3696,-
1470177,1429216,22541,3226,-
741905,59952,22859,19172,-
1134801,1055455,23101,5345,-
795336,599039,23167,2952,-
1893381,1855139,23257,18231,-
929525,793539,23429,6785,-
785432,553311,23513,9868,-
231142661,231142659,23773,5837,-
818688,393775,24007,19858,-
753081,455639,24013,1587,-
995105,860232,24263,6892,-
1474353,1405016,24490,16353,-
2520544,2500943,24511,9934,-
738216,301375,24520,10769,-
742353,256816,24635,12428,-
3074929,3061688,24707,6052,-
1431969,1360592,24733,14430,-
1134673,898016,25319,23890,-
917201,603400,25401,19190,-
783565,371869,25602,2400,-
761889,152528,25704,6841,-
2287296,2258735,25740,7813,-
2468513,2442888,25840,11545,-
777889,147264,25840,12135,-
3798256,3787631,25940,8725,-
1169505,969104,26025,21916,-
3171432,3145807,26140,23405,-
2198728,2160015,26513,15486,-
969896,723679,26809,11388,-
1309928,1197055,27012,2239,-
1031233,815880,27228,7921,-
1105970,780647,27549,23424,-
2493121,2461704,27573,4654,-
2196305,2106664,28172,28005,-
1031952,772751,28207,8178,-
2096881,2045631,28485,5975,-
2568993,2534015,28527,12023,-
2477816,2441119,28563,4318,-
920921,8599,28953,16729,-
902113,61080,28979,13014,-
932965,377027,29117,14117,-
1691809,1596848,29159,14768,-
10248897,10246496,29484,5201,-
26757383,26756951,29484,20370,-
2508149,2466307,29495,11853,-
923713,306480,29519,2976,-
1950193,1846136,29725,24224,-
1099121,810799,29847,5879,-
1547553,1347455,29881,26079,-
3042953,2991950,30144,27447,-
1018785,480512,30183,18476,-
2137905,2015192,30259,29424,-
1032421,105795,30365,22341,-
2572561,2522760,30428,18315,-
955761,784,30562,5039,-
1037232,93983,30579,22150,-
2506657,2456976,30708,13031,-
1093168,685535,30727,17452,-
1178385,843599,31301,16605,-
1139229,761387,31791,11195,-
1106096,489039,31871,21266,-
1224093,853675,31889,20539,-
1033777,127016,31903,16078,-
1139981,179739,32083,25399,-
1057072,133551,32178,18073,-
1501704,1319983,32263,7498,-
1076008,515295,32451,2062,-
1631169,1377967,32495,27931,-
2088289,1998288,32574,6317,-
14345200,14343279,32887,11250,-
1127773,430331,33145,19607,-
3835393,3806120,33179,16274,-
1159585,405992,33443,22166,-
1346800,920159,33458,25315,-
1081984,221087,33476,2135,-
1110745,480862,33498,2703,-
7669201,7661279,33613,18607,-
1475525,1240517,33684,11268,-
1176641,594415,33867,17935,-
1431680,1169967,33979,1796,-
6530080,6519327,34057,12936,-
3980161,3938984,34949,25826,-
2733089,2664312,35011,4070,-
1350785,908544,35039,21340,-
2187007,2075983,35070,5496,-
9695256,9689615,35505,5102,-
1280013,756731,35875,9297,-
1264881,618320,35898,18865,-
1449136,630735,36046,32415,-
1242824,582847,36174,9835,-
1529409,1215232,36538,4715,-
4354632,4318943,36675,21266,-
6223952,6195391,36816,34801,-
1285325,492139,36879,19825,-
1919505,1734367,36907,487,-
1251881,11150,37023,16980,-
2278881,2150264,37092,1207,-
1242213,47555,37207,4119,-
24438314,24437207,37257,15420,-
1625273,1244870,37638,24447,-
16765437,16763051,37657,5349,-
1366905,729319,37795,18823,-
5487623,5452631,37800,32382,-
1670312,1339231,37806,21539,-
1836264,1458223,37831,31954,-
16796829,16793803,38179,25697,-
814960153,814960151,38605,36443,-
3166849,3077327,39127,22885,-
2953777,2854991,39367,17711,-
1587896,1127119,39368,20301,-
1528209,820928,39817,26622,-
5695385,5658087,39833,32299,-
1389633,526735,39889,8669,-
2274058,1958455,40293,35634,-
2979338,2872391,40305,18126,-
1439425,471464,40670,19403,-
228262009,228261982,40695,34866,-
1841509,1501683,40713,18253,-
1684105,583559,41045,36317,-
1533137,885856,41083,15636,-
2186026,1951639,41091,20058,-
3440913,3353576,41094,20375,-
2092025,1667607,41219,35741,-
1439793,46480,41354,15649,-
11520361,11512055,42095,20147,-
4024177,3954456,42193,19986,-
3713653,3593955,42297,35531,-
1975137,1479496,42374,33389,-
3641953,3473615,42469,42097,-
1594693,553091,42559,27895,-
2297120,2040879,42695,23362,-
1507305,91607,42951,11971,-
1740096,294559,43177,36464,-
8061433,8040455,43349,27209,-
767598929,767598927,43355,6803,-
1864025,1431639,43379,6235,-
1603077,690691,43571,20771,-
3348377,3188726,43911,34398,-
2585425,2364944,44185,22214,-
1657984,782303,44566,19139,-
1734929,307183,44601,33343,-
2119488,1705055,44637,27766,-
2917585,2751512,44731,5176,-
3885449,3792663,44849,15443,-
1722197,239141,45108,31254,-
2018105,723079,45313,43635,-
8503321,8483559,45417,12187,-
1682768,788575,45448,9561,-
3917121,3756496,45455,41000,-
17801545,17794247,45809,39889,-
2796528,2583551,46043,19050,-
3008809,2831662,46143,1620,-
3789169,3659432,46225,30214,-
1893432,1293151,46376,1177,-
3311457,3160408,46445,17446,-
2534669,2262123,46549,10739,-
1878029,1238237,46590,10812,-
2215585,1832912,46606,1757,-
2596865,2336544,46700,961,-
1721632,101007,46710,24175,-
1787618,959015,46758,14991,-
2653441,2396984,46939,15374,-
3140209,2806992,47340,44227,-
1987265,1144152,47371,33862,-
2518705,1943112,47548,43347,-
8012961,7984400,47645,23946,-
1808905,678982,48216,21183,-
1771885,385597,48318,15324,-
1779984,145343,48619,14874,-
3091655,2869607,49326,5778,-
6288417,6234976,49597,22022,-
4781840,4673967,49774,32359,-
2721329,2393247,49777,23525,-
2324709,1830883,50129,18263,-
2031048,600175,50453,36016,-
2371248,1892815,50572,10163,-
10380881,10359784,50663,21618,-
2329928,590095,50929,48894,-
2363537,997791,50939,48377,-
1981416,250399,51628,28489,-
2407781,431379,51643,51001,-
2362256,1819375,51689,12090,-
22523993,22519191,51835,17213,-
4154213,3859251,51875,51383,-
3753297,3541256,51974,32871,-
2002658,893255,52002,8967,-
2528381,1716939,52073,44003,-
2362917,23171,52451,48699,-
5395834,5296663,52518,30771,-
10755338,10720535,52728,45561,-
2247024,31567,52991,43130,-
7056577,7002416,53231,736,-
2071921,916904,53329,13714,-
2112161,923760,53347,27050,-
2617401,1354999,53519,51871,-
2041729,454592,53590,20293,-
2739953,2301951,53605,18407,-
13998369,13983103,53693,28429,-
2058401,720639,53731,10541,-
2291569,270048,53757,43748,-
4716224,4582927,54223,5970,-
2145619,849187,54510,25704,-
3157269,2827843,54557,1249,-
40782581,40780099,55149,42073,-
29389920,29385119,55290,41939,-
4316329,4122118,55389,31314,-
2291800,1301807,55559,23458,-
5765413,5667251,55681,10165,-
4233263,4031951,55710,28758,-
7875485,7822827,55811,13193,-
2319480,593647,56203,38908,-
4656009,4484759,56265,29035,-
3451257,3111191,56483,30051,-
6097106,5919959,56511,54756,-
3931928,3518511,56780,51131,-
5217841,5072064,56836,32691,-
5006225,4846272,57332,30293,-
2308752,491023,57352,34205,-
2828353,2169440,57521,34808,-
5590216,5465535,57644,24975,-
4165680,3805807,58057,49078,-
2769193,1818550,58194,44013,-
2273296,400335,58465,3534,-
2813664,1346927,58830,52937,-
2505680,1550799,58849,9550,-
2419281,1209295,58861,24955,-
2508033,1059920,58888,39999,-
2523977,1565126,59151,7428,-
2495329,1486287,59163,7055,-
3060181,2500499,59179,29509,-
2376385,806912,59248,27503,-
9981488,9901231,59685,57728,-
40786168,40782191,59930,51337,-
3237816,2124239,60173,57912,-
2848009,408478,60378,55869,-
3297200,2797567,60699,24766,-
4265203,3981811,60792,29940,-
86181297,86180672,61055,13170,-
2499569,1124847,61313,15745,-
3203666,2649815,61467,4110,-
2969953,2283231,61485,7109,-
2476256,137295,62273,19450,-
3772897,3115023,62405,53697,-
2705320,572367,62412,45901,-
3219073,2617800,62484,20447,-
6105808,5956095,62847,29296,-
3516929,2932008,63626,37157,-
3037073,268056,63980,57899,-
2830319,390383,64176,48756,-
2790624,1579823,64389,27836,-
33642736,33636239,64957,45412,-
3159121,214415,65255,60487,-
18113704,18094943,65534,7517,-
6847160,6583119,65939,64040,-
3185225,2375414,65946,645,-
2819265,1502272,66031,9296,-
3020128,1974911,66181,28510,-
7373937,7215871,66319,49267,-
2770201,625294,67197,28116,-
4167657,3685831,67529,35119,-
2780617,521446,67797,21906,-
2912801,622624,68046,41731,-
49067161,49064135,68347,13535,-
2809285,31859,68617,7435,-
6010769,5759808,69076,42667,-
3903673,3052390,69396,52941,-
3463665,1175512,69853,63364,-
6992512,6690911,69958,65501,-
4998321,4626640,70015,36662,-
3555525,2663107,70049,37529,-
4392057,3850807,70085,43235,-
4052698,3394951,70236,41955,-
3242906,157319,70392,55587,-
3136211,1828979,70518,4314,-
2937825,100112,70566,27341,-
4129991,3570119,70668,5616,-
3342649,41447,70801,59125,-
3200801,1732479,70969,38623,-
6134817,5848991,71117,47781,-
4508305,3457352,71147,70484,-
8196936,8022319,71291,54188,-
3264672,1751071,71411,43006,-
3005361,629824,71506,29441,-
8527589,8402467,71903,20265,-
4568330,4093319,71910,11073,-
3230560,208239,71954,51255,-
10033489,9934872,72010,40167,-
3332145,834992,72141,55268,-
3674786,2601239,72447,45996,-
3267053,1925261,72570,3006,-
10405200,10317247,72674,25643,-
6656008,6411471,73101,40780,-
3315253,1874595,73619,26271,-
14118280,14041839,73653,63280,-
3778536,1479535,73847,67670,-
3277082,1752743,73890,3591,-
9537727,9426703,73920,17346,-
14018834,13966967,74025,25752,-
3170161,1096129,74334,10296,-
5877277,5522651,74911,41911,-
3161409,428863,74927,3889,-
3249181,1236925,75450,7302,-
14381677,14311883,75455,57169,-
9986757,9873811,75557,30113,-
8745338,8542055,75624,59883,-
3459101,455405,76326,52080,-
4153105,3328152,76789,2124,-
3288609,125248,77063,23324,-
6263057,5733816,77218,68183,-
14412965,14355379,77235,20009,-
4879533,4223915,77597,46221,-
6803121,6513640,77900,36013,-
3357697,36303,78067,29055,-
10367136,10248079,78403,20084,-
60475765,60469427,78431,75031,-
4186040,516559,78480,77069,-
10751144,10636927,78725,29682,-
3398405,762339,78835,20597,-
9855489,9694168,79259,51026,-
8557937,8318128,79293,58480,-
21023065,20982214,79620,61029,-
7060330,6777127,79776,20373,-
3563729,1603104,80005,20300,-
16347407,16277423,80370,61326,-
4197865,2478694,80595,63786,-
3568469,219173,80856,40494,-
6513017,5760878,80985,80538,-
3977345,2625184,81375,31444,-
4826258,3435191,81465,72636,-
4964864,4034239,81520,59535,-
80000904,79998463,82178,33509,-
3584133,326531,82331,15675,-
4451458096,4451458095,82512,60155,-
3860488,681791,82805,56518,-
4424577,3308848,82811,42830,-
6283909,5828963,82943,40753,-
4244899,2810227,83286,49860,-
18544017,18487208,83307,56600,-
6706673,6316120,83952,11549,-
6952993,6467456,84227,62530,-
9874274,9697127,84240,27027,-
5722041,5031335,84825,53533,-
5692125,4474619,84995,80811,-
10409105,10212264,85397,55660,-
4938785,4064152,85452,11257,-
9339381,8932019,85519,83463,-
6814217,6380246,85728,40431,-
48214720,48206927,85856,7981,-
3820241,559504,86087,28458,-
3975992,1812591,86839,13418,-
6834557,6393307,87045,26845,-
55051057,55043713,87294,54300,-
7261937,6871312,87325,24900,-
3937642,1414951,87351,4662,-
7132733,6639451,87363,58795,-
7471657,6917833,87822,71790,-
8381609,8084798,87984,25743,-
8910077,8643533,88044,35070,-
7666393,7285801,89040,31422,-
21652393,21607191,89245,9159,-
11096449,10919112,89605,3006,-
6034705,5222912,89611,59828,-
10911233,10714095,89617,46427,-
5265074,4221767,89634,49815,-
7173213,6721115,89739,28171,-
4838841,3424279,89929,52751,-
13128945,12991432,90022,46543,-
67604909,67600107,90041,18095,-
4916985,1029287,90053,84927,-
4909661,3198509,90126,66576,-
23700368,23660415,90544,6241,-
92206241,92201439,90713,86023,-
4518041,2885239,90843,17957,-
4104904,668703,91081,14964,-
4711109,2361763,92241,66017,-
6641752,5488863,92355,86066,-
5764601,4902734,92646,14361,-
5144720,3944527,92991,12022,-
5560633,4579175,93337,12307,-
8121504,7639903,93401,60788,-
5331424,3712607,93479,70000,-
6613896,5716079,93498,71497,-
4328337,295376,93538,46089,-
4278009,1076183,93603,23059,-
4774241,1709944,93933,71386,-
5024433,3604256,94017,37070,-
5286085,4096357,94266,9342,-
9817197,9531371,94269,33677,-
7726025,7242327,94343,38011,-
6055761,4050880,94375,93454,-
241053202,241052743,94443,25980,-
4319635,324499,94740,8124,-
4469456,1992159,94777,28792,-
8648056,7931999,94912,90329,-
9648145,9332744,95465,38398,-
38768592,38749471,95576,40649,-
9965600,9668767,96237,15226,-
4761817,2351446,96474,53751,-
17400768,17241551,96578,86625,-
4993093,976851,96605,77703,-
8228385,7286632,96964,95111,-
5236912,3791903,96980,28343,-
9583633,9240896,97193,36950,-
5177833,2158990,97521,78672,-
13157777,12978648,97877,5300,-
5238657,1011488,97944,84385,-
8246585,7743062,98127,44346,-
6031745,5012872,98202,26309,-
5685529,4456407,98265,37817,-
57557080,57539039,98480,96071,-
6541504,5660879,99295,33790,-
8136473,7610270,99468,8589,-
8861341,7990091,100015,96205,-
4669105,912392,100208,21011,-
6358264,5385263,100216,7813,-
7482561,6824440,100271,11260,-
28412517,28369091,100567,40617,-
6737625,5737799,100745,61107,-
4788753,328240,101158,47447,-
17766825,17546999,101665,99693,-
6177912,3146783,101773,99330,-
4818792,1408303,101900,33659,-
5367049,2058118,102024,78273,-
4935865,319702,102066,58479,-
6611617,5315648,102365,73394,-
5622841,3279239,102547,75169,-
33954985,33916407,102599,68853,-
6831504,5897983,102742,38629,-
8917465,7979782,102912,97083,-
5784696,3143999,103956,82223,-
7059829,5449333,104172,92208,-
14123152,13919951,104522,26593,-
8349341,7175899,104569,98193,-
6702143,5512415,104598,61002,-
8876225,8316792,104629,45346,-
4942826,759095,104724,14625,-
5577849,3730807,104935,24521,-
11987729,11696993,105102,23448,-
7585409,6774288,105406,38213,-
13137704,12891663,105487,33146,-
89618497,89612696,105679,62272,-
5757345,2427464,106275,83654,-
6032761,1678199,106417,96463,-
8395077,7721891,107029,7347,-
7559552,6694351,107187,7508,-
26856473,26793590,107334,41703,-
8664520,7677327,107601,89414,-
5848209,3615128,107758,65079,-
5215069,1212157,108786,1950,-
6594314,2760503,108837,105822,-
5227873,20280,108888,38953,-
5209033,845351,108905,16337,-
5359361,151359,108931,60197,-
15600977,15221256,109223,106418,-
5996921,1584014,109332,91077,-
6615505,5263727,109483,9733,-
11099176,10695375,109520,3507,-
5309376,1759295,109585,10068,-
6335753,3647390,110244,87303,-
265914961,265914264,110247,18854,-
25296849,25219423,110329,11557,-
9891131,9355019,110478,8268,-
5317085,703227,110501,30611,-
5406177,1930136,110818,4851,-
6721033,5344006,110850,2331,-
6369032,1422751,111341,100446,-
8593637,7110581,111528,104754,-
7227305,5596262,111972,81927,-
12602066,12206759,112266,69729,-
13066970,12747479,112413,4950,-
5668778,2697671,112911,2250,-
46506552,46480927,113420,28855,-
17650865,17359824,113476,100435,-
5541127,1587031,113526,13536,-
18729689,18541958,113838,72519,-
5586861,1483579,114373,2801,-
6028017,3336191,114429,56863,-
5645089,2017272,114450,17981,-
6614465,3308424,114485,94982,-
19013136,18852095,114715,4122,-
17084249,16744183,114761,104319,-
413035397,413035011,115039,68807,-
5620831,1030831,115170,27240,-
6249797,3775891,115207,61299,-
10898165,10237027,115297,81837,-
78812984,78802927,115369,56550,-
19082449,18915288,115399,43782,-
29898881,29832159,115519,26023,-
6996273,4768760,115716,86003,-
39526433,39485760,115876,56441,-
7170113,5725776,115960,17231,-
11287378,10622071,116115,87198,-
18665801,18312425,116274,115770,-
276565293,276563755,116317,114163,-
14099173,13684611,117063,85015,-
91947488,91937311,118014,89485,-
6087816,2748079,118247,55318,-
7030709,3027797,118290,105522,-
5847271,904759,118374,41028,-
6475344,4181903,118531,31512,-
10218281,9533750,118548,41175,-
9144613,7510755,118583,109407,-
7442965,5051139,118635,96121,-
5873057,1221281,118692,38904,-
6128864,3151023,118757,13276,-
7059599,5047343,118758,70242,-
6085937,615312,119155,69700,-
5918592,398543,119330,46047,-
56452385,56431152,119353,3884,-
24250305,24074312,119988,100241,-
6334509,1063259,120095,81885,-
8921045,7667187,120137,84487,-
7876401,6509440,120532,36365,-
6470896,3790175,120665,46084,-
6238737,2938976,121431,9478,-
6636989,3676363,121471,70677,-
73014416,72993055,121869,104870,-
6373864,3306047,122000,33617,-
15657049,15329998,122046,60801,-
12568633,12033255,122399,65691,-
7429825,5689512,122577,21572,-
7039805,2158827,122801,102739,-
6459089,3416208,122951,32246,-
6166117,1582851,123213,1243,-
6400992,2955871,123542,43229,-
34532209,34466607,123713,3825,-
11756024,11155743,123827,33682,-
14274589,13620973,124344,109254,-
6277825,1657904,124363,43730,-
12464888,11928895,124369,1524,-
12699677,12157051,124747,55251,-
16184425,15833447,124763,72461,-
9584496,7796495,124815,113138,-
104551201,104541144,125058,96067,-
7181424,5008703,125073,5896,-
14515497,14085271,125089,66133,-
12146801,11529744,126812,30653,-
6385520,954799,126875,24768,-
6566809,1025302,127608,64155,-
6445905,846032,127707,33328,-
8419562,6802343,127785,62706,-
6472957,1256651,127841,38171,-
10024977,8073176,127959,120842,-
12661041,12016360,128092,70925,-
10429762064,10429762063,128328,86173,-
6688859,2959403,128514,27516,-
7949881,6023134,128826,53991,-
8004273,4926040,129217,103442,-
7687313,1942296,129260,113813,-
10351832,9381151,129549,37802,-
8620115,5425907,129894,118338,-
13544941,13004941,129990,3810,-
11871917,10924651,130039,95583,-
7898141,5896891,130205,21675,-
59164304,59131503,130288,86549,-
9183193,7848745,130596,14118,-
8895457,6962696,130654,93043,-
9335193,7443943,131005,101585,-
8086729,5916118,131118,71547,-
7072624,3807407,131450,12697,-
27930120,27732239,131570,112497,-
12748360,11471327,131971,126862,-
9276904,7414143,132078,96443,-
29977185,29863072,132311,1412,-
19447841,19168344,132356,48889,-
56639473,56577800,132448,129949,-
8217701,2313619,132527,123693,-
10085497,8937673,132600,40746,-
7269845,4038099,132895,50407,-
41382209,41294592,133030,107989,-
7582031,4913999,133068,43764,-
14678841,14119159,133147,76291,-
50778314,50737463,133194,31707,-
13242632,12138831,133357,121424,-
7196421,957715,133841,84475,-
110589329,110578368,133909,94744,-
50138872,50095583,134009,43820,-
9669905,8324527,134053,45813,-
15892585,15448894,134373,30570,-
38861648,38750431,134400,115207,-
9020193,5269568,134595,126910,-
8523041,4927464,134692,114247,-
16605993,16113911,134693,90135,-
16186856,15741679,135502,42537,-
8138257,5829096,135586,41577,-
8550176,4869775,135650,114351,-
10520769,9349768,135733,52754,-
9377665,6256992,136287,123776,-
8522665,6490942,136341,12726,-
15725921,15240384,136682,21229,-
54214792,54174623,136919,39740,-
20203905,19903327,136969,57167,-
8367779,3833507,137256,114960,-
14143456,13318095,137485,102336,-
8229301,5228051,138145,84175,-
7747240,3492287,138796,84623,-
9038417,2098576,139227,137108,-
9775826,5876135,139482,137055,-
13189937,12408881,139584,45732,-
8940557,5356253,139620,115986,-
8368877,5363451,140267,81791,-
8956441,4636441,140400,123180,-
13474200,12486047,140572,102231,-
60348432,60298831,141098,109759,-
7918368,4483535,141279,53126,-
15637025,15036312,141373,70346,-
29030337,28829456,141813,99982,-
60002736,59945215,142145,120728,-
54537649,54481848,142271,96774,-
7843093,190645,142734,90606,-
8084321,4805599,142929,14929,-
7563898,2226295,143301,12186,-
9878337,7632616,143311,99364,-
10690631,8312039,143334,122538,-
2896654049,2896654032,143603,40390,-
7664096,2011279,144376,52419,-
110410237,110389803,144395,132951,-
8585161,5021134,144486,91587,-
8186137,4701191,145159,28733,-
7922417,3593256,145699,21592,-
17302192,16636431,146568,103267,-
10257689,8245433,146586,86898,-
8631721,4598110,146955,94434,-
12660465,11597224,147074,35825,-
9406573,5254011,147185,121509,-
10207813,7093525,147186,124128,-
8093720,1135807,147314,87189,-
45866705,45771912,147356,105851,-
10467969,8688872,147615,63512,-
19048673,18284640,147812,133897,-
115360776,115345295,147907,108660,-
27701553,27490736,148130,20319,-
13155994,11879623,148179,104316,-
7996521,2882375,148337,42345,-
44091293,43998955,148453,84801,-
9806145,7690832,148634,981,-
11510280,9351679,148700,121537,-
16904328,16307135,148821,43442,-
8280929,404968,149244,92009,-
26797728,26564831,149338,12285,-
11484889,9233639,150125,121745,-
8435905,4516512,150128,21777,-
188440601,188435799,150353,26719,-
10189265,5755512,150626,137017,-
8521473,4646816,150894,12635,-
8548121,3869534,151137,81858,-
8440441,2821174,151149,86856,-
10126465,7671344,151355,88798,-
17166433,15898200,151507,150534,-
8820136,5402159,151622,7417,-
8600184,4707887,151815,27226,-
13119217,11770088,152015,98314,-
22161905,21458632,152292,146909,-
502320401,502319160,152407,141410,-
13970200,12649967,152599,112466,-
17110967,16440071,153222,62556,-
8253113,293335,153969,19001,-
26046425,25762839,154295,45097,-
20331945,19862167,154463,5557,-
9867997,7313581,154494,12816,-
40120855,40002487,154506,14382,-
22155961,21760654,154638,4521,-
11144481,9309280,155011,9050,-
16510202,15618743,156120,99057,-
16589997,15418091,156357,131957,-
10541313,3161816,156390,152549,-
8617713,3281215,156553,44677,-
9430441,6191494,156582,21213,-
35538202,35354791,156933,95964,-
8672239,2906767,157110,65478,-
9114074,5239223,157359,18192,-
8799281,3564879,157487,67577,-
10347296,7851679,158038,5613,-
14783026,13728919,158133,64842,-
10775441,4718664,158494,150647,-
36138266,35901719,158679,130128,-
9428705,2597952,159283,115342,-
21767498,21263975,159417,85506,-
59321929,59260558,159492,20121,-
13904280,12077119,159530,129227,-
9748433,3785136,159865,121654,-
8762169,2501543,160101,14993,-
10843831,7850935,160152,107460,-
11542384,8123583,160433,135708,-
17005504,15543887,160784,149075,-
15912400,14944607,161374,60253,-
22484088,21859535,161421,124748,-
12710722,11104951,161454,46323,-
43397361,43276304,161576,26589,-
9890993,6092736,161882,86015,-
9466573,5215371,162165,62171,-
11232577,8954696,162389,44122,-
10208128,4956111,162719,124590,-
10433128,7464671,162914,62525,-
10558583,7772615,163074,24216,-
11559985,8775552,163169,112494,-
9714904,5839407,163655,25806,-
15415645,14303307,164771,16593,-
10977577,6885241,165048,126294,-
9381424,1819983,165068,93741,-
10841773,6459611,165145,127109,-
21958365,21065947,165871,148183,-
11367000,7091279,165887,137250,-
11632017,8854703,165941,104955,-
16771573,15043475,166123,153251,-
27424253,26857915,166269,148579,-
10158419,1518419,166380,129180,-
9437984,3679327,167010,59933,-
9321969,1557032,167086,72015,-
45916865,45772992,167264,105617,-
9448160,3816687,167308,45451,-
9841097,5399991,167561,52013,-
10565393,7158831,167989,63365,-
9816121,3882279,168333,95849,-
13727887,11847823,168360,104784,-
10605794,7259063,168726,9363,-
10442455,94759,168858,134340,-
11465697,8666176,168904,80777,-
129328433,129310840,169121,89646,-
12910472,10484991,169343,115324,-
13207432,10309071,169523,139836,-
24194233,23340790,169698,157617,-
44265697,44122656,169719,53884,-
14321848,11035391,169850,166117,-
13379697,11505056,169917,78884,-
12619737,10540471,170177,13657,-
19156417,18342936,170769,52588,-
11025056,7791775,171475,39714,-
11527488,88015,171656,160499,-
24038961,23396239,171779,120947,-
42684120,42523759,171892,21035,-
13383664,11310143,171968,93359,-
79779961,79697854,172149,161952,-
18659696,17775039,172276,18161,-
10112522,2645591,172482,106893,-
25224093,24657035,173037,112769,-
16292975,13853039,173328,166260,-
92716193,92679535,173349,80503,-
10034737,4693136,173528,24461,-
25017625,24518327,173911,45151,-
9744680,1030879,174112,47865,-
20847049,20075902,174330,81939,-
12928209,9688568,174597,133964,-
47072288,46928335,174858,66143,-
9981749,3796243,175089,12607,-
15329930,13830647,175119,63804,-
14306407,12501511,175146,75954,-
33772337,33448176,175496,110669,-
13876915,11864659,176250,78042,-
17767985,16681192,176371,7104,-
9994712,2561343,176885,40358,-
12373778,7122791,176904,153405,-
18479145,17465767,177001,29159,-
38282017,38055408,177400,4857,-
33657872,33323983,177510,106913,-
11808353,8580960,178477,7462,-
10051416,881039,178479,17558,-
13793504,11632623,179284,64309,-
18975960,17938127,179596,67341,-
258521474,258516263,179766,26223,-
79643017,79586951,179767,68327,-
10288681,684375,179835,80927,-
378797041,378794600,179869,44840,-
10749149,5740973,179988,42642,-
10341296,2823199,180456,69239,-
291190513,291186240,180674,67983,-
10993769,5576678,180723,97014,-
11733189,7694467,180755,98003,-
13724449,11468952,180935,46836,-
11001921,797144,181126,126357,-
14810401,12763800,181574,95235,-
36898573,36615181,181920,85476,-
13944617,9827198,182133,160410,-
17869281,16518104,182466,97523,-
11531177,7338158,182625,71256,-
11970281,1959950,182820,155889,-
11819280,7103999,183105,113932,-
10434633,678071,183565,25143,-
12353825,9001464,183650,65597,-
10590305,366847,183813,82411,-
10722965,3122789,183870,87828,-
32194945,31814832,184033,67716,-
14475056,12216559,185058,77911,-
13321216,10563935,185210,53731,-
11405425,6745304,185213,3640,-
46503079,46316023,185382,72492,-
12112177,8204591,185707,77059,-
11715425,4172664,185740,136297,-
13310592,10488191,186256,32031,-
18553784,17247663,186277,84964,-
10885680,2429839,187490,79471,-
14016408,7827055,188087,178826,-
11049405,4537147,188167,37471,-
11663093,6764035,188197,68943,-
16887152,15223311,188239,75362,-
34463568,33862735,188287,170594,-
22255687,20457703,188382,186210,-
43221864,42866239,188555,163390,-
11751201,493424,188739,137134,-
18765169,17431752,189640,64707,-
16707565,12774637,189984,189012,-
13771601,10933000,190050,26201,-
13973192,5779711,190401,186928,-
11223104,4476367,190568,47475,-
11883096,6873919,191752,33391,-
11545377,3234808,191890,110531,-
26508457,25125431,193481,192203,-
108341665,108271664,193960,179929,-
11243265,872719,194111,30755,-
12925965,3012907,194561,162623,-
33867464,33373903,194573,124524,-
11443144,3276863,195217,57452,-
15496760,13039999,195374,82875,-
11470609,3525768,195562,40809,-
21707336,20601775,195950,56679,-
13449064,3704783,197197,171724,-
14140933,5754515,197309,183001,-
144102872,144074463,198205,122626,-
222169064,222156687,198575,129098,-
17738433,15891391,198989,24955,-
28096656,27369439,199171,101086,-
11855829,3512083,200099,66851,-
53244165,53053187,200573,4179,-
25622465,24743712,200623,84928,-
36726801,36287864,200862,106217,-
18265361,16429504,200918,73623,-
13423873,2778961,201138,166080,-
15779953,12890936,201155,110644,-
13473581,6402331,201405,152305,-
36253169,35830008,201446,38927,-
13930945,6596712,201474,166517,-
18613329,16816463,201583,80433,-
12867337,7629526,202641,18252,-
15696845,12960459,202765,21533,-
12153241,3754729,202818,84096,-
12899729,7417608,202868,81749,-
13338373,4267395,202881,156583,-
45899051,45615659,203028,94848,-
13967273,2437671,203497,177625,-
17673057,15569416,203689,70328,-
48786464,48537567,203720,82247,-
46289448,46005055,203902,96949,-
12048808,1844031,204292,32175,-
27915761,26949304,204306,144817,-
12212704,800207,204467,92500,-
12140097,2767456,204779,55574,-
36946645,36227379,204855,183241,-
12844403,6919955,205566,37602,-
13197529,7606263,205587,92179,-
15973152,10347583,206219,184510,-
12771770,5544167,206283,100536,-
17136497,13492776,207064,164797,-
228018527,228004703,207228,132900,-
12293914,926023,207519,40878,-
48438048,47952511,207584,197665,-
13925453,9394205,207906,41472,-
17211649,14725688,208933,8222,-
13882867,9065203,209388,54000,-
26647511,25610279,209412,119154,-
124837240,124793327,209611,105076,-
14056721,9285984,210494,60713,-
71854337,71725216,210917,64566,-
13505237,7757251,211107,56657,-
20558705,17916112,211284,175363,-
14690293,8854851,211485,147671,-
66651073,66476816,211531,133130,-
19709568,17779775,211582,75147,-
19210737,17161856,212381,27552,-
15261617,11483776,212479,37422,-
12698285,1226107,212589,42311,-
25446136,24344159,212764,9191,-
14594833,90656,213067,179920,-
12749501,2240619,213073,10099,-
17305777,14408991,213137,106299,-
13317157,6494451,213301,64977,-
13340193,1000640,213578,130749,-
63428432,63192591,213902,165071,-
56919361,56515224,214101,205946,-
16428961,7438064,214696,208729,-
17569329,12991663,214781,182219,-
18746216,16453375,214785,48292,-
15536417,10070256,214841,156412,-
176393593,176370551,215329,28865,-
13889405,8089419,215335,12211,-
44776056,44412559,215534,57007,-
23273920,21836447,215789,71638,-
20374981,18362725,215886,98610,-
19015073,16688040,216349,77986,-
117262296,117167599,216617,203098,-
13779840,7199327,216804,76391,-
320173097,320165703,217265,82183,-
14583480,7529087,217477,144654,-
13119405,2366347,217669,5053,-
17037093,10488851,217675,198297,-
13803697,7050241,217818,73224,-
20025096,16838095,218060,177613,-
369530641,369520424,218186,209303,-
16325179,4208443,218448,211452,-
49001713,48672776,218470,93233,-
13734768,711935,218971,130674,-
13339315,4131667,219066,1326,-
348876002,348866471,219759,184062,-
13435637,2747203,219885,90457,-
13277928,1403711,219894,18955,-
13604381,1525229,220014,114384,-
34044001,33325544,220141,99278,-
16703617,1698936,220411,218886,-
17260535,13956167,220434,89076,-
167171504,167142943,220727,67236,-
16247077,11447811,220743,142649,-
14428609,5255953,221592,145446,-
17869831,14876935,221652,15600,-
14279497,7678583,222013,73655,-
45814153,45404231,222905,97241,-
31421287,30342151,223266,156702,-
17310554,8016263,223314,216207,-
121498152,121406191,224041,198418,-
15261281,9778344,224108,99241,-
20457133,15338365,224286,221844,-
13631081,571399,224307,32339,-
15894977,11358856,224529,54484,-
61032173,60771531,226043,130435,-
22345281,20425784,226574,2859,-
14525592,1240063,226886,142555,-
55967617,55489616,227077,205826,-
17785841,10224744,227087,208726,-
17520465,5491984,227206,224665,-
14971049,8817182,227253,41370,-
15690533,1872675,227369,185489,-
14044408,2810511,227645,88896,-
16703512,12542591,227681,1484,-
14978413,8320491,228095,93849,-
14215889,4645503,228641,79429,-
17682416,14040639,228908,62353,-
32995733,32091475,229053,104803,-
22706344,20498783,229657,132856,-
14084225,1100832,229829,39326,-
39829993,39205415,230081,105487,-
22072274,19079783,230289,177606,-
15693457,6957696,230808,162091,-
21841632,19352543,230910,134659,-
14303505,3543647,231531,53497,-
93274609,93130728,231567,171946,-
15036656,3955359,231626,146413,-
134515857,134461823,232695,17101,-
14330498,625271,232896,28665,-
14364837,2712883,232927,27755,-
31021089,29854328,233209,129972,-
15435537,8774648,233559,71630,-
15778217,4979911,234097,168249,-
24560765,22771387,234191,10713,-
123884824,123799503,234593,173058,-
16255537,10740176,234976,53107,-
15003905,1862344,235035,133702,-
17634941,3777819,235037,220843,-
15210281,1356439,235473,144997,-
17142765,9387659,235833,182825,-
16069585,8977919,236027,134015,-
39239633,38413936,236153,158070,-
15821328,3170575,236246,168881,-
80482509,80283643,236587,163913,-
21217649,17939208,236911,158342,-
15724432,1919871,237196,163551,-
16829759,5037023,237942,194586,-
58768873,58270295,238219,208831,-
22682224,18027423,238573,225186,-
126006593,125933935,238683,120863,-
61423473,61100575,239021,138841,-
14951506,4152775,239145,12102,-
18065169,13048463,239187,141499,-
16538977,9007631,239561,149507,-
142643233,142550576,240760,218809,-
17690074,12944743,240882,8361,-
131650384,131571887,241318,161945,-
19128185,15118334,242244,99915,-
45807813,45168931,242305,150929,-
206890465,206858607,242551,158379,-
38273073,37271360,242721,169066,-
32530225,31371824,243070,87007,-
15534925,1601259,243105,126017,-
77479253,77284515,243199,13093,-
27107752,24390591,243498,208619,-
24971928,21135791,244200,225253,-
19760232,15978991,244276,93131,-
15479437,5021581,244488,55476,-
31049928,28471855,245132,238651,-
16891077,9249827,245535,140815,-
16470504,9246223,245711,75554,-
20661809,15780472,245747,187800,-
39425056,38608895,246785,65464,-
18049475,12930707,246792,54138,-
16317048,8527391,246806,61005,-
17793185,222449,246882,209280,-
15844577,1998736,246989,125538,-
45383755,44768587,247452,25872,-
24622441,22310566,248115,75570,-
20039257,15846238,248145,128958,-
22264008,18738383,248410,159585,-
48727729,48127448,248578,141889,-
16852001,5934840,248825,165124,-
16018921,1606969,248898,128016,-
18804936,6050639,248979,225496,-
15776125,2696379,249445,77013,-
19079656,14256879,249931,109896,-
27255569,24524944,250040,199605,-
23928025,21368087,250097,74689,-
96143136,96001439,250118,56109,-
15843233,1078920,251101,8138,-
30791959,29153383,251142,144756,-
56373841,55919424,251943,128006,-
19285381,14278019,251947,123499,-
24544349,22010523,252253,92707,-
73016471,72746471,253950,109440,-
16819313,8223688,254595,25000,-
16293144,3645967,254705,90842,-
16291688,4265055,255271,23152,-
16224307,2461651,255414,5418,-
21003665,17097232,255598,10761,-
40003221,39054659,256139,109239,-
20073521,4753960,256500,245837,-
25259057,22756351,256539,18551,-
20063297,15163231,256719,125287,-
19666168,3895535,257803,236524,-
101006137,100860553,257880,72018,-
17261441,4532575,257985,157817,-
22120625,12739464,258404,256045,-
36676536,35291599,258509,173908,-
17653969,8493728,258526,143353,-
21628345,17714807,258551,97271,-
27151161,22292119,258691,258413,-
16993651,7160899,259074,77076,-
18378361,11435014,259092,119811,-
16773552,4711471,259207,100106,-
18653218,1190455,260151,209004,-
20267728,10162415,260329,227594,-
20671489,12781008,260389,215286,-
30657393,28772056,260477,140740,-
16993019,6628043,260652,7266,-
430864067,430850243,260700,235572,-
34679600,33329887,261592,9849,-
19507561,3522359,261883,227447,-
18337681,10616664,263332,112683,-
23997712,20578911,263719,127968,-
17658072,8584543,263911,68720,-
21101857,10464456,264484,240711,-
17828337,1812712,264650,165775,-
46967993,46020185,264978,186774,-
21211600,9268287,264988,248559,-
46250273,45468280,265021,29634,-
181205040,181143007,265223,184564,-
886676753,886674640,265239,76538,-
49171273,48142870,265509,219822,-
19633241,13276334,265614,125793,-
17647057,7963256,265787,22348,-
18929600,6855679,266070,195109,-
20053528,14378511,266865,66806,-
24308233,20676166,267060,144639,-
20434666,14116855,267375,157092,-
19454913,9290840,267729,194248,-
17781760,1347647,268018,146443,-
17676833,3457360,268743,127712,-
28082065,22713992,270014,267383,-
18579697,10288511,270131,5681,-
21896069,1343923,270693,267577,-
20516377,14564686,270876,112899,-
79463665,79032632,270896,228701,-
19373347,3163843,271086,207090,-
37005280,35605727,271186,106051,-
29069841,26590424,271191,137366,-
17958857,4994743,271215,126587,-
19901685,13461347,271461,59959,-
19023432,10570991,272062,122409,-
17646737,466368,272156,54805,-
25073441,17125344,272326,269059,-
283420176,283379359,272489,256396,-
25548560,21535087,272702,184503,-
17709297,2073496,272882,17137,-
20859045,15161107,272977,78589,-
406613760,406599007,272999,204904,-
19543298,11987591,273240,113781,-
499187649,499179343,273251,158689,-
18456712,2508543,273819,159670,-
41887376,40467519,274159,199172,-
115295081,115086615,274277,226655,-
18486557,7513051,274291,123597,-
262490889,262461943,274357,133409,-
17905561,3576999,274701,27953,-
17913201,1952024,274728,81469,-
23665784,19467903,274939,112834,-
25616897,22295328,275044,47425,-
184358809,184301758,275103,96762,-
18627233,8991905,275172,40404,-
62939309,62420683,275303,138537,-
160204121,160128494,275469,88728,-
18252241,6391439,276199,1049,-
23848048,16600191,276294,237115,-
24770065,20663112,276384,152459,-
18444953,5394665,276564,127938,-
18237521,4221999,278203,24997,-
39375313,37737120,278457,189694,-
212493525,212422147,278861,245263,-
37202717,35190461,279006,207438,-
30764465,28313064,279572,132845,-
21727609,15999478,280173,5712,-
28730125,24650267,280687,224251,-
20739899,12666683,280704,161496,-
25680253,21920125,282024,93624,-
26690377,23090423,282673,133525,-
23194000,18216239,283204,2555,-
19905665,10244152,283461,137374,-
27337728,24061535,283933,31854,-
129213793,129082296,284631,63640,-
24157153,19467176,285076,103625,-
1035221689,1035219502,285291,142020,-
39982005,37969219,285455,224389,-
19219792,7069167,286590,27415,-
23930073,18801575,287983,115683,-
135692561,135443664,288233,287386,-
24522445,14064589,288972,265800,-
440163069,440147387,289097,214815,-
55952561,55194264,289276,69587,-
242977237,242936451,289593,117307,-
35041629,32970379,290995,64655,-
22361849,15499527,291355,126073,-
19389472,3668847,291700,1515,-
59425649,58712448,291946,119057,-
19418792,2890431,292286,2197,-
152834689,152720528,292372,161887,-
30555697,27515448,292670,137697,-
26700672,21862831,292898,187111,-
19615501,5307659,293239,44047,-
108393333,108135715,293483,201239,-
31535489,28812928,293672,43809,-
188412001,188297360,294140,262057,-
23517528,17644655,294416,789,-
19779065,705847,295193,109593,-
42566801,40883640,295240,185899,-
26566288,21940335,295318,155319,-
50179301,49124789,295554,114024,-
42683112,40169551,295597,269944,-
23225197,16849691,296449,67549,-
20271361,7933009,296712,94614,-
25609649,20478888,296723,146116,-
197621296,197539535,296845,206284,-
32825072,29282943,297211,222610,-
1059257600,1059255199,298368,111895,-
21660242,1381271,298389,217362,-
148627560,148507519,298570,38011,-
115163225,114922142,298698,200367,-
22568401,10343624,298732,221893,-
47584601,46202390,299340,181707,-
21292161,1025615,299395,200529,-
24446529,6170008,299572,281969,-
20189505,2480224,299680,110449,-
36734241,33456104,299971,251874,-
33008688,27759071,300070,283587,-
36731808,34595935,300182,75613,-
51344977,49681416,301094,259239,-
23113545,15986567,301107,80587,-
99029889,98674264,301435,215810,-
20469155,6810179,301470,26838,-
20789453,4694635,301601,156993,-
216485008,216412911,301771,207120,-
21844112,2152623,301991,213970,-
30596713,26984950,302169,160068,-
24517181,14684429,302688,237402,-
20391361,1644144,303407,20208,-
21313169,9274512,303829,137960,-
22820000,14880399,304418,30545,-
21806464,10239647,304535,162356,-
21987713,11855016,305060,131999,-
20887754,5016263,305112,133821,-
27096857,21725801,305454,174888,-
61331592,60415231,305471,196136,-
340276385,340251072,306208,27929,-
361908789,361885747,306305,125831,-
42750001,40945944,306414,160543,-
31454903,26097671,306552,259230,-
119104737,118896208,306739,50110,-
27116218,22252951,307305,26772,-
21731969,9463168,308292,139871,-
127790273,127470600,309323,283582,-
54614497,52507296,309894,307277,-
274782608,274733935,309966,205751,-
37101553,33425928,310365,258220,-
83585837,83139581,310572,11454,-
24985880,15077647,310628,231267,-
21372016,7104159,311401,18348,-
21438872,7515231,311587,43606,-
26153801,20264345,312726,44640,-
21502089,7204583,312749,19203,-
33553648,30282591,312794,144285,-
54254429,53140733,313074,72174,-
42084497,39731376,313918,214217,-
28380688,23545791,314475,71126,-
64448765,63653947,314493,20099,-
38518608,33694111,314579,308890,-
25598529,394192,315307,288110,-
26784509,8290443,316081,305093,-
21551768,2182095,316226,20321,-
771407351,771400439,317088,217308,-
26660953,13793806,317388,280365,-
29947717,21874501,317736,280608,-
22131016,8025759,317907,102014,-
257785101,257733851,317915,9375,-
28556129,19256152,318121,277200,-
23927304,15063503,318259,67932,-
33939409,30629328,318966,53639,-
73371752,72158751,319049,307204,-
31420465,26586144,319245,207136,-
29768753,24967711,319785,137581,-
25179184,15655503,320193,200474,-
3964777424,3964777167,320225,200138,-
48218400,46346687,320592,211249,-
24178376,13778815,321185,172068,-
44362747,40633291,321438,312564,-
129779401,129439335,321765,283051,-
27793637,7102387,322545,318485,-
49911761,48228400,323120,188421,-
33282368,25755711,323125,306982,-
37923208,34492415,323237,225526,-
46066697,44236263,323299,128365,-
22315495,3362359,323706,98640,-
35827787,32001563,324030,216396,-
25981904,16621983,324691,206902,-
23360309,9954053,325776,149382,-
56057728,54426495,326367,244772,-
117883961,117540710,327297,229890,-
33417777,26117728,327796,298675,-
22802905,1527337,328368,122742,-
31517949,26153627,328425,205561,-
145239621,144941555,328491,291095,-
27546400,20023919,328940,184789,-
132873745,132617569,329214,205860,-
44907808,42871055,329393,2038,-
44794145,42733864,329628,76615,-
26679696,9497519,329644,282021,-
34332584,30493807,329650,132087,-
23368817,9519616,329794,91281,-
25227144,14456383,330257,183644,-
28404679,22183447,330360,97398,-
88615811,88075811,331170,157530,-
57860641,56020784,332158,275069,-
78189205,77471907,332343,170029,-
43447984,40953983,332372,183137,-
24251405,5135837,333492,204774,-
30188985,20470807,333901,283997,-
24364039,7498327,334290,198516,-
23325393,5009800,334804,5243,-
77228185,76303479,335087,247305,-
192493256,192378655,335415,92936,-
156583553,156403455,335843,150293,-
40081816,36765455,336035,210056,-
26704978,16287271,336102,210495,-
23482389,4724963,336633,34451,-
104334592,103924863,337452,137825,-
420527472,420491263,337765,280526,-
26420117,17461301,338034,88374,-
27932125,17948427,338111,232893,-
976523048,976518415,339282,42127,-
26697224,16191343,339563,196428,-
26086705,12489937,339858,222774,-
49361441,47404480,339942,140605,-
32347027,25634611,340014,245538,-
24844745,12358839,340495,50779,-
42466393,39612790,340599,176322,-
35833016,31874559,340612,113471,-
23844561,1721864,341191,25782,-
43223889,40506808,341812,159131,-
433147144,433122783,341916,81287,-
25620753,2684000,342069,236096,-
24798059,9390347,342546,159870,-
60672177,59046248,342675,246464,-
32724136,27697599,342712,4017,-
71214953,70288215,343447,44083,-
25938685,6903037,343692,237276,-
32386129,26896352,343835,152072,-
24092897,1833496,343838,37299,-
24959713,10403736,344148,141065,-
30010689,23456552,344700,47537,-
30099833,16069735,344937,307699,-
26894648,3782415,345059,268828,-
530940289,530922368,345083,176686,-
24991677,5786011,345467,185021,-
29423144,20706847,345737,219120,-
26282480,14847039,345775,155696,-
24662392,8852271,345834,39239,-
59395776,57897599,345988,183327,-
24326049,387808,346048,86183,-
41804042,38648471,346062,177123,-
105702848,105153391,346133,250980,-
25146041,11323094,346668,48963,-
28827568,17187215,346868,257597,-
99046968,98542895,347004,127099,-
47171424,43334447,347399,308190,-
124142208,123826111,347471,4480,-
38858050,35308279,347865,59184,-
24656155,974779,348450,125238,-
30600321,24033304,348613,38062,-
101569517,100985371,349207,236043,-
46420745,43980809,349692,48000,-
30636409,16079543,349931,313043,-
27028497,16511168,350155,120564,-
536050344,536032607,350173,126210,-
24919984,6603183,350553,96362,-
24967375,3512527,350664,141432,-
28887653,4736261,350694,306930,-
85644673,84941720,351926,40123,-
60973560,59536847,352884,109261,-
34754920,29755967,353158,94261,-
59779793,58279168,353220,104965,-
40370481,36504160,353377,198650,-
240461897,240359486,353481,215208,-
25386176,4655551,353730,156715,-
1297929848,1297926415,354147,200612,-
49036736,46735119,354518,79567,-
26484261,4799459,354867,225971,-
25246696,5015999,355408,56911,-
244507210,244388167,355953,269646,-
40576209,36167888,356496,240443,-
38013281,29545649,356808,337206,-
40005952,36017663,356965,180734,-
41893704,37816303,357131,237464,-
52046001,49834360,357485,172624,-
398866009,398822183,357893,259127,-
84640618,83502055,358011,296364,-
117355873,116954545,358476,58314,-
39875233,35950320,358503,143272,-
26697245,3901469,358548,222300,-
97574189,96852939,359465,247495,-
28671856,16905119,359593,211972,-
115811345,115383967,359611,142233,-
52236009,48398983,359747,333763,-
59534266,57913159,359826,53823,-
226397737,226288391,359921,70249,-
26454973,11634781,360450,87882,-
27790929,736768,360667,259612,-
26876009,12249542,361005,155886,-
126521248,126166415,361036,37693,-
30311573,15724291,361465,288117,-
30090808,5656175,361526,316087,-
515928829,515907323,361567,95257,-
196209362,196057703,362001,134730,-
94197624,93399503,362242,249057,-
33426349,27165723,362267,93687,-
25902761,4777159,362513,25689,-
51276161,48934159,363233,123747,-
27043403,10979051,363930,173826,-
89395705,88657174,364026,13695,-
70550377,69349383,364317,60445,-
1302712271,1302705359,364464,363948,-
43979281,40589039,364601,151231,-
28033793,3516280,364678,256101,-
205418313,205274791,364693,146965,-
36185288,26082015,364867,330382,-
28068979,16186387,364962,107250,-
38661409,34095608,365464,132857,-
36589093,31462115,365471,19657,-
43530256,40111439,365578,96511,-
28880213,9485491,365655,270551,-
75933989,74452963,366041,290991,-
45286349,39674923,366423,333673,-
33507217,26753761,366444,144738,-
27882897,4989976,366562,243209,-
31484008,22932351,366687,180820,-
30146640,21008239,366910,40247,-
30544752,21646591,367574,99941,-
32886657,8850016,367852,358753,-
68967089,66676272,369005,338144,-
56362109,54322507,370005,241,-
27629441,3907025,370350,217056,-
31752705,14580272,370367,317004,-
339557264,339480303,370391,297122,-
64238757,61829171,370791,314819,-
101336186,100684919,371454,173061,-
27563905,11242272,371553,146692,-
27183248,10091535,371554,23759,-
279647218,279565111,372099,96510,-
1867599137,1867597216,372679,168732,-
185135493,184939475,372837,168767,-
27361848,245455,373343,180302,-
34264225,27441519,373989,55,-
27305573,5352835,374123,157443,-
29540797,18187451,374767,77801,-
31405489,5993808,375306,323263,-
38819909,29129203,375451,343449,-
5449286993,5449286640,375527,327898,-
28800653,14365035,375599,178849,-
28787016,15779519,375714,19819,-
303206969,303133447,375795,134687,-
296023937,295940416,376261,208998,-
34994925,14747387,376413,374041,-
90877817,89335118,376455,363678,-
29235191,16896839,376818,34632,-
29627465,18012247,376821,24617,-
32028813,21966155,376867,213699,-
61096117,57744771,377151,351557,-
39555705,34658807,377211,58573,-
28852688,15234751,377244,123185,-
30693697,2208056,377329,304832,-
53599297,51131928,377450,45333,-
35197173,28359571,377755,144179,-
32497473,23889880,377807,132836,-
119110241,118587904,378003,203582,-
28638592,8588271,379092,216629,-
625575857,625554256,379764,259859,-
37703160,31876447,380131,134378,-
40890121,36205054,380253,43614,-
32090712,15199423,381340,302641,-
29684560,15982527,381483,173006,-
197254696,196989999,381682,313287,-
32510273,19297000,382129,276588,-
30588657,3045871,382333,291541,-
31841921,21334120,382620,183841,-
788650624,788639103,382881,49276,-
36448616,29176815,382892,213835,-
43718053,34876371,383039,374205,-
33482320,23188319,383075,243802,-
3537382208,3537381583,383155,209040,-
33940993,25345368,383525,185430,-
34340509,17868267,383723,338385,-
32255581,6667275,384355,327039,-
95302399,94472527,384420,154998,-
160502977,160110591,384693,302291,-
31606472,2236303,384756,313405,-
45173704,37212623,384863,369862,-
57919969,54453167,385205,322567,-
80523053,79356955,385639,124341,-
82469821,81139979,385933,259207,-
49504416,46131295,386494,169955,-
76591653,74759155,386651,309151,-
31903241,21563294,386796,88647,-
125102833,124475400,387377,287094,-
178049576,177592815,387724,379445,-
46968712,43255391,388061,49402,-
49932545,45726927,388349,279889,-
270497834,270390887,388440,162651,-
29747477,9694901,388698,225498,-
33739349,24108243,389173,195349,-
37283501,30284669,390114,172668,-
29869016,14879359,390796,73887,-
199531928,199273135,390846,294617,-
21516523296,21516523279,390991,124538,-
33688897,2340896,391622,348203,-
31278273,2500520,392148,288593,-
32415096,12523439,392248,302949,-
57141792,54263551,392476,235391,-
473293753,473236270,392811,348888,-
30122913,14590040,392867,141882,-
32811653,14770995,392969,301429,-
205806809,205519934,393135,334470,-
43298801,38278080,393410,183601,-
33519456,23894399,393614,61893,-
78189489,75590287,394261,384875,-
32044049,20591088,394264,56459,-
33976481,22152544,394342,254109,-
40982040,28061887,394358,387499,-
68459624,66464767,394625,233784,-
410621856,410564959,394678,259171,-
31819237,11408101,394848,283116,-
28994545,2158712,394982,71281,-
103493424,102729503,395056,53943,-
37946008,19438895,395948,388219,-
254794904,254666143,396448,137961,-
30550081,15154320,397461,93430,-
129432257,128467416,397534,390091,-
51631368,48258415,398254,98743,-
6642360833,6642360640,398657,130284,-
29412993,2631800,398798,107589,-
30350072,12941103,399365,136892,-
1261595065,1261589079,399563,235845,-
35489933,21278091,400385,311111,-
37346489,24173223,400919,331853,-
2109802657,2109800568,400995,212534,-
34362257,22474096,401024,240747,-
30009247,10323871,401256,35448,-
74669592,73080143,401646,22465,-
295867048,295767615,401739,86282,-
38268824,29844703,401859,241166,-
29806357,3222771,402101,132147,-
170711697,170341072,402185,280250,-
30562283,13209275,402258,87648,-
38441648,29739775,402588,255103,-
36285353,15404390,402627,365466,-
79291496,77856399,403453,96172,-
104640667,103768891,403458,208842,-
61807689,59328103,403679,164809,-
94574504,93553807,404433,135790,-
30423280,9534959,404680,147467,-
31517305,15902967,405741,116443,-
57704225,53577329,406062,325020,-
167532673,167104040,406277,305882,-
95438353,93758600,406441,365302,-
34887121,13159200,406560,336763,-
34465355,23847659,406770,3894,-
65049173,62137923,406915,298225,-
52546296,48983519,407424,36793,-
71370989,69379323,407693,210601,-
48034553,41851526,407793,315210,-
32960425,13326214,407847,275640,-
43709530,32453959,408435,382908,-
34554673,23673080,408748,94093,-
37161112,11262191,408821,384932,-
35184043,9871435,409722,346482,-
78120597,76542563,410095,72693,-
90473353,89283625,410166,151686,-
66530529,64315072,410248,105545,-
31532577,6653791,410281,228439,-
31487152,3431183,410333,230600,-
45181521,35131784,410356,378459,-
36107509,2468403,410361,369809,-
53092000,49500207,410388,9019,-
66439557,63294131,410527,326109,-
35277025,24892184,410569,88960,-
35791512,20955263,410847,300520,-
33026712,11532991,411088,277519,-
36276400,22259567,411221,300128,-
32227706,16640039,411456,119493,-
67938847,65498911,412692,244608,-
32544225,14852752,412937,214472,-
31683728,13833103,412945,94770,-
30971705,5733607,412959,144731,-
50199681,44867344,413072,289951,-
42225616,35818239,413808,60479,-
64974385,61062192,413856,362611,-
30966506,1281815,414120,129561,-
53049885,49235947,414193,150251,-
31897370,14155319,414714,78315,-
40160617,29923081,414858,302382,-
33956869,19824853,415938,194544,-
33498137,10189766,415938,285033,-
31177778,6637991,416220,38547,-
32534345,3809239,416595,255503,-
57379553,51256080,416792,393929,-
79834257,78206816,416844,131093,-
38541329,9784207,417467,401325,-
48639833,43287111,417505,244597,-
31487944,8910687,417945,16696,-
35634689,23107968,418034,220699,-
46882505,40994839,418435,243153,-
65211713,62114616,418450,289301,-
47151049,41799838,418551,182268,-
35369705,23292902,419076,166377,-
163440705,163052272,419788,24689,-
31528072,768111,419797,129612,-
34880625,22215727,420829,102437,-
645484408,645451631,421175,312206,-
34700569,17847358,421176,260883,-
54675904,50913167,421201,38170,-
39569616,31158991,421325,117880,-
33833561,15374174,421359,244506,-
32238097,12392688,421626,7255,-
32053522,9506551,422007,137508,-
124674912,123496751,422137,388014,-
32414240,12712879,422670,96487,-
48495497,42538622,423165,266070,-
33516624,17066783,423432,151991,-
110355237,109465171,423793,26611,-
34141501,11186749,423864,279684,-
47377433,40613150,423987,289668,-
40558272,32511263,424050,65843,-
35020544,21810847,424834,25005,-
38198506,20158375,425355,348852,-
41316297,31142663,425843,293685,-
45541816,39285999,426507,164492,-
58167497,54669566,427542,4653,-
81935409,80240303,427553,68481,-
53610344,49235023,427644,189331,-
34121360,6227199,427882,277915,-
37327010,8008439,428025,365928,-
33402593,15075640,428474,108147,-
42646721,32780440,428488,304785,-
43452001,29331720,428624,389655,-
33241769,14313878,428766,40467,-
38648377,28641502,429465,121110,-
35964949,21426707,429479,227105,-
71929169,67802273,429594,403056,-
37164577,25609343,430465,118951,-
49436498,44185511,430605,114912,-
38830877,26657981,430914,267582,-
849700072,849682511,430957,243964,-
44180433,34492360,431386,320633,-
100075103,98512991,431796,327060,-
33910352,12409711,431957,218232,-
42962089,24341687,433735,414373,-
134898074,134068823,433956,312441,-
42516602,23348951,434076,411321,-
33389105,11225272,435008,15603,-
71427597,69002411,435203,19659,-
105499857,104397416,436359,114562,-
33390337,8414712,437460,54145,-
257932480,257748767,437513,524,-
186537521,186093400,437663,312690,-
182708560,182109999,438182,388935,-
57755985,53223887,438501,264781,-
50021489,43485864,438575,277510,-
43587152,30727183,438833,359550,-
41577297,23337736,438892,385381,-
44131259,36058043,438984,209616,-
33942056,11830479,439192,124621,-
106965136,105855359,440059,118586,-
40986401,28300680,440125,305074,-
148061873,147381720,440257,288814,-
36060344,4324623,440542,309233,-
48219743,41245535,440808,254484,-
39596945,4847272,441308,393771,-
40059992,22220031,442789,349246,-
37220568,23381471,443769,7660,-
37979213,9595755,443803,350573,-
263808449,263621393,444468,13086,-
64539053,60384941,444504,313020,-
35161057,16317888,444745,26556,-
53445233,48416751,444745,78937,-
244927649,244654648,444854,315549,-
58372925,53382187,444921,295189,-
55975473,49505336,445663,347670,-
68054657,64822911,445781,239939,-
39078325,26560979,445855,194209,-
37395631,13846015,446310,315936,-
82014733,79989051,446865,10259,-
36618369,14819983,447071,277123,-
96291921,94810504,447769,139426,-
52643169,43453088,447849,392012,-
62803703,58676375,448518,268926,-
36556537,20277623,448645,32141,-
37496545,1481807,448951,331603,-
36479711,19883999,449064,65436,-
36527056,4746431,449515,297170,-
38066721,11216600,449730,336637,-
43757296,23191119,450044,417171,-
55033375,46205887,450678,404514,-
43328869,11914643,450863,442477,-
59832097,54643536,451178,312963,-
35124539,12328763,451212,56988,-
43815313,34857361,451440,123048,-
45189971,34732115,452340,303816,-
34854521,677894,452346,147567,-
146064057,145287191,452457,294767,-
34743289,2080823,452477,59909,-
79803165,77523787,452549,139033,-
46915449,39142423,454019,168259,-
292603169,292416832,454777,266640,-
38878601,22590279,454937,257593,-
35387945,10539799,455393,108405,-
37293345,16009112,455606,261501,-
35081616,3568639,455717,14678,-
70960745,67978622,455778,73317,-
40310528,17213455,456298,361359,-
38494841,21236679,456341,253031,-
35795719,986023,456714,220326,-
66745953,62861135,457107,269801,-
50492402,43919063,457200,133791,-
47542509,29603563,457433,440737,-
57276698,50783495,457614,338193,-
41383483,20989195,458046,364272,-
39989113,27078550,458238,2463,-
107544173,106247741,459144,23970,-
72993245,69410667,459281,316261,-
36616207,6535183,459600,254496,-
71032349,67896123,460949,127229,-
42915185,23402177,460956,381006,-
71466177,68351711,461521,131769,-
56090821,48483219,461793,361243,-
39942048,4670975,461908,366783,-
37064321,13831560,462130,227141,-
48071882,39164231,462204,270819,-
37793009,18455248,462627,208456,-
40501241,26355374,463227,213696,-
35929000,6284927,463429,52534,-
60359928,51429295,463814,440359,-
64270577,60250248,464798,99215,-
40095653,21365155,465027,298541,-
54420136,46679919,465164,335253,-
207040704,206646287,465462,246385,-
107581680,105936287,466003,308886,-
60081809,55361008,466103,60738,-
37165617,15975248,466192,70515,-
107419459,105867283,466302,274524,-
88165010,85958327,466371,231534,-
38641522,21598231,466731,114138,-
36383824,5653199,467405,126440,-
39317017,23192806,468414,112521,-
46112912,12090751,469087,467748,-
36986552,10670863,469937,157290,-
55311657,49346471,470521,81207,-
71169041,67756824,471446,40489,-
308079377,307893903,471485,240821,-
41218577,27406216,471548,34869,-
44633681,25806024,471899,385748,-
49970513,32774280,472042,447001,-
344519509,344332787,472093,359915,-
153548306,152777159,472212,259701,-
36805921,3055064,472451,54614,-
41183681,19119424,472992,336431,-
36941137,3906656,472999,131362,-
59587337,54406471,473211,139907,-
164875176,164256095,473507,72750,-
87075681,84796639,474031,40849,-
65196241,58066584,474114,418951,-
235313749,234939637,474510,326406,-
54171625,45206329,474540,354966,-
53147938,46264855,474624,137217,-
226146344,225708943,474833,356454,-
41418229,10918597,475086,370320,-
43989992,31994367,475390,189925,-
40663112,25224783,475411,100660,-
67812209,62038488,475646,384593,-
40539697,13959056,475826,335329,-
93874401,91891919,475827,84151,-
49603373,36570365,475896,384462,-
40281960,20821567,475966,266101,-
44226849,30479503,476141,287113,-
97913921,96042600,476360,190159,-
323265816,323099215,477400,126931,-
39874192,22414383,477435,115568,-
188928049,188438568,478029,88388,-
294822865,294475272,478332,442043,-
37434929,3755848,478451,47544,-
46799024,13568223,479048,466439,-
42439944,5842927,479380,391243,-
50131625,38612102,479517,353142,-
43445002,4444231,479601,412686,-
119366713,118096606,480795,129204,-
40946913,18082216,480830,310451,-
42164873,27801735,480881,6769,-
38507248,14443391,480892,156895,-
48530698,24249031,481155,464232,-
610749016,610689135,481310,339831,-
55526209,48751608,481564,198351,-
82359329,79609968,481802,121027,-
233671033,233211790,481863,381426,-
130316897,129222568,482820,175273,-
86393113,83848535,482951,173831,-
39816849,20357743,483133,119533,-
39443665,5741552,483362,284921,-
56218121,49623209,484014,156414,-
39748049,19545688,484859,89664,-
138612877,137540653,485130,277578,-
80630609,77625807,485215,178687,-
77307145,74063607,485901,47447,-
75640481,71799960,486070,287261,-
114283937,112299168,486356,378265,-
38887673,9797630,486486,207543,-
42150337,26418216,487018,117579,-
306244664,305945487,487430,407761,-
41951968,25832415,487747,29274,-
38426266,2296999,488028,35973,-
39562705,2713752,488583,264842,-
47979025,25387952,488629,438812,-
42348889,7079518,489903,366246,-
48054529,21079688,490124,457727,-
41518977,23668696,490304,151073,-
89087917,86590731,490337,17487,-
92669786,90366119,490491,51384,-
74794759,70695943,490692,290424,-
523264705,523188912,491439,250228,-
155510029,154503003,492047,343797,-
162182225,161157919,492325,383223,-
55447413,48160355,492351,37331,-
185526449,184954408,492612,14893,-
71813665,67668912,492614,200253,-
1312721833,1312701070,492699,469062,-
74232607,70237471,492708,245316,-
41448057,22955831,493041,63073,-
58510969,52056183,493363,41691,-
154073317,153221331,494353,157539,-
141518656,140437439,494672,260273,-
50646321,39438079,494773,304903,-
43826712,23847023,494775,321562,-
79175585,75849712,494778,72227,-
40812226,2827735,495582,295605,-
40493425,4873664,497297,267530,-
40196608,15044655,498066,46151,-
42438226,24269575,498105,155082,-
794335840,794273807,498161,486086,-
193665896,192818319,498554,426769,-
155244776,154364719,499079,187266,-
47266001,33203344,499653,285712,-
49905857,12439951,499849,494811,-
84528465,81301072,499954,252967,-
94341152,91812751,499988,238269,-
164488721,163658849,500202,257844,-
42660849,24328672,501475,1768,-
48737536,31894239,501696,375929,-
66287072,61074591,501838,70739,-
40995377,1793736,501862,271777,-
504078314,503988647,502569,259650,-
41376578,16441511,502758,223665,-
41002160,16326559,502995,154442,-
56517425,46404737,503154,358452,-
106652929,104701608,504566,154011,-
1095839537,1095821496,504883,63056,-
107861201,105957535,505035,121849,-
44771213,28572955,506337,161813,-
40458881,2027304,507278,25669,-
51654629,36679827,507529,385675,-
274787072,274480351,507843,231806,-
474843961,474733559,507887,300223,-
113123905,110125632,507889,461964,-
312529561,312259534,508326,332943,-
46149936,2246255,509175,419822,-
551905552,551822031,509388,307853,-
137866873,135795406,509550,470343,-
199334897,198688336,509553,311434,-
46899097,31223518,509610,269439,-
76722953,72042665,509622,318258,-
42182105,15383849,509880,248718,-
57278373,49359875,510013,25179,-
251377241,251014519,510051,177091,-
241803105,241411807,510059,170333,-
40868545,7918609,510210,19956,-
51120272,40297743,510415,129286,-
773642881,773602064,510559,270284,-
41605393,11655311,510893,219205,-
57060521,46516135,511215,360209,-
227673584,227221647,512047,193250,-
50072897,38405536,512138,101547,-
86067184,82830143,513007,39344,-
42776153,20752071,513139,37175,-
132644360,130634127,514486,430801,-
63591073,57143160,514531,147306,-
55473457,46493391,514549,102117,-
49291760,24123039,514780,434071,-
43143697,14343903,514881,290035,-
57035314,36107047,515085,510792,-
43388496,21071119,515747,199144,-
166166433,164665520,516131,478086,-
42509617,515823,516205,276117,-
77953937,73827041,516774,44496,-
48799121,1274344,516962,460023,-
120277008,117009295,517094,507823,-
68960656,63387359,517346,200771,-
48603488,8154175,517871,453636,-
67876744,62010207,519389,197010,-
42622769,15607008,519412,170509,-
48580225,16880352,520494,436933,-
1070633480,1070612079,520562,112265,-
54793009,43263407,520625,316687,-
154593777,153464456,521551,282702,-
56828688,44876431,521696,371645,-
178436488,177654431,522221,30170,-
89209441,82807599,522287,510141,-
86321744,80490687,523855,464204,-
77962801,73317505,523980,257226,-
48790545,34136872,524204,171083,-
67192237,54151931,524263,512557,-
64502497,57761823,524445,28997,-
120624161,118830984,524488,194873,-
47855065,14539127,525547,416987,-
281686408,281238815,525559,416468,-
42856520,7125087,525863,208288,-
737601901,737550651,525925,290655,-
46724233,8152006,526950,395067,-
54895633,43742936,527029,260140,-
107026729,104725623,527383,73851,-
48094977,32157928,528122,119195,-
127714511,125945039,528528,292896,-
361524170,361307927,528573,285882,-
81512825,77373847,529121,34167,-
43057649,9274752,529777,126650,-
98487153,95691520,529816,127939,-
49811473,27375951,530655,392689,-
93890033,90774975,530671,138947,-
48274496,31931775,531013,144130,-
43681397,3867363,531193,246155,-
95147141,91059459,531229,404141,-
45002273,18420376,532861,255570,-
50322152,1949551,532962,464969,-
73757440,68012559,533710,272433,-
46726453,11562435,533899,372351,-
45541729,21313103,534037,242143,-
43621837,2266491,535051,179529,-
80352624,75645983,535283,248802,-
43927112,12100783,535335,171214,-
96326051,93267059,535896,15798,-
62811913,51857446,536187,400410,-
49000209,1573672,536780,431371,-
44851973,19262115,536879,18991,-
53694417,23288696,537031,492846,-
45918789,23736067,537071,125465,-
135090417,133535216,537443,164748,-
235841617,235339536,537678,69607,-
200728849,199909248,538046,349143,-
56727752,43092511,538206,369421,-
357106784,356858127,538244,324835,-
44411873,14933560,538504,115191,-
44837153,17145960,538873,166888,-
1040186977,1040158416,538902,302419,-
55952680,41059167,539094,382877,-
52351296,33300559,539372,384749,-
81330370,76383079,539562,294945,-
52433521,17996784,539857,480678,-
311791433,311244710,540228,521553,-
124983034,123132967,540615,40698,-
52293049,38527558,540801,128562,-
327632474,327157463,541296,508569,-
172950832,171988031,541387,56602,-
53034969,39815063,541457,100863,-
50763349,34570883,541963,238249,-
46061962,22209271,542742,45483,-
93414161,86945304,542953,516166,-
44429849,6496983,543223,136969,-
227521745,226949872,543481,191454,-
45496919,11924903,544212,262758,-
53034097,4919816,544244,497603,-
54055857,41212976,544386,105857,-
44555312,6235663,544975,3378,-
181034641,179312689,545118,530826,-
109817841,106648520,545167,389670,-
69951161,61820894,545403,363864,-
240428633,239881046,545418,281175,-
97551995,92640587,545538,459816,-
130758737,129000616,546149,41496,-
108619313,104566975,546207,470819,-
62947714,51472903,546261,393624,-
47158497,22605871,546301,255409,-
44792629,4490387,546385,160063,-
50422408,16082111,546554,431915,-
175826185,174845302,548418,51477,-
52883073,38257471,548615,190279,-
157411561,156097174,548694,281187,-
45191049,4823863,549017,190771,-
63974673,54723055,549671,285791,-
107591840,103241679,550175,480766,-
57159928,35782415,550237,471152,-
48015178,25365175,551082,215301,-
67429057,58826856,551904,317969,-
72141584,65579103,552167,146972,-
154053313,152568120,552239,329028,-
119130217,114692281,552798,545604,-
70064741,63024259,553137,46703,-
49378961,29232504,553301,202952,-
61014893,46554955,553561,424089,-
68573050,61090567,554376,35613,-
971648453,971611155,554411,325009,-
104646225,101640632,555353,168774,-
55733377,25579791,555729,496979,-
281575736,281133039,556108,312139,-
48630897,24947816,556399,245682,-
75037819,68785483,557862,119988,-
47535209,20512502,558105,204792,-
72942096,66261839,558296,51987,-
58229221,30261299,558949,518209,-
59094865,47696977,559272,71412,-
501959360,501829039,560196,475,-
79035345,69739087,561163,485059,-
60784865,49051512,561506,290893,-
63077048,39107055,561973,549868,-
113813405,110909947,562617,314471,-
48602457,24110903,562861,143325,-
57644195,43868579,563688,280140,-
258597505,258081999,563705,217557,-
54678307,39527203,564000,151752,-
128654625,125689759,564233,454055,-
55813025,36844512,564643,385994,-
47414105,7678502,565767,246294,-
63178600,52783967,566348,217433,-
50433953,29062216,566350,170979,-
54791360,39123087,566902,190703,-
101358625,96130632,567258,471491,-
64533993,54774631,568277,107395,-
76058901,69221299,568417,250303,-
141165869,139310203,568523,266127,-
69866104,52974303,569987,542826,-
53196417,27978856,570401,388492,-
63502161,53106304,570521,137062,-
57938114,34108103,570693,469848,-
51720144,31826863,570742,22823,-
78110449,71802527,571111,14035,-
52573521,31888184,571276,282597,-
47806273,5815256,571510,220843,-
80445337,74500558,571761,122430,-
75925832,68867311,571817,253998,-
47591483,5064971,572460,127974,-
50134497,12960896,572478,358003,-
72308065,54952544,572777,568540,-
48174160,13297407,573416,191169,-
60645365,48360259,575115,152719,-
63800681,50868950,575235,369198,-
74649240,66721919,575414,310725,-
63594973,37036235,575813,557303,-
102852888,98262815,575866,413709,-
54699201,33295744,575983,359408,-
110121633,107008216,576025,26848,-
94132336,89739135,577446,123515,-
161131193,159661070,577623,215202,-
51890114,28783703,577758,258219,-
48380353,11075775,578349,33499,-
260985301,260434899,578799,35351,-
48302161,7054784,578924,62299,-
64199320,52163007,579384,316081,-
166912385,164829904,579387,493270,-
133024488,130672015,579854,313327,-
60343712,47359311,580364,88621,-
57452493,28159771,581017,480595,-
310678385,310283537,581298,51078,-
78370560,64749839,581347,556140,-
48930344,12730303,581391,169756,-
129250345,126823527,581833,262569,-
83301617,76964383,582099,292615,-
48945739,12878923,582492,396,-
112549493,107758435,582879,492851,-
81831913,75463990,583464,219897,-
52124313,28927175,584079,179189,-
49667385,17591207,584193,156853,-
53925889,26781423,584529,380069,-
76076117,67649091,585487,338947,-
59692061,43459675,586197,334555,-
53565649,27005408,587488,349243,-
53522001,2235184,587623,429646,-
59137953,43671295,588119,249871,-
335356696,334976735,588860,297287,-
50763929,8550158,589182,313743,-
56304967,38672023,589344,74130,-
295418520,294956447,589481,80172,-
97837761,93423760,589820,99247,-
60922384,46329023,589862,273749,-
61279184,47288223,590359,232024,-
66799809,56089688,590453,90726,-
61644077,45630571,590823,363121,-
254179015,252955159,592290,579792,-
1911095275,1911080587,592326,441042,-
227198449,226058768,592664,478051,-
82887329,72624768,593684,499367,-
50416259,698243,593808,248532,-
64724749,51525853,593832,316242,-
56660273,27414648,593930,438175,-
80140967,73048391,594462,79122,-
263195425,262455992,595321,407704,-
81628181,70361859,595871,513421,-
54902592,12452351,595988,439743,-
77257941,63843139,597037,521311,-
58609027,34219603,597204,429570,-
101470945,96883104,597709,296910,-
53294618,28698455,597762,88131,-
53588789,3270883,598129,401043,-
82172153,75274615,598147,133269,-
77453992,69543263,598514,48035,-
63218577,36093896,598562,527241,-
50584847,10148783,598566,72150,-
54854473,16606695,598661,423051,-
55677553,35327120,598723,57884,-
86125241,79006375,599065,360483,-
51209129,17122358,599607,54624,-
109981087,105985951,600492,314196,-
170944888,169070655,600544,424401,-
51068873,14054535,600937,34903,-
77456561,68798304,601408,301331,-
57953337,20261191,601553,485101,-
54337761,30610424,602106,134387,-
64415809,48704833,602232,377052,-
60284881,3488399,603491,542171,-
314037049,313557718,603939,304176,-
106247217,101990296,604129,269294,-
96778880,91782927,604178,54641,-
100936576,96324255,604205,191982,-
62172461,21905275,604821,556625,-
54159360,22926127,605383,334358,-
51570357,10402771,605807,191153,-
89561953,83519240,605938,178477,-
53415889,25235552,606790,166663,-
59305401,23434151,606885,495055,-
200008416,198838399,606917,250118,-
57693617,37991296,607088,192339,-
61513169,44789023,607097,289941,-
54098688,24963935,607527,284428,-
53286113,24669775,607587,50663,-
133393233,129652255,609763,486257,-
82512360,70428767,610851,520138,-
672952561,672848504,611486,198001,-
61490021,41200915,611615,387837,-
472563745,472337832,612611,319602,-
74366688,64546655,612829,190398,-
142870307,138162371,613806,608334,-
52481489,12974968,614139,102656,-
54055568,18002191,616241,298170,-
55338136,29327439,616248,66131,-
120184049,116603424,617885,263540,-
87159986,79147655,619260,372603,-
59716768,33420335,619534,410183,-
65371141,50779045,619830,169242,-
62597089,36482648,621257,467476,-
72411178,59312695,621471,384456,-
157050336,154986655,621865,184304,-
58700897,37475272,621960,25495,-
171375281,169585200,622520,277139,-
54727557,610003,622835,340423,-
72245941,60823429,622968,195378,-
60621145,35946119,623939,396745,-
89329490,78841799,624651,515280,-
224651397,223607363,625251,259075,-
92096219,84302507,625890,411036,-
77562736,66954959,626207,335626,-
99393137,93893208,626365,122164,-
56358745,15856487,626579,380177,-
66336683,1210955,626706,609114,-
256885185,256079144,627110,257739,-
58578901,33905859,627299,291183,-
115134017,109762961,627798,469152,-
60599985,38755472,627924,306899,-
57333145,14400742,629301,411384,-
2873789073,2873782735,629329,114241,-
56418488,28011535,629489,155478,-
85442425,71390487,629513,566337,-
70015969,56953928,629888,180983,-
75717417,65074951,630983,50273,-
71731281,58821704,631259,286836,-
1707970584,1707945023,632766,501749,-
120459441,114235919,633367,556977,-
213610448,212348895,633859,318178,-
65867825,49534264,634160,223629,-
235540325,234534197,634278,264456,-
64843761,13051544,635151,572842,-
57310001,14643144,635489,385126,-
183430337,181585656,636568,376687,-
133317689,128367833,636678,547626,-
92086136,85100511,636925,18130,-
192171637,190170181,636996,483822,-
56167361,4756879,637099,333273,-
74029801,62226759,637109,6837,-
60326896,26073695,637913,436280,-
481555085,481222059,638681,505175,-
84730057,76124151,639387,74879,-
56723697,10970056,639634,342769,-
60071681,36619599,639901,8273,-
230472409,229399527,640295,213819,-
68110001,52124344,640429,279684,-
89177176,81387519,640522,204891,-
55360601,80990,640707,184320,-
59938392,34793983,641051,256610,-
79075360,68708607,642196,11007,-
126354505,119861302,642348,594657,-
58473865,12036862,642714,407421,-
79795685,69231987,643117,268393,-
56130573,17532955,643217,130117,-
60947777,34363416,643243,347738,-
109582689,104597983,643421,109099,-
58090823,11856455,643764,387768,-
80505264,65120623,644564,519787,-
58724376,30942415,644749,94940,-
149950232,146087023,645568,532245,-
105579391,98051359,645702,495726,-
59677849,33577273,645738,168858,-
58419160,29420639,645772,19865,-
62758651,40366795,645900,292926,-
190516441,188394025,646050,482808,-
7565915429,7565914227,646121,423395,-
100041720,88487087,646233,605026,-
2141030633,2141015991,646411,404455,-
195231305,193671542,647301,192438,-
57685249,25072728,647574,135269,-
89122165,74662067,648161,582569,-
100363673,88803991,648417,604865,-
60967642,36581431,649173,90522,-
58992776,1279119,649244,407683,-
62451497,23380526,649452,479553,-
57158049,20572424,649565,38250,-
81491993,71199350,649893,207696,-
142345913,139158590,649932,323931,-
68715317,1730323,649933,618165,-
58829648,29017695,650246,140963,-
99737857,93333176,650561,16576,-
74780587,54555211,650718,525942,-
204862589,203427917,650772,63270,-
102817585,96404624,650975,326626,-
109444400,103935487,651967,294132,-
71146824,46291199,652060,532095,-
149921409,147189808,652127,15332,-
61098685,27198349,652380,404718,-
191928225,189524959,655217,528415,-
211325989,209313733,655242,536262,-
63884184,23857823,655794,499373,-
237734661,236320099,656183,479863,-
58506245,23165189,656604,210480,-
67447096,49293135,657566,96705,-
71328719,53495327,657900,387174,-
480015001,479742814,658446,92799,-
68857328,48303855,659723,394988,-
65689937,43039312,659810,345255,-
70197825,53695919,660223,181845,-
67364362,45427591,660276,384621,-
68471505,50757472,660436,34309,-
294949088,294216255,660896,43823,-
66317353,46226950,661584,190023,-
57702433,5501808,661895,68340,-
149892976,146722799,662249,360274,-
333346840,332684687,662717,406876,-
67396073,30005150,663681,540108,-
407299945,406818454,663687,461400,-
58040736,8344415,663830,165603,-
95331297,87595376,663832,91017,-
162653473,159702848,664070,434045,-
96879104,86248479,664115,520070,-
122453937,117841616,664272,266707,-
90581681,80871664,665246,368577,-
213875153,212409376,665350,248199,-
92528333,83998925,665484,240876,-
73221793,10370545,666132,664146,-
68678513,17072760,667837,588616,-
129746602,125234551,667983,380412,-
5263241945,5263239542,668469,71364,-
66965557,39476533,669900,439728,-
62984128,18408015,672526,444543,-
2881165681,2881156920,672573,341200,-
263550749,262507323,673069,326309,-
77290320,36461167,674261,674156,-
80216105,67481582,675483,161262,-
129569685,125232067,675691,229751,-
75178994,56840567,676392,422775,-
8059749009,8059747528,676516,530411,-
86764833,72359560,677369,502552,-
60384021,2641459,679253,292099,-
89481569,79527857,679686,90540,-
95887377,80061752,679895,627210,-
124932637,117893531,680011,558869,-
313960033,313104896,680332,441385,-
71594705,51129864,680440,371003,-
210951482,209221511,680514,347631,-
66183290,29296727,681177,471576,-
113375832,107006831,681498,357641,-
60728939,16988939,681570,239130,-
85033736,68962159,681738,515977,-
80692322,67582823,682305,3822,-
240212721,238950224,682831,41898,-
60260117,9816341,682908,139692,-
90720842,80588471,682911,275688,-
148215962,144837911,682944,84393,-
64132328,31556703,683570,344035,-
64664152,32196623,683750,368527,-
79036184,64977663,684379,12818,-
977193113,977098695,684433,475243,-
464794113,464328416,684620,534849,-
369637201,369097201,684690,187890,-
62233016,27467391,685100,35425,-
79226432,45415311,685142,654289,-
107821557,100060051,685349,419789,-
63459815,28837607,685812,319056,-
67676377,37091751,686647,437499,-
141512657,137115136,687303,425954,-
83284408,70737071,687632,112475,-
89705893,75756915,687813,501569,-
179083776,175664975,688301,559860,-
93523463,83500631,688440,325254,-
67413080,42448927,688488,268279,-
81059377,58804776,688544,568563,-
66253496,7328079,689837,502916,-
762518609,762388288,689947,161424,-
62441792,3306543,690650,355079,-
98518865,89284632,691867,351884,-
670770397,670595451,692173,284379,-
535097424,534828703,692329,176252,-
61370112,1599487,692735,170600,-
315381281,314482289,692994,438168,-
66586073,11482070,693432,499989,-
153201969,148555903,694273,539923,-
272049530,270995207,694449,157422,-
67217573,14768755,694509,510329,-
209648584,207821423,694967,273098,-
119913984,113457503,695592,415079,-
108210889,101035342,696510,139203,-
88267569,76761944,696545,27690,-
62102760,15942287,696592,47043,-
187176346,184777639,698178,325959,-
62064440,5222847,698968,124751,-
75494248,41615055,699551,586986,-
63126013,12518811,699985,312273,-
86664313,74296695,700497,55727,-
65788600,23703647,701593,413132,-
68444528,38571535,701634,380239,-
87512593,75348600,701673,68914,-
65353105,32124527,701737,242897,-
70835944,15950303,702106,573763,-
244014965,242525907,702479,379999,-
86287987,65762371,702942,580944,-
79746962,41304551,703311,661962,-
72107293,40090045,703326,506454,-
265861915,264579307,703374,401172,-
111471616,104131439,703456,324779,-
567050913,566780800,703996,348839,-
364588474,363970903,704157,17406,-
85644761,72335335,704171,249015,-
64066848,25538335,704371,111866,-
71002233,47801831,705925,139983,-
63475745,16969672,706008,221753,-
263752301,261943899,707003,594569,-
114787905,107924927,707491,263829,-
200632993,198330865,707694,393588,-
606429032,606200431,708464,117141,-
80409641,56728265,708870,539706,-
99906113,90566256,709400,181297,-
63963961,20223961,709470,91710,-
116444296,108410799,709532,475941,-
81316657,38653391,709813,689563,-
190605921,188240344,710057,145124,-
205055832,202947871,710266,305267,-
64260209,21352192,710723,146940,-
73234922,49032743,711264,371115,-
247137755,245706107,711402,261498,-
64565501,16506365,711876,297600,-
74986141,54822075,711919,23985,-
97926608,87897631,712845,205058,-
260126017,258609231,712943,467469,-
74294817,47687216,713026,455811,-
65100013,25080395,714113,88687,-
68107403,28785035,714564,420816,-
226352433,224571200,715213,316032,-
142664429,134559677,716322,672060,-
85037624,70066047,716795,289082,-
1969283314,1969259527,717090,333159,-
133388503,128106871,717210,281814,-
65955672,27599951,717441,175762,-
345043889,344298048,717458,170753,-
148941713,144411960,717902,404471,-
83184933,67630915,718273,102017,-
144554431,139964431,719670,319740,-
67503385,33319414,721179,99840,-
211204689,209114248,722341,262348,-
72717185,23832792,722876,559391,-
1366727029,1366677827,724553,102115,-
92279402,79795223,724839,202740,-
76146850,54900199,724851,4260,-
71588530,44922439,724896,101835,-
285593589,284385923,725109,365311,-
86020226,54000359,725868,669933,-
206576485,204181139,725915,399353,-
69393338,9094535,726141,485112,-
73983697,50095688,726907,78100,-
65796081,17386879,726983,127771,-
72502541,37302749,727248,471654,-
75452904,12028303,727663,619682,-
68738241,5011304,728092,457041,-
83059250,66156359,728169,219570,-
66034096,18538799,728441,49474,-
7614623489,7614620463,728497,703339,-
91541497,75105598,728970,497097,-
76444752,54646783,729208,167425,-
93586305,81226472,729631,136404,-
101190824,89658063,731318,414049,-
83323984,56802623,731432,574609,-
80901061,45722579,731659,619553,-
363552400,362751807,731898,415477,-
68362329,25901143,732433,345937,-
69626695,36365287,732462,200562,-
66657703,15038455,732822,257208,-
66307057,7262096,732899,226328,-
172895121,169612384,733099,21604,-
100356081,81615839,733701,648881,-
361916240,360609327,736699,682636,-
80708384,60636303,736943,297518,-
112021837,103343771,738647,257059,-
71763777,39202351,739331,320537,-
197825697,194859736,740288,454553,-
78333041,56442184,740396,135741,-
2121196673,2121174240,740641,208804,-
67636225,12240552,741093,277586,-
77070256,53645279,741629,172606,-
171000320,167469967,741996,123203,-
68870968,27943055,742586,166673,-
83823584,65707503,743093,139268,-
69644737,28479528,743151,313820,-
86186865,61732712,743244,562051,-
241380841,239602054,743667,229662,-
99446549,87653813,744246,238206,-
103600640,93022927,744307,98748,-
182200697,178767991,744951,407207,-
71375195,10794539,745320,481554,-
119143409,108627408,745642,562831,-
161362088,156081055,745769,547476,-
95982392,75400351,745878,618221,-
156249600,150958367,745929,504872,-
69571944,6573167,746475,401408,-
81656465,47151552,746633,599158,-
86536904,38087263,746764,728601,-
72460981,40302469,746808,250638,-
71022096,4135919,746967,465254,-
78613577,55761703,747479,129615,-
74311245,26203147,747511,532063,-
121805565,113986907,748007,338247,-
1041195809,1041035832,748541,673910,-
81517365,3402179,749141,690015,-
71791729,37013688,749393,250314,-
96910057,83966446,750684,155217,-
431442521,430495550,751005,676584,-
240044817,238187656,751273,6254,-
91658264,62186383,752337,676294,-
511986674,511578407,752478,117855,-
70407757,24815341,752562,337638,-
68813002,15247351,753468,34353,-
1208317657,1208242678,753495,278886,-
124777521,116845000,753587,397460,-
248978409,246411703,753719,622021,-
197893225,194985622,754362,336189,-
71620747,34178443,754980,224952,-
68942328,4352015,755101,223632,-
101038513,89014736,755711,50750,-
102007409,89286808,756291,387196,-
80214536,19745199,757351,650846,-
890535173,890396691,757595,27919,-
83598977,41305296,757921,654764,-
350187937,349284096,758492,161433,-
81162297,52694471,759291,486343,-
78113537,46568328,759835,453526,-
87688328,66594895,759846,462017,-
75990578,46991255,760011,193662,-
154801761,150010159,760061,117487,-
98353896,85076719,760652,171637,-
85654241,66153184,762167,195792,-
855924181,855770019,762909,8119,-
222877489,220562648,762931,225728,-
71205113,27735271,763425,56459,-
142130521,135880534,764232,381771,-
447491569,446918688,765622,102897,-
76112241,45393439,765629,247817,-
93602569,72097798,765738,564453,-
136675437,129884203,767257,352495,-
70802137,17163863,767315,238171,-
92341816,72434799,767364,496171,-
3697703505,3697694992,767396,221221,-
96612913,81923816,768307,243380,-
72693473,25235681,768324,374100,-
88502513,37679151,768433,734495,-
83062273,16386800,768568,684673,-
70726933,16221925,768732,132462,-
107335577,92409086,768756,559821,-
134405008,127586751,769265,172788,-
78512201,40630310,769290,508107,-
331176818,330108455,769377,32514,-
101876912,88481631,769766,341149,-
71419549,23502123,769857,80821,-
76062037,43865811,770131,249501,-
107584201,95822326,770940,331905,-
131723088,124476031,771922,206075,-
87295656,67262735,772111,272610,-
170535298,166341415,772911,100482,-
126991969,119126113,772932,153612,-
75945968,33505551,773204,455395,-
91922776,72985295,773407,416710,-
106330481,81799464,773969,737618,-
116946933,107443795,774059,95693,-
112528641,102099184,774902,80101,-
78744677,7100211,774997,597169,-
216796952,213583711,775011,540938,-
9820823341,9820822091,775475,82565,-
83082609,58605832,775970,313391,-
72664976,25950639,776122,240857,-
179374944,175176847,776188,425725,-
253934777,251087191,777231,651161,-
76141281,42377384,777268,135159,-
92830745,75536462,777327,249546,-
174309169,168513032,777736,617165,-
149766920,138212287,777813,770834,-
78035696,47255071,777980,240585,-
181455773,177661995,778033,151931,-
73989328,27273935,778099,367324,-
136198973,125446925,778554,655788,-
87024079,63474463,779184,431622,-
76647240,43283167,779449,98284,-
74158072,23692703,779606,398125,-
138763856,131876799,780401,294364,-
1406058337,1405995488,781178,136685,-
295282661,292793619,781831,722149,-
83035946,16194071,781980,663975,-
462095489,461510752,782075,36234,-
74253680,32493087,782579,73486,-
166661745,162012032,782673,196586,-
76040861,1436139,782993,502613,-
84374600,57736399,783090,423457,-
82013121,29947984,783694,619787,-
87887889,49766528,784152,649099,-
105385921,79032824,784687,738632,-
83547696,33727615,784735,637912,-
104153345,90574984,785910,269669,-
100007177,85010918,785925,256482,-
92621368,72270111,786420,431351,-
104140681,88042174,786906,502083,-
130050569,118355463,787181,630139,-
144905785,138178222,787908,371403,-
77649853,32625085,788292,466404,-
85591513,11666566,788574,699015,-
78496529,45290904,789170,232105,-
83495808,24408655,790124,649363,-
98817889,83082264,790125,203590,-
90071749,28992483,790777,749367,-
86112901,62731619,790999,122423,-
283330253,281647531,791559,318265,-
106040061,92758811,792225,136225,-
106270801,82250600,792295,706882,-
73935025,16401632,793069,253912,-
244696226,242441159,793509,264384,-
77631133,39653931,793755,303983,-
270373450,268548007,794091,31356,-
1011758400,1011628079,794580,198341,-
217567345,213838592,794626,590737,-
130371353,118454390,794907,626976,-
131113981,121543595,795095,492373,-
84909581,58995629,795978,271194,-
74116544,14456367,796795,179792,-
75164257,20615328,796845,335798,-
102303560,65951599,797020,785301,-
74388637,19631773,797100,139884,-
155956665,150179767,798211,111733,-
141743025,134650312,798463,46334,-
74410509,5739259,798605,266785,-
75544792,8971071,799057,388332,-
184425505,179659992,799289,506208,-
120738137,110458886,799608,244251,-
106792977,89627816,799721,546078,-
86750080,62148287,799723,247778,-
74531025,15175984,800420,85883,-
1656928498,1656877495,800601,309936,-
76018592,2470591,800874,408661,-
77951664,1504687,801230,498073,-
78164097,4037008,802088,502175,-
75028393,11932606,802539,276330,-
85040681,33365894,802686,635139,-
285262537,283355662,802695,466260,-
162483293,156415195,802761,467089,-
75530945,24762352,802914,103349,-
74653481,2145895,803127,41065,-
89611379,34850627,803328,714630,-
74908305,1151984,803883,228320,-
76274261,28284499,804177,231977,-
76082341,27490179,804853,5901,-
101445501,78379259,804907,614667,-
78696821,5422709,804972,509424,-
92002600,33315327,805166,752997,-
94555200,62772287,805312,649041,-
239460417,236984792,805690,100245,-
84602981,41900645,806364,574860,-
164633025,159258232,806389,94798,-
178999217,174295608,807320,353107,-
1414664170,1414539079,807570,755409,-
78892133,3924211,807855,504997,-
112549517,94819291,807991,619203,-
87160065,46842352,809276,600961,-
321935257,320548983,809379,72685,-
928402664,928235967,810070,136853,-
626525249,626158408,810261,163658,-
323038737,320252431,811129,810679,-
135155313,122173951,811667,677935,-
116512079,94642079,812250,739260,-
76687345,24100417,813054,8928,-
82340363,42557915,814614,449496,-
134730349,125996123,814883,259409,-
109641803,95330075,815004,320058,-
80715664,43673343,815556,113023,-
78587425,13254672,815588,448761,-
3509383933,3509371931,816035,10933,-
303165265,301499112,816409,335238,-
187829064,182896463,816866,501441,-
209488449,205989488,817713,277264,-
355992744,354343087,817778,648665,-
77739410,28157879,817890,9987,-
791590496,791341599,818026,375859,-
88589573,54625395,818173,538607,-
173746096,167911919,818374,499543,-
84590353,53537711,819869,33725,-
107746096,90946559,820324,462529,-
138071249,129585183,821251,186959,-
696415313,696020760,821572,586277,-
87193201,32573400,822275,643224,-
324785472,322897343,822414,607915,-
138527925,124641347,822619,716847,-
87539647,58881631,822714,304086,-
77605069,1789067,823433,295585,-
82939817,38032553,824880,478788,-
80069402,36610823,825450,23889,-
101247457,82555856,825538,322189,-
135955184,126889983,826294,247333,-
196801745,192282207,826339,465377,-
78256021,21950869,827364,94716,-
83871197,49365291,827539,162791,-
89182442,61995143,827880,189453,-
298385042,296038823,827958,624225,-
77979153,10113640,828457,213382,-
389715001,388677769,828576,49686,-
117252105,99698887,828661,621779,-
83229359,47148287,828750,29376,-
252284809,249770487,828775,243843,-
167109729,160732672,829165,451202,-
82476488,6911935,829681,542868,-
8347639056,8347636655,829920,407323,-
9856180577,9856178928,829972,278935,-
130740609,117674783,831547,597141,-
128430677,117897283,832205,25119,-
340941544,339557247,832688,65505,-
87727249,54199368,832951,431202,-
100373936,80509935,833104,296075,-
90560977,63508656,833876,235077,-
182128289,174567664,834275,697830,-
78560608,5553615,834381,44236,-
82132681,31530334,834498,440781,-
314751472,312719151,834501,582544,-
86726337,54799856,834652,222033,-
168662241,162263375,835017,445715,-
78944197,1267011,835957,245589,-
82097624,10957663,835974,502243,-
146065832,135674991,836809,598762,-
89837681,56973519,836819,472291,-
85766057,51798951,837059,176053,-
79854896,21816735,837587,285670,-
81669384,37129423,837644,187277,-
103189903,84603535,837852,142488,-
9573126312,9573124511,838061,207846,-
99987249,79634528,838216,175437,-
147114706,133990519,838314,730323,-
117585533,94638571,838649,729675,-
143918392,135456591,838992,28819,-
214380953,207532231,839205,804287,-
986790528,986620511,839395,108942,-
117681480,104223407,839899,37704,-
147077639,138285143,840042,444936,-
1968055733,1967994115,840211,682983,-
124956241,113087880,840594,272665,-
106121161,88297799,840829,287701,-
925946777,925751623,841165,186777,-
130184344,115311807,841886,642795,-
85179569,39180768,842323,483116,-
79734200,14926687,842393,65856,-
94129041,60090064,843157,578032,-
97183835,25156907,844206,792288,-
80623957,3972003,844273,355275,-
90593329,8483648,844339,696004,-
703542672,703199663,844505,145926,-
135664741,123718899,845047,552627,-
136571969,126128568,846404,407567,-
83138157,1929851,846451,497577,-
94449832,61073823,846615,563768,-
109360649,92528263,847209,154073,-
93701669,18767813,847326,740466,-
90296593,17407080,847538,680919,-
121521448,108524511,847612,124935,-
90771865,48276457,848148,586014,-
270913201,267658160,848474,660095,-
159072625,147755192,848884,727549,-
130550337,108538016,849003,808282,-
80574826,4362439,849201,233778,-
755856689,755365073,849966,752202,-
119142170,103624487,850104,486939,-
94256693,62575555,850719,511787,-
82819081,34812190,851190,174723,-
83148034,36337783,851271,204084,-
102476021,66513795,852425,709837,-
1060050293,1059893475,852649,74053,-
183944977,178472856,852841,316854,-
85461349,45526837,853140,85506,-
86536345,31176814,854865,537822,-
82722809,31655623,854881,126477,-
168440845,161685419,855005,365461,-
82015786,25722055,855075,95472,-
322956705,321218047,855247,279383,-
222817473,218648591,855705,520181,-
280120624,276984383,856273,662344,-
85164801,31313824,856918,467557,-
102671185,54457752,857179,785616,-
177949745,171977392,857439,299194,-
81475867,2278171,857532,98676,-
603549977,602743406,858822,761487,-
96499345,14786112,858837,769888,-
116979871,91065919,859422,740106,-
291855601,289339904,859471,550246,-
81906017,7409503,860195,198837,-
186966672,179630911,860434,661429,-
185327513,179837846,860775,93534,-
82159738,15205975,860829,210414,-
230621047,227047111,861402,322932,-
83118122,26973431,862161,213552,-
83181995,7464059,862260,386694,-
201748346,193996295,862365,773316,-
216885537,212875136,862919,180732,-
88214256,47643839,863164,390321,-
148667584,139603343,863939,299228,-
82866889,19814518,864357,235638,-
82492977,5627296,864737,212366,-
104191169,70854543,865771,679769,-
82644385,5364032,866723,10298,-
310282913,308155800,867353,458536,-
100865282,77190791,867432,96117,-
114248945,97256287,868493,221481,-
93362512,55713023,868865,516116,-
115036296,98221919,869302,245859,-
97413997,35129101,870558,744174,-
109343840,88646719,870923,433710,-
94729520,33002367,871078,698747,-
102794786,59709239,871497,737904,-
85988608,38318415,872511,3394,-
90977105,50979592,873228,444571,-
176119090,169486999,873876,323985,-
99572129,72351423,875389,381821,-
87147912,2864143,876208,518755,-
256115512,252957551,876236,394859,-
102886417,8007368,877835,838696,-
1196163617,1195961071,878483,723297,-
561462041,560769799,879127,487629,-
92300376,54900799,879349,389182,-
217446721,211677704,879439,667604,-
144978336,134776399,879533,160616,-
96166601,16667095,879549,731455,-
133308945,120955904,879605,169512,-
91863877,46038291,879697,529803,-
176804386,168052039,879801,652866,-
145654861,135512475,880379,172575,-
204528625,199600512,880867,200424,-
317391705,315380119,881561,104615,-
85038273,12278536,881675,306538,-
89976208,43075775,881743,458084,-
84844257,16756928,881805,194102,-
88079506,42628759,882027,157506,-
85194521,22201334,882246,198951,-
85641057,7797376,882434,381997,-
99460561,55448000,882700,673979,-
118444217,99533606,882762,511263,-
353469697,351569072,883390,561755,-
95169913,24280441,883680,698376,-
87296688,37757791,883943,174040,-
89241009,46303208,884033,161094,-
705935465,705507207,884393,409471,-
290448769,286674888,884592,758177,-
90638825,36730382,884907,534954,-
137804145,117668527,885119,781969,-
85313290,19188967,885147,71304,-
94881873,55011248,885275,520680,-
147851861,137703139,886741,226593,-
89543929,45898078,887541,166368,-
87062121,8290535,888513,435905,-
88167905,909472,888627,498634,-
153949168,139222895,889067,755212,-
1524179504,1524089727,889370,45947,-
97060701,52723195,889835,612643,-
164090433,155139280,890929,482672,-
88265333,33289171,892051,363915,-
103279616,48050319,892118,773137,-
113241285,91569859,892325,473669,-
88656133,39561635,892637,65899,-
86208649,7517662,893283,243930,-
98982443,69174011,893790,156768,-
96773399,12163607,894096,717780,-
185987269,179596323,894349,173589,-
115631089,96755208,894456,117091,-
91865761,51053744,894631,200932,-
139236576,127185695,894835,168474,-
10001231681,10001229199,894989,566751,-
165533485,154470397,895044,675522,-
107127154,29867383,895437,865014,-
4002109128,4002091951,895451,653540,-
90248786,44832599,895521,206376,-
268163042,265092791,896508,306519,-
96137425,61746272,897766,243527,-
101803261,40994509,897924,761418,-
1069849777,1069548911,898103,786281,-
88097761,26972624,898574,332147,-
100406625,48272,899196,773783,-
87180713,16929351,900275,171283,-
104746961,63836464,901402,691719,-
87142040,10301439,901505,108928,-
106595752,80270127,901540,427515,-
3249576632,3249555711,902273,44708,-
104987441,35381824,902369,818982,-
94303009,55245152,902756,276665,-
238430112,233686991,902832,598771,-
89863472,23561791,903202,465909,-
119169812368,119169812351,903230,492229,-
654403917,653741371,903581,654703,-
200926505,191995337,903654,778602,-
222366229,216276963,903717,678367,-
101835321,3614071,904165,789085,-
111280201,88344214,904767,368316,-
89567277,35637803,905095,216321,-
1331434417,1331307768,905840,115629,-
558895253,558151155,906089,386537,-
95389717,57789123,906405,32167,-
106651571,81322115,906516,2670,-
129380863,113862991,907068,335010,-
125325997,100840251,907073,718197,-
609167224,608453727,907686,581795,-
144767313,132992776,908633,94510,-
104757545,56846342,909177,729144,-
293675696,291007039,909493,21414,-
91119391,40253119,911742,131898,-
1417200953,1417045255,912107,704199,-
92771433,47113991,912225,192727,-
242737411,238745299,912294,194484,-
88545074,9390983,912519,58086,-
111334561,78053904,913113,676396,-
118015217,97698111,913811,342977,-
100415745,55078984,913970,619867,-
118671361,87423359,914627,742091,-
131218545,103566512,914694,818351,-
114046069,87478643,914879,580217,-
116826384,68048687,915632,871365,-
284636881,281341584,915888,544699,-
110008477,69494363,916241,734425,-
91455125,19884389,916746,474660,-
113577129,90630823,917279,335873,-
177625789,169552573,917904,376344,-
89365809,7416272,917965,238104,-
336434672,334289791,918651,327418,-
481336037,480194451,918881,529603,-
117842593,73734680,919996,848857,-
101065441,48306145,920808,669300,-
90222321,6697904,920976,348067,-
92363201,40841440,921099,20450,-
111439769,75738519,921245,691925,-
164042513,148690840,921346,798423,-
171058331,162296939,921492,310782,-
191315432,184005951,921809,473572,-
112053025,82363952,922873,591968,-
91872493,4663275,922923,472427,-
97015905,57023384,923031,206560,-
98371105,5055912,923463,688384,-
3055157009,3055120848,924491,728776,-
90948817,26934176,924869,181336,-
160394221,150067739,925247,343363,-
110450577,82807711,925391,463789,-
114408357,91405411,925523,95533,-
90278117,8831491,925929,84391,-
94566792,30518671,928003,524408,-
103572681,71541431,928125,231175,-
815782081,815251664,928559,749084,-
108856807,81436471,929004,265926,-
154642330,143189767,929091,361932,-
381435173,379719091,929225,101517,-
109240697,13011833,929820,862716,-
98299849,58656478,929997,41286,-
98682968,51072415,930387,529306,-
95764313,35435945,930984,535962,-
219008513,210122880,933311,827396,-
91972888,24231615,934146,218773,-
94298129,42204112,934710,64087,-
129062969,109029447,934925,547313,-
1106673953,1106465040,935968,20857,-
103606229,56230517,937926,632910,-
167084809,157131718,938004,322239,-
217030609,207065952,938181,868780,-
1408084544,1407954207,938185,145664,-
115210586,26692679,938454,925791,-
203620233,196820695,939373,444833,-
102849249,66229048,940006,359309,-
155117479,142765303,940122,450972,-
93340913,26956440,940337,329434,-
92587625,22474214,940404,127095,-
464062184,462776287,940857,460240,-
138424921,122330734,941844,432141,-
114906240,82789007,941966,634833,-
113973689,86282007,942145,473543,-
261291746,256040759,942669,717066,-
193380989,185854507,942725,385593,-
182843741,171352699,944219,731757,-
96440833,14930400,944513,559224,-
119329559,96581303,944862,188598,-
102106392,64242031,945004,208661,-
138820600,121616319,945323,528270,-
98790505,45280647,946839,509887,-
115990633,9445366,947427,931830,-
149291217,136018456,947461,266828,-
237428016,227748095,947620,935169,-
94213361,24002760,948004,348445,-
971413749,970871123,948059,923517,-
101336704,16127007,948792,689545,-
103814368,31482975,949042,725091,-
112906593,69994120,949564,729623,-
317456656,314686239,950157,351494,-
105122656,55724079,950277,645112,-
360346721,358202184,951401,324728,-
3541163832,3541139471,951798,556273,-
93927201,13906144,952249,246964,-
99967241,50789414,952494,460347,-
105753345,29394512,954006,757349,-
94226785,19207727,954341,72503,-
94837897,15769911,954881,364731,-
100368425,54769097,955542,338478,-
1578672320,1578560079,957020,128659,-
116844633,41386471,957385,909493,-
99594465,21267647,957561,608959,-
107000529,71631128,958087,349518,-
103928083,23765731,958656,717150,-
707884991,706903055,959730,889392,-
112502146,82875559,961506,36687,-
95133682,10849591,962874,112317,-
151223905,131955504,962925,740638,-
120598216,92464559,963431,564958,-
101576818,13217671,963456,655035,-
185038681,176209654,963984,167211,-
194205815,182807927,964092,769992,-
140858669,123989787,964235,394471,-
966047801,965683335,964351,627635,-
416252560,413859327,964773,780182,-
99922481,48794920,964915,347748,-
484316945,483059712,964981,351668,-
646764833,645981535,965211,580867,-
2832536096,2832496255,965934,545285,-
196904512,182246831,966439,917542,-
108319560,11922527,967011,792674,-
282361133,278653851,967187,88415,-
134511945,114899399,967335,450793,-
1246336712,1246126351,967686,566863,-
153276722,138682871,968724,480087,-
101863992,7624591,969839,643826,-
109947153,60405800,970092,687221,-
98598953,25268870,971331,478122,-
1194386081,1194044104,972569,868296,-
103703641,60351334,972768,64389,-
163110194,150257303,972924,475503,-
205651800,192691327,973279,896384,-
157782193,144481160,974527,316786,-
172038442,161201911,974673,139848,-
138728411,119944619,974868,450258,-
370670961,367077824,974868,866429,-
107692881,3291631,975545,765425,-
207539717,193189541,975822,952266,-
416938729,415181847,976789,212625,-
105142226,58514279,977007,474834,-
145530298,128005111,977025,520812,-
134348225,100683247,977487,837227,-
115144309,62042437,977826,781800,-
145969417,117246311,977959,874081,-
261699456,256942159,978328,457171,-
109844128,43894415,978563,754348,-
285744680,281489439,978697,575120,-
374028113,371822856,978853,212080,-
280091325,276127307,979289,102339,-
426439024,424670847,979743,445060,-
691858728,691002671,980070,743239,-
113986673,73254736,980120,637437,-
98791189,17820133,980436,430986,-
102440471,51677879,980814,327954,-
280290473,276268375,981079,298941,-
153128736,130615279,981161,812374,-
134757965,113226379,981237,511675,-
101562513,49361888,981240,130645,-
108793874,70252103,981978,324873,-
590856929,589964417,982182,228750,-
103550185,19363942,983277,640506,-
120916209,67829023,983717,848927,-
103090632,9065071,983927,630098,-
3636493609,3636452758,984183,908892,-
152124256,132421775,984977,712070,-
112950881,79255864,984984,208663,-
270202661,262993699,985439,877977,-
100376617,12480951,985969,503661,-
177399106,162255319,986346,777099,-
107026049,65362248,986398,43973,-
144584291,121964339,986736,714234,-
150237779,129826643,986772,710424,-
98651365,21620149,986826,201300,-
1431501145,1431336742,987576,493563,-
101040641,9510016,989505,518020,-
251870401,246727320,989551,101400,-
103383193,45994990,989757,468096,-
719783032,719083631,991049,590182,-
125356337,98647696,991393,457698,-
107718897,11873176,993053,724636,-
120701441,49297480,993330,903067,-
142311185,105223152,994006,927767,-
104851968,13548895,994013,645842,-
110749699,70905043,994092,399006,-
112264101,65629939,994253,627449,-
260172517,252011267,994295,890375,-
101864744,36409119,994310,420595,-
140790657,116926816,995614,676603,-
118321016,80200735,996617,626520,-
99794413,19003595,996727,56279,-
169905775,152086639,997380,794004,-
104264545,6818737,997566,614784,-
207361925,199208789,997578,378720,-
117713153,86126016,998050,7771,-
105798691,57535219,998442,36048,-
103090488,18923455,998458,555157,-
101878229,38857637,999288,199530,-
204011857,195678528,999480,161189,-
210739761,201564079,999901,642539,-
105613697,52326856,1000626,423803,-
122542561,81668744,1000819,735218,-
102213109,826883,1001057,502261,-
107753728,62446815,1001283,222578,-
102009977,8156631,1002797,472259,-
101314801,30572895,1002835,15351,-
100672033,1663560,1004541,211582,-
197804256,188687279,1005339,85312,-
164431669,150585747,1005409,311055,-
102936197,4404773,1005546,511110,-
107379905,1993167,1005689,681083,-
107791249,61015983,1006091,161157,-
105322113,51870640,1006346,236411,-
247395705,241516967,1008309,377551,-
847250064,846585167,1008321,793790,-
210111793,200341400,1008472,669107,-
273091921,268353384,1008874,277479,-
106081997,18440971,1008997,623403,-
128748409,102752782,1010940,263109,-
127496969,42820838,1011489,986544,-
102198129,11522968,1011601,369578,-
121125457,54306721,1011624,868746,-
215144209,207278353,1012932,92724,-
419463633,417400856,1012933,418740,-
9199301473,9199296671,1013215,637553,-
228382609,218177832,1013705,828234,-
106894137,48422263,1014779,466685,-
150365153,132702160,1014882,210701,-
403044913,400756760,1015042,466207,-
102064541,1809005,1015440,59658,-
102788297,27117511,1016121,36137,-
139207025,103077192,1016579,855028,-
490994720,489508447,1016754,232931,-
229924913,217400176,1016883,948940,-
357373049,354097598,1017006,645609,-
112889816,71542239,1017646,75133,-
1006751377,1006398048,1017750,180361,-
556929592,555747951,1018569,379898,-
127062833,88915200,1018694,721889,-
137223152,87117711,1018846,958831,-
915876304,915292143,1019701,789204,-
331575481,328262230,1019715,162252,-
142085536,114943935,1019890,719403,-
150815933,132839595,1020127,239117,-
123115333,83779395,1020819,662077,-
296843661,292406779,1021009,511997,-
185500121,174308729,1021038,111366,-
144689125,121782757,1021524,605004,-
109630881,60968959,1021877,155819,-
156212064,137166607,1022735,608482,-
4095615921,4095592984,1022852,494189,-
134057352,96166511,1023218,806793,-
128900000,60325039,1023750,952679,-
415427617,413258808,1024057,362520,-
175630920,157396127,1024343,803736,-
217243429,209170213,1024344,99456,-
261186713,255686030,1024626,18831,-
157430735,140198687,1025514,447504,-
104201793,27116111,1026035,237999,-
300401265,293784527,1026413,895203,-
104889872,31792303,1028581,224340,-
154923265,136364552,1029046,497509,-
109758032,11936031,1029577,666112,-
107330673,6035240,1029693,578564,-
283303417,277489993,1029720,704946,-
122726133,18607555,1030357,919537,-
117208241,78205624,1030977,213554,-
106914392,45105583,1031001,145370,-
107970561,23599760,1032354,575515,-
197710416,180948799,1032428,903889,-
4192184605,4192147787,1032497,947123,-
349173722,345241847,1032645,730590,-
111463661,61596605,1032654,343860,-
104451901,6110989,1032912,180942,-
111619165,61790557,1033848,333036,-
210492277,201120611,1035263,453677,-
125373681,93512944,1036222,36593,-
219706625,211431264,1036379,112130,-
117111481,358054,1036854,819231,-
149301317,122736403,1037275,752991,-
143813935,94510207,1037322,993024,-
105429664,9249407,1037332,338975,-
148669057,128553048,1037670,213893,-
386843401,382867894,1037844,882417,-
106742565,37808099,1037935,199449,-
323975429,316854163,1039107,1006823,-
197533096,187009295,1039420,115613,-
157273393,135369265,1039464,701436,-
107664941,37358859,1039577,408793,-
474361905,472614784,1040333,246820,-
152432800,133254527,1041083,177058,-
124197040,83439327,1041642,630019,-
209971809,200461448,1041747,393722,-
105642609,453103,1041929,145433,-
140994633,113662871,1042093,627615,-
479679809,477754287,1042849,612875,-
113822522,47895623,1042980,652653,-
262078448,256175055,1043932,199373,-
127217013,1160515,1044851,964967,-
182738521,166609774,1045314,729633,-
725986545,725191232,1046159,491442,-
107252416,18723135,1047115,397506,-
182836056,169579919,1048067,411888,-
109914400,48772079,1048937,189470,-
141806737,116062728,1049300,524907,-
123226264,86808287,1050140,170311,-
119196376,78100415,1050325,103874,-
114580234,28551943,1050591,715962,-
108421845,37646419,1051165,127789,-
243910737,236857928,1051326,180505,-
133059713,104102335,1052547,128923,-
2342907968,2342759551,1052575,1050204,-
119288953,77173335,1052739,313037,-
2289317505,2289238984,1054075,84794,-
1078911313,1078312760,1054171,961352,-
197929745,186794952,1054423,131582,-
7611533777,7611526656,1054726,107911,-
254210185,247642894,1055373,46110,-
179929649,158951088,1055614,867937,-
113044505,57997094,1057173,146220,-
118871611,75446539,1057194,181836,-
124307481,87359239,1057469,246407,-
109505303,39638375,1057548,52062,-
834277941,833677459,1057889,148751,-
344094337,338119391,1057927,955361,-
405560351,402995135,1058082,257850,-
275865296,269756959,1058551,573696,-
161905477,139627251,1058707,717903,-
108771777,27963551,1058851,299379,-
119383079,70970567,1059774,536130,-
136773490,107063527,1059837,513804,-
379800801,375920200,1061257,792140,-
262610289,256193048,1061268,405251,-
112205512,27284543,1061515,591794,-
110034541,38343819,1061619,274427,-
126074321,17992240,1061838,923335,-
4070773848,4070748223,1062290,148085,-
516491093,513513891,1063495,1021709,-
113810792,57835167,1063810,12755,-
130510337,97553551,1064783,309453,-
125377369,55365478,1065012,846981,-
109103928,11936911,1067180,44419,-
271656789,265569907,1067207,378185,-
956535921,956062559,1067373,163223,-
202237217,190566288,1067402,479485,-
257705761,245769119,1068119,991943,-
146378385,96136432,1068896,985301,-
140336352,108036431,1069311,664874,-
870283288,869217455,1069351,1026706,-
113299952,12123631,1070359,611778,-
411335841,408708224,1070484,331559,-
141434128,95198495,1070578,898867,-
232422353,224001480,1070917,153028,-
230028440,221412367,1071288,17251,-
180637249,165970703,1072337,24509,-
290755775,284002319,1073214,767340,-
230960960,213598239,1073860,1056329,-
289441761,283551295,1074503,585505,-
199908769,176682768,1075751,1032024,-
211960753,192639375,1076941,1007139,-
895831507,895177891,1077726,687492,-
128233729,77886303,1080757,722091,-
2046795029,2046682723,1081119,461243,-
115330625,54906864,1081585,49372,-
183824128,167853471,1082400,575639,-
112261953,22471880,1082784,412273,-
245259895,232203127,1084164,960576,-
148999680,124056127,1084363,356246,-
196212314,178203287,1084650,845427,-
123546405,77672899,1084685,425957,-
118881961,66304510,1085547,16470,-
119364866,55897991,1087530,597225,-
113696933,40541971,1087557,253865,-
434175233,430274040,1087852,941567,-
136145465,99116342,1088061,620508,-
135655793,101216680,1089277,476652,-
145350770,118418567,1089738,249,-
487745713,485199560,1089952,793453,-
1688905953,1688720120,1091017,645096,-
162215737,141806183,1091035,48961,-
172048937,139316583,1091615,992111,-
120070328,60293551,1092024,547355,-
228876304,218774063,1092421,554284,-
325540525,320884539,1092453,432145,-
248707584,239055103,1092458,738971,-
125280745,75624937,1092936,571872,-
231068381,220731835,1095105,616561,-
333022553,324636631,1095109,1064115,-
130993905,65849752,1095311,850382,-
191738489,177337239,1095905,414775,-
125743825,76938984,1096633,542310,-
119925121,65205584,1096709,171794,-
118363857,17202536,1096876,673413,-
141019114,43326823,1097772,1061733,-
169765816,149417039,1098488,563539,-
185920205,163452317,1099854,878772,-
122084441,61080614,1100076,597243,-
772653057,771830783,1100871,220535,-
155292410,128784647,1101789,606588,-
179998357,163293891,1102437,150137,-
331185953,326428656,1102712,503815,-
149739395,103501139,1102728,936750,-
201030200,187959327,1102793,264236,-
307967906,302281031,1103355,571080,-
241156417,230261136,1103604,759601,-
125483669,73618563,1104743,543691,-
125441093,52892741,1105680,758688,-
150013505,122930287,1106057,383331,-
160390449,136760368,1106401,513814,-
123918481,25494824,1106588,788629,-
184955745,161616712,1106728,882089,-
2192169704,2192055663,1107733,609844,-
612738833,610966576,1108055,833634,-
189938565,174782419,1108277,255665,-
1631713653,1631511875,1108439,565059,-
324837249,319803008,1108677,491194,-
427567040,424725567,1109974,416587,-
115212913,18844945,1110834,52434,-
426245675,423418667,1112292,75936,-
570783481,569166694,1112337,460194,-
115445743,19077775,1112454,109782,-
416251488,412738975,1112749,725642,-
140823345,47416112,1114362,1034209,-
199633217,184757592,1115215,565820,-
584669457,582988616,1115531,642324,-
119510161,45688944,1116126,494281,-
121452865,46433792,1116529,608728,-
200392681,186165814,1117059,441738,-
218042945,206417104,1117163,342090,-
8733347249,8733337528,1117222,903489,-
623017265,621676337,1117236,81204,-
150225112,80533983,1117340,1069689,-
522436439,520500647,1118910,329556,-
228384514,208954423,1119273,1050888,-
205597457,192098536,1119657,417166,-
169807525,148942227,1119981,370367,-
176048049,157140088,1120109,207364,-
307629232,301832303,1120264,447125,-
139658593,104633000,1120553,206432,-
125254729,70299982,1120830,445731,-
9306678801,9306668176,1121500,1041995,-
229519173,210572675,1122177,1039607,-
198302927,183738911,1123548,196734,-
440183443,437403955,1124646,274782,-
191446874,172337543,1125021,737916,-
184752634,167541943,1125246,99861,-
132987290,63858407,1125558,835191,-
347604929,342017647,1125723,788735,-
1004321137,1003772936,1125964,474371,-
1336081387,1335780283,1126770,124452,-
152057793,103392031,1127311,944425,-
122890593,52838960,1127469,551438,-
291267064,283785663,1128113,696984,-
133144922,55000631,1128204,870351,-
1355860552,1355459471,1128253,876764,-
118649889,5871472,1128583,467620,-
212935370,200143607,1129374,321579,-
167215296,137949679,1130741,802888,-
346489529,339164078,1131081,986286,-
120400313,39639111,1131889,451795,-
161867693,131382075,1132879,755707,-
166071026,142834151,1133910,337455,-
134550177,91706111,1134487,299889,-
717877522,716775463,1134924,453075,-
263491561,255070311,1135245,440315,-
509887889,505811032,1135550,1105143,-
118523321,6050150,1135713,180870,-
120243509,41426307,1136213,169135,-
137981695,54221647,1136262,945948,-
121602641,2830024,1137319,594618,-
118804785,10435327,1137577,181957,-
172711449,151490423,1137653,110901,-
140130986,24615239,1138374,1014063,-
130365869,22984587,1138535,850471,-
173037653,148209331,1138565,703587,-
3580294589,3580250667,1139603,221665,-
510238841,507560630,1139667,792180,-
279047361,271591504,1140107,278186,-
138284003,4394675,1140342,988104,-
1025234721,1024611944,1140423,721612,-
123852509,58837373,1140426,261234,-
125276201,11150439,1141057,720497,-
135918440,89795247,1141802,543463,-
618269617,616066271,1143011,948937,-
149364704,36166383,1143068,1120757,-
147109321,27434494,1143639,1097784,-
130175889,37248328,1143736,815851,-
244486951,234533239,1144074,13896,-
119738969,4550678,1144587,136356,-
134805896,90168799,1144647,19928,-
132830485,83602259,1145075,447469,-
173634305,141973392,1145738,897893,-
174694205,151017067,1146309,632999,-
128839105,5500832,1146314,801077,-
141289369,101535838,1146369,464886,-
215684509,201313597,1146930,616578,-
460725237,457885523,1148163,493595,-
2327870193,2327737360,1148344,805213,-
517055601,513734351,1149285,974555,-
137799529,47043287,1149691,935345,-
487224763,484237915,1149918,777594,-
133203057,84886856,1150442,86703,-
136636949,4992643,1150689,945043,-
420521611,415412779,1150758,980406,-
192370865,174656032,1151354,429057,-
126231504,13680623,1151952,705653,-
263383331,250878659,1152258,920514,-
257165320,247524047,1153121,521494,-
130450328,45016335,1153457,773818,-
517535385,515322007,1153571,96107,-
287150617,279442198,1153785,538242,-
242246641,221711999,1153811,1114897,-
153881505,123048112,1155161,114704,-
163087225,114867479,1156025,1008913,-
122116824,30246943,1156274,277261,-
152043752,98832463,1156412,934035,-
271339777,262979408,1156442,204955,-
122837253,39788675,1156519,196671,-
136769393,26749576,1157322,929135,-
356227477,351185603,1157729,556445,-
129315872,69230751,1158953,403736,-
138614048,32357551,1159598,951975,-
272029665,263499184,1159817,399640,-
128501693,67816011,1159901,15865,-
1093900097,1093395576,1159916,119759,-
556338895,554326639,1160754,464010,-
1019019793,1018414800,1161468,502453,-
233024357,210589731,1161607,1105457,-
1214154240,1213657727,1161852,781343,-
11933634209,11933629023,1162039,791383,-
1272852992,1272445903,1164090,613537,-
315411264,307935023,1164231,764522,-
1251097184,1250702767,1166436,135205,-
185564941,165460235,1167475,217181,-
259422856,249865439,1167737,10384,-
125960461,48410845,1167870,396672,-
133613656,80335919,1168903,50282,-
855089905,854139672,1169137,679902,-
3320982945,3320916352,1169458,759581,-
140466184,95226383,1169816,433379,-
129783000,38966399,1171260,703457,-
214048817,198090096,1171297,624242,-
222644160,198571439,1171350,1072729,-
153810384,119975423,1173168,364159,-
146677889,46697848,1173179,1037694,-
137551213,85213995,1173537,543241,-
374780561,368187664,1173852,954731,-
148072317,64639211,1173861,1018889,-
166936977,140152456,1173934,22903,-
124208521,21099239,1174273,271751,-
165775632,137709871,1174277,454852,-
210753621,190436515,1174741,861265,-
653471722,651955591,1174848,425037,-
127008113,12199361,1176210,603864,-
517983165,514408267,1176703,984779,-
246977176,235734479,1179004,425779,-
359768255,350243087,1179048,1136622,-
377661025,372781344,1180452,587735,-
140889853,94864155,1180493,174843,-
693277501,691862939,1181663,541169,-
1492447954,1492151143,1182063,418194,-
434854961,428937064,1182881,1078698,-
125558161,27556544,1182958,117257,-
141931576,77991039,1183976,804897,-
354716546,345220295,1184313,1110750,-
2771105565,2771019979,1184959,62755,-
157621841,124758399,1184981,223951,-
150506160,112782767,1185317,164436,-
125659687,6136951,1186632,187926,-
134403032,44494911,1187152,771119,-
2023213629,2023030027,1188095,715397,-
157789505,84752832,1188362,1072981,-
159459632,127203631,1188524,176901,-
2024142576,2023909679,1188656,964677,-
255566373,244931635,1188701,202777,-
753185632,750837791,1188862,1187059,-
245416409,232996263,1190021,597001,-
270494065,259989392,1190447,676178,-
233570601,215351255,1190457,929645,-
178602560,148212799,1190982,809525,-
143537213,97672795,1191813,298163,-
797494749,796119883,1192351,879187,-
150283297,110998136,1192391,267128,-
394898232,390332431,1193053,540644,-
164981617,96601248,1194045,1116944,-
146148408,74630111,1194435,904922,-
128686657,45675776,1194481,93556,-
155805922,11493703,1194885,1148892,-
139727856,35667455,1195739,893850,-
228232753,214240520,1197023,215638,-
151162920,75005567,1197179,994446,-
2292446929,2292316608,1197228,56069,-
152409202,25359271,1197843,1100208,-
134894497,68706656,1197932,516071,-
244437896,232330975,1198663,92940,-
940225541,939389635,1199685,615467,-
145068865,83994512,1199887,789016,-
161306225,46957512,1200182,1191983,-
460211353,456072766,1200435,852996,-
151363249,42035903,1200619,1070999,-
173502577,139243896,1201283,814776,-
384516673,379759376,1201520,64561,-
323150440,316345839,1201815,177346,-
154882752,115744111,1201994,527497,-
128963233,34415880,1202822,323229,-
129905889,35002063,1204733,454951,-
143749562,36199463,1206072,947835,-
144189056,91956879,1206982,559343,-
174163137,124279616,1207128,1055249,-
145029985,96487544,1207465,403664,-
2710658049,2710561208,1207963,271074,-
197675369,177519113,1208082,94062,-
255306257,243852641,1208112,319866,-
165187681,125373744,1209133,794934,-
1765005861,1764776435,1209853,190935,-
690436949,688818243,1211563,627271,-
153868248,106955471,1211725,716496,-
212542178,194688455,1212057,502626,-
3889715152,3889667471,1212134,271663,-
4742766650,4742714999,1213932,1070625,-
478060217,474207031,1214359,817191,-
133721752,3673503,1215145,677604,-
163214657,107009616,1215659,984266,-
132244865,49875472,1216033,213096,-
174152973,125698075,1216151,1026061,-
2461591049,2461468023,1216181,469441,-
135377657,66187673,1216350,216174,-
178302047,151503791,1216428,196158,-
317857522,310458631,1216539,149964,-
400677935,396073679,1216590,196338,-
276774857,266889833,1216650,144522,-
519454489,516682743,1216731,447461,-
133705072,40158543,1216810,604161,-
166657149,129460523,1217663,714531,-
223943129,206576167,1219295,673107,-
134073477,39440083,1219595,607631,-
170913457,97380416,1219693,1167208,-
854825177,853726358,1219767,662010,-
219198816,194335295,1220817,992800,-
479560856,476305599,1222001,168352,-
151060776,102446719,1222022,613691,-
482061360,478576559,1222055,652806,-
412803593,404983735,1222981,1139391,-
135954073,30266110,1223094,705183,-
583781232,580061071,1223158,1114159,-
3730837633,3730768560,1224159,893924,-
160724369,123986047,1224187,13425,-
256497473,244541416,1224335,259344,-
131967369,35725063,1224361,272167,-
257145728,238989951,1224640,1025057,-
193924088,165772351,1225092,834415,-
151266609,106087528,1225742,315553,-
132237581,37320939,1226159,64159,-
134344649,46351622,1226607,497820,-
499901553,496857856,1227184,74755,-
136565777,65310576,1227241,34094,-
131537917,2366461,1227264,292464,-
149846913,102873920,1227909,226162,-
136033681,62148944,1228028,235051,-
167617713,84178216,1228225,1164226,-
157634225,116843359,1228367,460725,-
193204656,165104975,1228755,810548,-
649874792,648069903,1228870,42959,-
195389585,172933807,1228903,288399,-
131779200,13046879,1229634,95005,-
132997291,35402875,1229994,372720,-
766095213,764757451,1230145,497681,-
134270605,35525787,1230411,538271,-
211920945,193296952,1230554,216287,-
226204160,207942207,1231057,731504,-
207817560,165575407,1231408,1209013,-
362334857,356377982,1231485,297870,-
331454321,324292975,1232715,150109,-
136886369,58563448,1233043,478686,-
136650656,45827199,1233311,613732,-
624915224,622928383,1233684,249793,-
3181592893,3181515611,1234699,388445,-
163853360,34898959,1234717,1194000,-
133477981,36522555,1235377,122175,-
166553833,131562670,1236558,265611,-
148984745,92425334,1237590,643533,-
237214552,221618831,1237649,584998,-
133885349,36211347,1238443,97145,-
154014128,29696751,1238860,1061899,-
198226208,175186351,1239816,472165,-
16217463769,16217460743,1239871,394981,-
177141365,146828899,1239945,413701,-
138854853,66775091,1240035,349903,-
163454893,26164715,1240579,1186307,-
181468785,153197999,1241945,191751,-
422805313,418247640,1242168,439183,-
353849449,347382598,1242492,204009,-
155628616,95988335,1242517,841520,-
134242337,16352536,1242756,414457,-
2406158521,2406020679,1242801,302419,-
378577128,372921871,1243855,201602,-
229378453,213078275,1243931,77321,-
147022497,86347576,1245428,598489,-
350605953,343956335,1245439,67659,-
134190717,5741243,1245597,308125,-
172690157,101106891,1245611,1143379,-
138975409,32764223,1245647,700979,-
157848017,114878976,1246843,71912,-
199967569,158006463,1248291,1128743,-
149002545,86533327,1248359,693679,-
171268474,137411527,1248435,38448,-
135995299,30984307,1248570,484704,-
149894761,12594550,1248780,983079,-
207050733,179531915,1248787,900549,-
161524048,103750415,1249282,901873,-
134634088,14827455,1249451,81006,-
137055826,2109799,1250928,595581,-
1354410617,1353538841,1251078,1237434,-
230069440,213464927,1251107,175202,-
204735593,161238350,1251729,1179432,-
134986401,11951264,1251928,194151,-
529334833,526350360,1252212,435149,-
53552558445,53552558059,1252433,963145,-
540727753,537463750,1252881,786072,-
1284579888,1283800495,1254503,1083698,-
961674945,960778864,1255204,196945,-
297581232,285822383,1256472,844955,-
136314515,34047587,1256538,156012,-
176256569,133809113,1257162,873426,-
181129813,150978805,1257558,63582,-
5146556961,5146517135,1257679,902235,-
169311481,132972519,1257729,63701,-
154527152,9326431,1257959,1043328,-
253574273,226158415,1258323,1222049,-
147529000,35361807,1258768,899997,-
186315800,158025247,1258814,320013,-
1178853953,1178250351,1259335,71251,-
151105176,92558879,1259571,611846,-
171347833,66252855,1259667,1220939,-
4713142361,4713103975,1260155,436647,-
136131864,2884703,1260204,159641,-
136262680,5954367,1260433,277248,-
172627137,51686936,1260602,1255029,-
1299284264,1298761983,1260827,584714,-
160515659,117145883,1260948,84582,-
186639928,158253551,1261018,312535,-
187543343,139829375,1262118,1072872,-
312210257,301068456,1262954,879769,-
2140274289,2140013647,1263025,1009033,-
533422277,530418581,1263624,35214,-
159089945,113785214,1263972,173805,-
814758553,813461351,1264235,396551,-
160881416,117042879,1264792,201713,-
891751105,890321552,1265483,957442,-
410815321,405589895,1265785,460787,-
303318512,287902591,1265826,1102021,-
198365153,155887231,1266237,1096675,-
137333472,17961311,1267248,271207,-
6159404337,6159374768,1267280,941619,-
176990961,97372904,1267343,1195314,-
169538864,71213823,1268161,1177984,-
212833917,191684251,1268959,266657,-
236460338,219392855,1269084,509313,-
137459329,9477488,1269086,223301,-
224841537,205939496,1269397,435438,-
776539585,773785272,1270347,1239542,-
252314563,237035155,1270482,611292,-
148713353,9144710,1270776,908193,-
140606721,34227424,1271233,598336,-
733216912,731591711,1271347,231098,-
235465825,215886767,1271659,784249,-
326583967,317591023,1272060,651906,-
151933329,91675432,1272544,581525,-
142631177,60817351,1273059,473083,-
1111816663,1111104295,1273296,327486,-
217907737,197612711,1273483,84151,-
143047480,66699167,1273517,53002,-
166517795,106355747,1273584,940752,-
388817861,382882515,1275245,282103,-
138337584,12377903,1275333,97696,-
174984896,138663775,1276455,438788,-
3140283473,3140185840,1278297,683462,-
1367050833,1366543160,1279018,641241,-
681098400,678951407,1279554,738793,-
138969489,3579392,1279620,226603,-
1007265953,1006383000,1279954,184867,-
142671397,60188771,1280131,156227,-
139913209,36349822,1280700,158997,-
312724121,299977934,1282044,970659,-
143694640,24022287,1283043,702244,-
173027434,81794407,1283262,1177305,-
169756725,129660899,1283293,30015,-
1094134387,1093377091,1283976,7746,-
677296341,675281635,1284769,446645,-
168803201,127598584,1285692,88351,-
150381187,21136723,1285788,900690,-
157014457,101821246,1286844,519963,-
249844256,234244959,1286873,111692,-
163796345,93336902,1286979,956784,-
522496313,518354270,1287387,886884,-
286045121,273576760,1288384,645585,-
227951901,192655195,1288435,1179949,-
144059801,59129654,1289223,377958,-
560204405,554657427,1289681,1245233,-
146889329,73406993,1290402,182598,-
156226689,101152447,1290983,135545,-
142443545,12922574,1291005,576132,-
160624177,110834856,1291553,14262,-
180648333,124867691,1291895,1038423,-
143599857,55234688,1291933,286980,-
244200121,226619854,1293606,593193,-
436254081,430971800,1293765,649414,-
144047869,47785803,1294029,524807,-
159351145,95766982,1294377,775164,-
141910153,36871991,1294445,107321,-
143069281,49360640,1294514,13715,-
185348035,151935427,1295388,458796,-
192143383,145909015,1296384,1038468,-
738756965,736559347,1296513,934261,-
171478217,130181911,1297267,249663,-
147440629,71702643,1297727,137127,-
148859048,75418495,1297758,426683,-
992411272,991357071,1298458,720111,-
151089389,66755213,1298958,742926,-
762566133,760928755,1299001,233663,-
157712893,9011915,1300543,1014971,-
492157205,485017109,1300620,1225008,-
685713457,683545791,1301811,647729,-
232930657,213048488,1302056,553175,-
202456697,172086206,1302966,752169,-
154239109,15999109,1303320,939720,-
150439505,80344552,1303387,106404,-
217700541,185871979,1303601,1002029,-
1937344826,1936869815,1303665,1252224,-
192387432,161741807,1303785,94850,-
216361136,193410079,1304183,132744,-
193857601,163694984,1304758,167957,-
147753557,68235523,1304955,299257,-
2220296722,2220099703,1305069,334890,-
175763816,81012015,1305308,1188485,-
406332649,396453862,1305840,1168983,-
372386765,365247547,1306287,203011,-
243692249,222285847,1307135,868593,-
395769121,389171064,1307386,597507,-
237112273,214594415,1308373,848507,-
182227552,136595631,1309221,866816,-
202809137,162905248,1309363,1019280,-
165861809,115201743,1309889,547703,-
332484801,323324176,1310720,244975,-
144719569,5535032,1311448,519365,-
240920891,218125115,1311492,896940,-
259977985,244466927,1311773,121799,-
756810208,755074415,1313314,170167,-
145320490,9253639,1313340,552147,-
190869105,158334767,1314117,209411,-
440814849,435487928,1314188,540159,-
183334121,88772439,1314583,1254419,-
174064109,84806203,1314727,1137837,-
165080469,114582403,1314811,276361,-
263595250,232959079,1314909,1279860,-
150979216,59470559,1315133,699758,-
5751347521,5751311360,1316209,875360,-
149979776,352015,1317850,773199,-
635595048,633075631,1318780,358693,-
230252901,209228675,1319157,374365,-
144886561,22363880,1319303,164920,-
184401237,147245731,1319381,467089,-
153034954,81654487,1320060,235863,-
1765602509,1765080907,1320091,1164645,-
159922857,92611271,1320717,709363,-
147318377,52070153,1321650,264078,-
1799375357,1798833243,1321709,1219595,-
146822624,12892687,1322260,570717,-
167055333,15036595,1322527,1124581,-
302467192,281553183,1323774,1229005,-
184435249,147146703,1323951,351719,-
280135817,265766606,1324326,607731,-
1720510081,1720129489,1324326,742008,-
542215282,538704391,1324377,109722,-
196468461,124337179,1324733,1267583,-
176226369,66086368,1326479,1202108,-
721120234,718714183,1326726,895377,-
156845872,83822511,1327186,639207,-
162960776,106887279,1327288,231701,-
824159561,821910999,1327889,1099277,-
193581953,155630656,1329055,777084,-
146226177,9104816,1329666,37349,-
207980985,171116327,1330903,959763,-
467812401,460659784,1331059,1104016,-
155229568,80970015,1331378,509901,-
549958053,546011795,1332901,794601,-
152747521,71462664,1333029,450838,-
151395749,67704643,1333253,52563,-
169416961,106424175,1333953,837035,-
580045256,576873679,1334477,333912,-
181870264,140761263,1334908,475749,-
156278909,53803243,1335107,833967,-
147967537,38907056,1335466,18593,-
191385465,156349207,1336031,212137,-
312027688,300672975,1336526,283167,-
186890065,149324232,1337253,127432,-
448870457,443194166,1337361,659346,-
242266593,220283000,1337417,758412,-
148068385,35933552,1337468,56711,-
457236305,451636687,1337897,717639,-
183129418,133873831,1338027,856020,-
857066521,855602230,1338405,334212,-
330893145,318285607,1338797,937601,-
149749888,45493551,1339065,470006,-
148669024,41245167,1339125,69184,-
484767801,478946119,1339291,956729,-
172238505,98628647,1340297,980217,-
730059288,726868031,1340405,1166622,-
173823393,115706416,1341190,826787,-
212330609,173286232,1341309,1031600,-
174703489,126813368,1341376,485087,-
151108465,3987632,1342658,669137,-
3518201113,3518111495,1342943,523531,-
149639432,40355151,1343233,414758,-
155600249,66699158,1343757,677016,-
238866874,218053303,1343832,90417,-
178910731,124896475,1344498,845400,-
163748261,101430595,1344795,526003,-
157162305,82184032,1345201,478196,-
323466440,312204447,1345879,603056,-
468980896,463944719,1346083,256604,-
171179041,101040384,1346493,913798,-
191808472,88631103,1346856,1323665,-
176272759,71659207,1347030,1160988,-
805993569,804084008,1347162,804563,-
154581265,73498184,1347433,143590,-
152637001,63023079,1348307,175437,-
174482224,112562943,1349247,869516,-
193715777,154411471,1350173,717153,-
154274136,69445439,1350622,310197,-
270425104,243701087,1350988,1184935,-
232014665,202165814,1351035,972678,-
164602744,103718927,1351174,323215,-
227303357,186152333,1351254,1183140,-
157654233,72351655,1351537,671293,-
1833435016,1833057759,1354204,814713,-
194832473,147290630,1355301,953448,-
160744802,90792743,1357770,282801,-
647055185,644323152,1359608,7717,-
151626093,28927115,1360383,438209,-
256939040,237611167,1360452,590569,-
251568800,228831327,1360931,844294,-
176904457,97367641,1361646,1041264,-
275035345,258391992,1361913,579374,-
151253701,26277699,1362099,899,-
240231960,209006399,1362293,1065690,-
2297145152,2296841791,1362321,1079372,-
155488321,62727696,1362475,507570,-
41215033304,41215031983,1362816,1346011,-
160056599,86236007,1362960,300378,-
171537240,26326319,1362970,1120839,-
221417221,176848115,1363805,1168559,-
194698018,156420631,1364286,546075,-
220119491,186772115,1364400,909594,-
189807353,149815671,1365365,127261,-
151560577,910136,1365857,182276,-
151802426,21747719,1365978,281487,-
236765536,213101919,1366614,572003,-
167599377,82237183,1367719,898685,-
186949176,16137439,1368262,1318781,-
269989805,252885629,1368366,222900,-
171403248,54928751,1369335,1078714,-
237370921,214404046,1369605,32250,-
522029959,517439959,1369740,668370,-
189936224,149353743,1369763,120872,-
219502754,179978183,1370919,1049646,-
160937888,45027231,1371625,856304,-
179017544,123226623,1371749,755086,-
198538977,161550496,1371767,512068,-
162457233,90158936,1372535,276678,-
162876682,91724311,1372548,116217,-
153699791,10372559,1372752,529632,-
4048417553,4048306303,1373015,1176525,-
152611384,6211343,1373021,116864,-
152749745,9375247,1373281,284871,-
159791656,13595535,1374720,843389,-
1387969061,1387341459,1374721,481933,-
247603441,222483240,1375395,875944,-
216413145,153358519,1375627,1310315,-
206062168,133913471,1375969,1289360,-
196723849,147904798,1376487,942108,-
227325232,200444831,1376864,562409,-
248989016,224921215,1376955,824758,-
214165121,181642264,1378208,686433,-
374649793,364091535,1378269,918991,-
538659337,534475606,1378449,236016,-
156337201,52667784,1379213,487584,-
259953120,229702799,1379901,1161640,-
155607809,39955407,1381559,496795,-
154192163,9921011,1382202,350160,-
344880154,332214967,1383300,912657,-
383138145,374521672,1385261,407234,-
234967585,205432609,1386456,882900,-
275872151,254879975,1386510,928032,-
164857169,88548257,1386648,546270,-
239611601,209906160,1386650,949049,-
439916920,433350287,1386946,485423,-
275319857,257405176,1387236,577357,-
279753442,262822471,1389228,348219,-
230489553,183344080,1390777,1236862,-
195933864,86983327,1390834,1329235,-
438397313,431746920,1391201,418444,-
1768564273,1767992736,1391484,1126835,-
248476257,217008751,1391663,1081997,-
156910784,4812223,1392363,568874,-
158963185,58173024,1392450,496207,-
294002713,275443966,1392726,931455,-
970754639,969420623,1393056,126996,-
258448873,231609145,1393068,1017786,-
310888793,287198695,1393459,1268433,-
227703880,199089839,1394471,604670,-
192121209,144666407,1395935,718491,-
173325985,37852704,1396216,1078425,-
862781456,860630719,1396298,997461,-
372702897,363340136,1396536,165907,-
186822269,121935547,1397135,973287,-
156858721,25942095,1397285,416559,-
176726273,90213775,1398681,989381,-
210599659,168822667,1398810,914814,-
273859489,254940913,1398858,611976,-
535314033,527056640,1400678,1331247,-
200355089,107925888,1400983,1308682,-
253122877,230519931,1401841,571047,-
419237453,411775275,1401991,198073,-
157067361,12504424,1402519,244912,-
327453864,313751327,1402640,772041,-
158821320,50811839,1403029,14970,-
182220137,38628278,1403226,1206045,-
299023216,271133999,1404487,1306538,-
166113139,31792243,1404492,901464,-
299238389,283793093,1406238,409368,-
1476738085,1476137747,1406797,309919,-
160889368,56548031,1407445,494698,-
163856737,44386688,1408147,785210,-
192418832,147213631,1408336,11409,-
445307016,434886415,1409117,1205600,-
289611889,268578848,1410301,990224,-
160954673,48273960,1410637,558896,-
465257280,458052959,1411869,891910,-
404820488,395092015,1411963,912816,-
167918672,7474831,1412989,930036,-
163033401,68144935,1414343,352835,-
677435680,672823359,1415260,1230831,-
206349026,127194935,1416051,1282770,-
618338281,614811399,1416183,91169,-
161419461,28767859,1416803,625217,-
159397697,3777072,1417295,349300,-
223347616,192195119,1417913,22526,-
452222089,445408558,1419369,492612,-
1244683753,1243701790,1421136,832959,-
638317441,632669905,1422444,1287570,-
180814200,122017327,1422526,15161,-
232635025,203841224,1424710,83593,-
163604234,907607,1424970,711309,-
164554600,69161727,1424982,205723,-
195786266,141294839,1425684,862239,-
250085720,225501327,1425731,453344,-
1436280818,1435563671,1426008,740625,-
1453344185,1452690199,1426149,271685,-
605581245,601704859,1426735,553633,-
393465080,383903679,1426859,659090,-
659169120,654145999,1426874,1238495,-
220165645,186612507,1429039,234939,-
214423898,178198295,1431447,197112,-
316157009,301450552,1431960,241819,-
162870448,38297151,1432414,482805,-
552649872,543930991,1432969,1381922,-
385600704,374201983,1433377,919384,-
1885440921,1885043399,1434723,193769,-
367885153,356761320,1435049,612024,-
628522544,624909327,1436125,248476,-
651638352,648219551,1437576,497897,-
220480056,185939119,1439077,150548,-
201602801,30323009,1439466,1402812,-
216781081,180317230,1441170,321777,-
170558239,60919663,1441788,802266,-
1518474537,1517742551,1442721,923867,-
308900600,292941247,1442959,188748,-
238038453,209112035,1443653,114969,-
226859745,190739152,1444592,785719,-
301046824,284071583,1445011,66506,-
304817303,274659815,1445244,1341546,-
268262808,241299295,1445543,971116,-
3019665461,3019505779,1445663,77847,-
166666010,63016007,1446612,34419,-
536369608,530529615,1447128,880147,-
168184168,70083455,1447393,394472,-
289478903,270076055,1447422,641142,-
225412289,190883208,1447796,568657,-
189686496,107594879,1448351,1042044,-
912374399,910604927,1448352,315120,-
171175249,1323183,1449177,881983,-
370339472,359281951,1449549,112642,-
171194625,47538584,1449570,838619,-
186799016,127991199,1449773,246346,-
373674401,362423080,1450407,619400,-
282739200,254692079,1450485,1134188,-
166108553,52209015,1451669,91903,-
164780273,31473520,1451706,202417,-
215990602,177944551,1451751,8946,-
181245817,22927911,1451897,1106349,-
165476593,43387200,1452138,231119,-
646680659,640739363,1452654,1308624,-
357458077,345412331,1453523,44057,-
174189585,93499912,1453813,161288,-
175311288,97275455,1453841,69516,-
165811857,43788016,1454432,31019,-
1413206501,1412413299,1454453,723967,-
2615037969,2614818943,1455611,246191,-
6329816400,6329778287,1456444,534357,-
180421057,108051776,1457909,553346,-
4997384711,4997301335,1458570,1145304,-
182831176,110912799,1460404,667383,-
371313736,358280399,1461044,896909,-
174969057,68558528,1462089,825560,-
215224029,156820427,1462653,1113265,-
192406999,57546103,1463406,1237626,-
626530528,620149631,1464059,1298570,-
172805248,7296735,1464918,862973,-
227998513,192952991,1466725,448049,-
189362953,129141910,1466832,290193,-
202648017,153635608,1467449,491650,-
177090245,95593877,1467558,451692,-
169645141,60511955,1468169,346735,-
821324112,819003823,1468520,421787,-
167204425,8762782,1469463,325644,-
180237473,102944416,1470108,552665,-
218504177,171993696,1470194,905551,-
1980508957,1980088491,1470277,723279,-
896038224,893641663,1470484,1019761,-
189379133,99068875,1471701,1030687,-
207505771,158744635,1472166,698100,-
2548953545,2548711382,1472223,384564,-
615646785,608071247,1472419,1396929,-
840961537,838700881,1472724,530562,-
167729689,6627142,1472730,345303,-
168601341,35526155,1473285,437167,-
4269026720,4268917087,1475232,1058969,-
304402872,286237391,1476566,171873,-
539335661,532372699,1477107,1054753,-
310496896,290996655,1477413,852740,-
879540176,875923999,1478842,1375053,-
598266641,593652399,1479607,593119,-
182341511,3285719,1479816,1060962,-
194926381,59739579,1480121,1243869,-
174429733,48812211,1480653,787465,-
275600401,233166584,1481048,1362421,-
206343377,158313256,1481528,96837,-
250717669,211481363,1482407,1101563,-
931833977,929973758,1482519,272310,-
855419831,852585479,1482624,1081782,-
459053395,448595539,1482696,1129740,-
266927687,236846663,1483296,971760,-
405905953,395854320,1483719,76528,-
178088801,70298584,1483881,820132,-
169662088,30449615,1484428,3661,-
691064992,687653711,1484863,213458,-
170814863,47109935,1485126,348594,-
201343877,148781141,1485438,118968,-
201910289,26427288,1485557,1352144,-
187392616,71191359,1485816,1077103,-
1356434023,1355272375,1486326,1111464,-
212644077,166105931,1486961,615393,-
241193384,200650383,1487633,1013558,-
558191849,549529142,1488150,1323459,-
506132440,498812159,1488667,892150,-
621851789,617331243,1489417,730727,-
172866881,58274224,1490294,432981,-
174223217,31545688,1490877,750040,-
176160085,71877877,1491186,623118,-
201292267,132371851,1491378,971154,-
219473488,169887071,1491559,920840,-
457048717,447167243,1491595,1026347,-
289606104,250799983,1491913,1373614,-
1386332793,1385472935,1491947,17007,-
192217761,128974744,1492003,184898,-
210468961,163406960,1492078,243565,-
172013437,50611371,1492323,136351,-
243969512,212062623,1492820,368809,-
302921505,283313632,1493123,540886,-
247275617,216499951,1493157,183737,-
200723689,145571302,1494615,332088,-
172380488,50248255,1495006,43893,-
172621159,36586087,1495080,560076,-
224962837,185469443,1495445,247417,-
211615048,20629455,1495746,1453409,-
204515021,146891659,1496441,779919,-
204866737,67673816,1497394,1343809,-
172837517,50973963,1497475,216461,-
207323136,690319,1498621,1402348,-
4692475032,4692398591,1499032,56319,-
188762621,71511819,1499207,1069501,-
191385704,94819407,1499219,1025440,-
189673768,25407231,1499336,1150785,-
200191989,119440739,1499475,1060255,-
275835665,251614464,1499620,20597,-
175872285,36401627,1499707,759723,-
616113899,608755643,1499874,1339464,-
1963914743,1963306055,1500294,1185384,-
260722553,232839545,1501428,365844,-
286783328,249667135,1501749,1309174,-
326426445,309638747,1502367,157429,-
359723969,346074303,1502777,124489,-
1040488593,1037392256,1502955,1489636,-
664099704,659985247,1503440,740711,-
189958024,70538447,1503824,1085645,-
176597925,6034307,1504423,787623,-
211618849,163146608,1505021,247646,-
430507297,412682456,1505543,1445704,-
193604825,128271737,1505958,232182,-
594853480,589850127,1507924,557277,-
184629287,103882871,1508034,164772,-
195135199,130804783,1508658,329964,-
213847745,123611359,1508965,1282581,-
179235154,82658503,1509387,229932,-
247073017,209803513,1509600,899352,-
269730521,243307095,1511587,28555,-
197114792,134551183,1511724,117245,-
245780625,193181807,1512507,1245221,-
377770985,365004967,1512727,464169,-
175366240,52676847,1513099,269268,-
206520721,123138944,1513463,1140914,-
191930593,121990536,1513468,299145,-
192488161,24063944,1514227,1167946,-
218608451,69415955,1514370,1484268,-
373301329,360020079,1514575,555225,-
201522200,73398847,1514684,1260561,-
185242417,53860416,1515597,980416,-
371630629,358431733,1515618,96324,-
175915505,6836832,1515919,635162,-
5355425481,5355323719,1516343,1364729,-
179936832,80565503,1516773,317530,-
237772945,161861567,1517011,1405831,-
212698593,160972400,1517257,624372,-
216288352,25935471,1517589,1479896,-
201371169,106755272,1517912,1131705,-
459717761,451163784,1518943,17132,-
199850741,134444835,1519165,689281,-
509086224,501782143,1519391,719828,-
189067381,31559749,1520376,1084602,-
982705864,979981407,1522851,1256570,-
183279864,19137503,1523139,935974,-
175473801,20290855,1523899,204235,-
212851442,116633783,1524765,1276074,-
178654304,65761663,1525434,235771,-
175942075,29254747,1525902,65562,-
314430952,294939983,1525910,304769,-
178911705,66678487,1526051,288683,-
1337932321,1336921280,1526162,136195,-
203818714,45030823,1526274,1310457,-
178903313,19488040,1526726,731031,-
236888113,194287488,1527585,846730,-
1028520984,1026271183,1527716,1137997,-
533873661,527419579,1528033,150583,-
186229849,93387433,1528386,658092,-
194587771,99979339,1529772,971838,-
236425648,197751455,1529939,240926,-
188698400,107284047,1530304,49069,-
176530021,10967475,1530325,352209,-
187286433,100474256,1532835,430858,-
1443861441,1442855816,1533195,933470,-
206677877,133203571,1534137,980863,-
209385873,23335000,1534903,1379062,-
1670518248,1669854335,1535284,98529,-
179263793,57404896,1535808,299725,-
645681953,639001551,1536175,1281899,-
207057433,72116183,1536235,1308595,-
181858177,76200848,1536389,100430,-
7805168626,7805136199,1536924,767349,-
323637120,285848927,1538211,1491074,-
2244503304,2243819263,1538992,1474369,-
217749192,148526431,1539101,1094806,-
181855216,49320479,1539319,727216,-
235428112,195110591,1539791,13492,-
209319688,41525855,1539874,1365533,-
364861793,350184736,1540307,54510,-
233331040,174739839,1540347,1148230,-
382806193,364696616,1540415,1183234,-
1509556072,1508318351,1541774,1294033,-
208563889,127809528,1541889,1074374,-
179274184,18207903,1542032,564393,-
197093605,23987267,1543759,1183649,-
574188145,568343672,1545041,391514,-
227840968,182906495,1545716,59233,-
300872680,277978287,1547378,390873,-
199106817,118033696,1548059,843286,-
198351005,260859,1548133,1197955,-
216963841,76932920,1548481,1414960,-
222661121,64159200,1549285,1496366,-
473539025,458387489,1549296,1423710,-
205350337,50166456,1550044,1288977,-
188639889,95997488,1550409,472834,-
179914161,28466024,1550944,347091,-
180542728,45239375,1551359,83902,-
892778689,890347952,1551605,151238,-
402322976,383519679,1551952,1306033,-
297168269,261272523,1552331,1269883,-
224056712,155364351,1553336,1137791,-
713086369,707745632,1553635,1226098,-
273750400,210712367,1555001,1518166,-
5620634650,5620571767,1555611,567342,-
241898417,176155456,1556062,1296513,-
220058989,144721213,1557162,1149516,-
281486767,248052991,1558578,1033284,-
1587879969,1587065632,1558880,707911,-
519311761,511774239,1559253,561079,-
185841809,27922913,1559664,832086,-
202488280,63995487,1559782,1206819,-
247947569,194363343,1560209,1185511,-
182265419,7025483,1561896,567036,-
1054638605,1052850267,1562159,209557,-
297406025,267567127,1562367,1044781,-
429446375,416188727,1562682,1035048,-
181414521,7600519,1563127,99541,-
389528625,373978264,1565005,946004,-
280233194,225327047,1565112,1461795,-
184711177,57248951,1565281,577691,-
621804672,612202591,1567024,1490599,-
244163416,204092159,1567553,360416,-
213684721,52538024,1568591,1373426,-
184180544,57314703,1568944,115837,-
226509689,125403518,1569696,1375371,-
8046170504,8046110943,1570576,1530247,-
198357024,60534223,1570657,1106078,-
658314161,652814959,1570749,1000699,-
236555137,192357296,1571294,393467,-
183113578,13433671,1571325,450564,-
217458440,34227999,1572365,1425626,-
214806682,155618983,1572729,396990,-
2370765089,2370377503,1572951,801511,-
260548997,210269491,1573467,1226279,-
316026865,293997889,1573590,373272,-
297899657,268582183,1574035,980403,-
720977793,714409136,1575582,1413125,-
207608769,131040208,1575932,853231,-
318074552,283968591,1576268,1327763,-
184432801,36376664,1576916,452519,-
815970153,812860535,1577061,206137,-
187614753,70503320,1577386,500163,-
183744648,20795551,1577623,63500,-
188278416,56637791,1577625,738800,-
193871088,84988975,1577806,830393,-
187993841,68006224,1578174,596081,-
224242970,171688199,1578243,322920,-
228496197,26639251,1578779,1545023,-
191210017,87219576,1579193,573384,-
184785145,6043822,1579878,530631,-
239959968,195593951,1580345,557772,-
229468259,115896323,1580394,1438998,-
184681609,34522702,1580700,348681,-
267151921,231957624,1580831,764286,-
490813761,474516320,1582050,1504747,-
223179000,164455039,1582175,796328,-
221764368,128890751,1582290,1257029,-
302264865,277112912,1586557,99294,-
4047359849,4047230823,1586831,94991,-
186191441,35515889,1587006,508122,-
1286385129,1284450503,1587313,1341801,-
444492319,431780287,1588290,989178,-
185390512,1170911,1588729,174436,-
192102325,81368787,1589307,642419,-
200556955,114989419,1589310,638652,-
245364689,199500408,1589767,816362,-
392170361,377792919,1590019,206749,-
424379768,410221071,1590190,1000783,-
390796888,367711695,1590303,1374398,-
212525171,147371795,1590438,97950,-
199970689,103199439,1590495,840115,-
528771841,516004920,1591167,1417940,-
197488031,10684319,1591332,1065396,-
194455312,75505583,1591577,843310,-
226539313,113633640,1592013,1390184,-
457261777,443978271,1592027,1136553,-
1154428641,1152808639,1592341,443989,-
188179379,37697363,1592742,646458,-
276606329,244989302,1594047,226590,-
2043680016,2043018895,1594450,1161169,-
5977009696,5976948975,1595305,418338,-
1006086673,1003938600,1595892,387019,-
219880257,155959663,1596169,767005,-
216588313,152088375,1596621,615923,-
255306465,181014272,1596727,1432416,-
206011697,124603263,1596815,744451,-
1336257129,1335042103,1596863,133651,-
391638817,376900616,1597753,336412,-
206450458,131363431,1598658,167895,-
210739809,141126688,1599556,214313,-
220073381,158356035,1599605,612227,-
199698389,32575987,1599711,1083935,-
189700665,64895927,1599983,43569,-
214663656,135309215,1600298,961875,-
259135835,197142107,1601016,1334244,-
191306489,12405542,1601475,805872,-
555579521,544476384,1601794,1367237,-
270715181,230221179,1602083,1012247,-
206840408,118158735,1602506,881873,-
187953605,34032787,1602843,75233,-
190871793,70188416,1603313,69150,-
990476721,988021360,1603475,879316,-
409343809,395588497,1603722,514500,-
207125304,101608927,1604890,1047229,-
456334968,445448255,1605167,198984,-
257777429,186986307,1605767,1409125,-
586500936,579971599,1606621,146668,-
192691653,48144595,1606727,784387,-
1724852269,1723418283,1607687,1572063,-
739106929,734993048,1608061,365528,-
191963701,71679939,1608499,328329,-
225394625,114689512,1608657,1342208,-
55979959608,55979958751,1608740,1079687,-
342088849,308264648,1609384,1416917,-
191240465,61813584,1609450,468631,-
301713213,273964235,1609707,658783,-
403268544,389000767,1609906,105845,-
441143593,422376190,1610106,1394037,-
275655969,196927048,1610233,1601992,-
235897253,184418611,1610485,598017,-
189216560,15406639,1610629,450960,-
192071369,69461527,1611893,23865,-
189472697,7731751,1612707,439481,-
248959498,137480791,1613769,1568340,-
203815392,118588463,1614277,301260,-
2252537675,2251711259,1615350,1549608,-
379150581,361114499,1615767,879533,-
4903823165,4903715947,1616101,977607,-
238576913,175899736,1617660,1065589,-
192418233,55472071,1617793,567235,-
228940449,163806272,1617949,931110,-
224159953,163575360,1619586,281863,-
232680689,162861168,1619692,1086877,-
364683904,334211727,1619910,1438703,-
1833931873,1833021200,1620466,1229971,-
205786130,101420087,1620579,937986,-
328170801,305253344,1620621,189116,-
402359553,381781480,1620766,1268773,-
5034400040,5034301599,1621907,866950,-
235991555,91837907,1622316,1527306,-
232705301,46793779,1622631,1536023,-
1475418737,1474254696,1623314,898543,-
213485881,81734494,1623333,1223316,-
194658251,74046875,1623870,358068,-
253215665,173153537,1623882,1422144,-
191539919,18351983,1624614,483546,-
223859553,22754800,1625246,1434067,-
218768529,141316408,1625312,904661,-
211893680,136254079,1625659,29610,-
203082153,104077655,1625777,715413,-
191244297,10473703,1626017,236345,-
374841384,357306703,1626541,476236,-
1257406640,1255104367,1626786,1404983,-
223640625,139577512,1627021,1098952,-
1379711690,1377776087,1628568,1414569,-
230030729,152271998,1628694,1125501,-
554946754,547219543,1628907,44646,-
208000865,93039952,1629546,1033837,-
4063881533,4063699291,1629925,1184877,-
505898125,492851067,1630873,1280331,-
195330584,71450623,1631653,96054,-
194692117,61457091,1632429,464113,-
260388005,214104389,1632522,926610,-
192258480,7508399,1632700,95451,-
213488200,137557647,1632849,369874,-
198506329,2562263,1633399,915961,-
343024001,321473664,1634608,7391,-
231050053,167844275,1634819,824879,-
224485144,160925663,1634941,50626,-
193183464,29114687,1636875,277498,-
1279269153,1276420760,1637292,1612871,-
403472897,383321776,1637413,1213638,-
194353089,33553808,1639034,542517,-
462934768,449492511,1639693,1038990,-
231819937,159650568,1639719,1037780,-
509572264,499917503,1639768,621839,-
206278225,115631544,1639845,31652,-
253552056,208051199,1640508,477631,-
342072361,319160350,1641570,710379,-
272402529,190508623,1641617,1567451,-
324786473,278349470,1642161,1525968,-
196663883,64802795,1642362,491718,-
2126479466,2125927559,1642692,671667,-
194023825,10810992,1642872,366571,-
208842641,22509880,1642965,1160044,-
194079629,25073403,1642991,296707,-
386755633,364885201,1643130,1186266,-
343827848,321870831,1643735,135818,-
211088733,122951611,1644235,698579,-
203224042,100940023,1645131,446610,-
239488522,184041511,1645353,645138,-
471532513,459919921,1645434,689820,-
275701325,237244747,1645743,718999,-
196266688,19472271,1645830,681391,-
194495296,8794895,1646813,207760,-
247141616,197234079,1647443,487178,-
197329056,65941615,1647445,418964,-
235527336,68416495,1650071,1519570,-
215897549,111143323,1653213,1051081,-
195617066,18706775,1653225,306444,-
207244360,94576527,1653231,874558,-
232118053,170597365,1653324,513174,-
1089244280,1087136047,1653819,304328,-
206763968,107667855,1656488,499069,-
212563033,90583486,1656672,1073565,-
872514897,867015688,1657982,1489625,-
426001856,401567839,1658023,1495128,-
500533089,490213183,1658413,427133,-
288500801,231704319,1659071,1413937,-
255222457,135254103,1659185,1601127,-
380125201,358482144,1659762,1061353,-
219223597,62568971,1660981,1279411,-
201933488,85238575,1661177,90846,-
198400600,51745119,1661415,477064,-
1295230976,1293714319,1661443,258048,-
259453153,214137800,1661926,363251,-
207987632,105241423,1662874,656385,-
199388144,59067583,1663144,513807,-
518316569,499328198,1663191,1632246,-
216904721,136287064,1664361,26674,-
404299409,385698408,1664939,1005976,-
202415752,80555583,1665105,537544,-
1640503520,1639533007,1665183,614338,-
209571385,114003879,1665987,372455,-
300582329,268903742,1666326,244455,-
198537101,42470955,1666457,438455,-
215680960,4130879,1666991,1232960,-
317021937,288861928,1667968,368605,-
281368917,233668883,1668295,1153551,-
199345752,55637711,1668358,214047,-
244650225,151855567,1668799,1356487,-
290284861,255626795,1668871,80405,-
243834753,177257776,1671355,1029782,-
211237904,71953183,1671753,1055792,-
632214317,624118891,1673283,1149181,-
223235449,148517943,1673641,229353,-
670560937,663129351,1674629,1196517,-
1596597503,1595560271,1675002,485100,-
1258627568,1256430255,1675378,1263143,-
288310605,246432907,1675513,1028369,-
231271570,74404999,1675818,1420455,-
220171729,80057208,1675846,1227783,-
214205696,118813279,1675869,716474,-
213064525,120854557,1676226,335028,-
219598776,139132799,1676328,1567,-
635459381,628610659,1677067,738327,-
216062353,128985080,1678268,292693,-
320354399,292042847,1678368,429120,-
337520977,285072096,1679124,1645669,-
216868481,117662320,1679636,884385,-
418194165,396524947,1680319,1295647,-
256216673,147214095,1680907,1541489,-
252429641,70904294,1681878,1667253,-
603040321,595567104,1682128,463311,-
276677939,227916803,1682586,1072968,-
436948261,421606645,1683372,820050,-
247815168,192932911,1683724,152635,-
1122531665,1120252152,1686041,848554,-
200988457,17075878,1687398,289635,-
325214585,297306062,1687557,286908,-
211799833,102800590,1690356,707523,-
217119965,127294637,1690716,195366,-
280639125,231733507,1690877,1103761,-
650367737,643833926,1690884,428061,-
2572861625,2572405959,1692533,957655,-
265532873,206372201,1693002,1144770,-
723961625,716087767,1693851,1415491,-
16371628049,16371617424,1694005,745300,-
346136821,321515571,1694015,9015,-
207643073,80978856,1694200,653999,-
215603633,95822040,1694668,972563,-
263818892369,263818892328,1694674,747929,-
917991025,914451912,1695732,895933,-
233416346,148897895,1695738,1034985,-
202849969,33678872,1695809,443390,-
596039840,580102767,1695863,1695518,-
341909936,316319295,1696303,447680,-
964205013,960753715,1696331,1070099,-
651162289,644114463,1696611,873703,-
250793304,184973663,1697309,1034646,-
218424225,120059912,1697748,786329,-
246656890,188440759,1698108,62385,-
985425045,982541267,1698841,465807,-
530786593,520210801,1698900,810378,-
204198125,56830397,1698918,68424,-
204314809,24139273,1700226,630888,-
226295853,5182651,1700545,1340149,-
1128072929,1125730927,1701245,859521,-
240486585,129327767,1701757,1353741,-
1546372032,1545199151,1702212,330821,-
1070152584,1067485903,1702477,926912,-
331621096,303840159,1702761,334736,-
1139294177,1137105568,1703049,553480,-
235492111,166365199,1703748,412752,-
347398397,322363291,1703779,55083,-
572982746,564271655,1704030,368487,-
239671129,174303913,1704624,409902,-
234316257,11172776,1704846,1449613,-
752135696,744059455,1705390,1502859,-
343035649,317123423,1706167,18287,-
34306127113,34306124710,1706181,317118,-
294345665,257198512,1706613,267838,-
225496265,8526727,1706739,1313899,-
346188241,298564129,1707066,1589508,-
380391785,359674334,1707525,327006,-
1199805355,1197803899,1707870,590076,-
265971937,198687416,1708723,1250686,-
596204609,587545128,1709242,867221,-
474625216,459753759,1710228,1043063,-
209060664,82697663,1710512,324687,-
219699449,124027767,1711145,592487,-
282153061,211846979,1711633,1445983,-
210059018,12077495,1712187,905694,-
3394311097,3394023671,1712857,1073113,-
275236705,230156209,1712970,470244,-
224140768,134552255,1713551,671272,-
206392368,54089135,1713878,271449,-
814889101,806639579,1713989,1662431,-
2963473937,2963066056,1714746,1203671,-
258706721,203986584,1714892,649913,-
237960945,168841327,1715347,244987,-
205798409,31550103,1715993,343451,-
217532352,47071183,1716275,1109044,-
253848225,56077192,1718243,1652938,-
231904381,154873165,1718436,437550,-
571299953,561832080,1719602,781841,-
358969697,332756511,1720103,900391,-
1011112929,1006407304,1720330,1538765,-
265049913,135097655,1720747,1648611,-
460091503,445092031,1721040,816738,-
280411624,236028143,1721653,581288,-
495394049,483159448,1721698,131877,-
4567630753,4567479215,1722451,908849,-
206509128,913055,1722678,71533,-
292962849,208257224,1722745,1643940,-
816229432,811146591,1723161,1063504,-
230989168,146581935,1723266,772633,-
497163109,472913987,1724107,1696435,-
220053344,121560223,1725154,210387,-
572649309,563484043,1725911,63371,-
209627265,35810704,1726075,733466,-
631865709,624271547,1726353,569195,-
283769857,239986136,1726757,610138,-
3315858193,3315584600,1726871,601418,-
213165077,41163651,1727443,918497,-
336111341,307369659,1728751,94261,-
208736600,51885727,1729478,303891,-
249145345,186542072,1729919,367528,-
217195259,36656843,1731276,1049406,-
977664421,973193699,1731691,1393307,-
411422217,390845431,1731703,985261,-
243338146,113349319,1732248,1409637,-
524551181,513356765,1734198,84900,-
322026792,288534191,1734247,756666,-
212861761,4110639,1734337,879051,-
501615088,486613055,1734581,1179626,-
231366657,148246976,1735838,468453,-
233252344,77268543,1736367,1331072,-
1342630625,1340298072,1736558,1367629,-
284549409,227875112,1736610,1205443,-
646007265,638646512,1737271,208548,-
208858666,11150599,1737279,128814,-
352951537,310021743,1738675,1497819,-
259438145,202226127,1739393,443261,-
760611626,753844535,1739745,1254876,-
284655137,240405336,1739794,308093,-
602021121,591608104,1739936,1183553,-
210730320,56970767,1740273,174806,-
274253941,209043459,1740603,1233359,-
237328945,159254712,1740897,615214,-
1244341824,1241117663,1741186,1548291,-
234338625,149906432,1741519,741012,-
283437181,236935899,1742283,710317,-
298190368,227934255,1742454,1528199,-
1299347816,1297395519,1742923,896258,-
233315993,149113145,1744686,588414,-
375572496,352223375,1745263,186330,-
296383200,247252367,1745542,1130961,-
298735472,258002751,1746002,662347,-
214604976,78639199,1746592,549721,-
532997040,521731567,1746604,552629,-
218467834,85334263,1746816,838719,-
210542530,8765239,1747497,288480,-
212193889,59417528,1748393,67348,-
232987269,46022003,1748451,1337903,-
263461352,146254191,1749961,1550594,-
211551789,16986347,1750455,522017,-
237379137,158330576,1750932,299249,-
247319313,21241976,1750935,1546442,-
240479593,163293910,1751043,623922,-
253275280,37269519,1751136,1614365,-
231830597,60449811,1751333,1297183,-
212179121,48949920,1751725,371612,-
213581592,30395663,1752490,729039,-
308273989,256881027,1753941,1302875,-
253137463,152056375,1753944,1341768,-
232349704,30107487,1755559,1318020,-
522659689,510148078,1755663,844704,-
213188741,12443059,1756181,647031,-
225380208,123924335,1757532,250091,-
356198389,329033283,1758393,325747,-
330256861,291542555,1758715,1137397,-
222039763,102561955,1758756,740118,-
284192194,233632183,1759962,882291,-
623571089,613777663,1760199,1132733,-
231797993,41722070,1761831,1287384,-
214477017,61237351,1761853,167521,-
937521277,931165261,1762296,1626642,-
975491832,971952271,1762372,805507,-
246102033,172810120,1763339,526144,-
253673993,187952510,1763751,291528,-
406718593,379963680,1763832,1287071,-
239760961,152924664,1764053,850254,-
516538953,504102455,1765207,296307,-
695237945,688458542,1765494,373911,-
369498539,339077963,1765506,1149582,-
238335413,152473685,1765722,722898,-
249629297,170092481,1766358,974016,-
698676272,689525647,1766545,1366530,-
443202893,408747915,1766803,1733107,-
260235650,196918247,1766832,702099,-
253941898,29012215,1767183,1602744,-
216919985,75515439,1767947,286915,-
317704073,251010185,1768692,1594656,-
215088640,54755807,1768711,31948,-
242832377,163910486,1769601,574974,-
231371456,15267439,1770608,1264149,-
219041745,80594152,1771451,610252,-
232776487,135579511,1772796,702498,-
464126945,445934712,1777097,1073564,-
241827945,15715207,1777181,1428413,-
275265257,120444638,1777281,1738380,-
306690768,265007135,1777527,709136,-
236468113,48580160,1777556,1329493,-
264318856,103876239,1777888,1646787,-
220179919,84399727,1777974,531510,-
452770955,427383179,1779912,1473780,-
1528131093,1526696131,1779989,262615,-
2320225465,2319603447,1780167,155321,-
2181716901,2180505539,1780453,1640301,-
220320953,68885081,1781430,738066,-
217484561,59550384,1781609,158602,-
258705096,118331375,1781685,1537012,-
297937205,205623557,1782984,1662906,-
577746736,558312639,1783628,1717071,-
282168089,229910503,1784031,654131,-
485550856,470727695,1785614,189745,-
217412869,5943987,1786229,557385,-
3462942101,3462658709,1786848,132972,-
224370161,102341935,1787529,341705,-
246535111,168262759,1787982,135918,-
221344210,85068487,1788363,56688,-
964327296,959847439,1788977,1217474,-
316733905,278118864,1789829,45840,-
254803745,20739744,1789945,1582352,-
229753809,39481208,1790727,1155626,-
316598632,268219151,1791008,1210717,-
4633432801,4633265759,1791307,824381,-
994241181,988589659,1792643,1586659,-
239895425,32985184,1793185,1360944,-
400496273,373144625,1794486,1176126,-
456678473,437229590,1795314,1061349,-
256372465,168346664,1795535,1139446,-
529763009,516533487,1796701,815305,-
224667443,96915971,1797090,55356,-
131972380961,131972380680,1797571,1435070,-
233501329,131214048,1798064,373803,-
233140337,78684088,1798275,1146472,-
249086000,165360159,1799708,815305,-
263514353,48550815,1799849,1665251,-
329259968,254562495,1801508,1715791,-
240030333,133591211,1802303,972285,-
787425912,780469231,1802647,1227022,-
885417505,878907279,1802825,1467309,-
263370297,197172631,1803067,428059,-
237088235,83257787,1803222,1214664,-
220746568,25172495,1805842,570959,-
341864833,307450575,1806147,707471,-
282599065,148385879,1806745,1714759,-
772421873,766409520,1807247,318734,-
494442352,473336543,1807324,1428025,-
258555353,187503175,1808269,161847,-
640010145,626669152,1809763,1519246,-
293732229,240597523,1810091,908191,-
239700264,144145423,1811869,5104,-
265150322,198738071,1812171,293022,-
409611937,381307776,1812324,1257049,-
282752169,198101783,1812383,1417899,-
231048683,115361675,1812534,276618,-
246661801,156745510,1813245,767118,-
368409021,326888075,1814163,1435015,-
269556168,10644415,1815061,1718986,-
258185041,100581000,1815408,1519525,-
313812104,271576479,1815575,300280,-
279901633,148327455,1815787,1670901,-
223262305,49632504,1815866,604845,-
378510475,351003739,1818204,485550,-
297449008,248048255,1818373,591442,-
243414737,150369016,1818738,533383,-
263137385,193777719,1818815,120173,-
601537349,582798963,1818929,1720781,-
322074661,282100179,1819493,72423,-
858389445,849143587,1820083,1743701,-
1035932736,1032500735,1820746,388005,-
1674051245,1672433947,1821219,1267697,-
253563865,1978247,1821619,1516697,-
4205616888,4205402335,1821827,778778,-
870319352,865420303,1824046,48945,-
223216173,31296955,1824253,357209,-
848093301,842928259,1824347,106127,-
264490577,194694408,1824640,441883,-
456161321,436560590,1825605,883662,-
1677753936,1676395375,1825678,771145,-
276647969,197118328,1825914,1244477,-
1549440824,1547821183,1826102,854469,-
282311441,220406880,1826308,904075,-
326334520,282785279,1828684,988865,-
757746000,749046559,1828694,1380365,-
12150389553,12150357296,1829645,1324764,-
306087985,216902687,1831153,1639739,-
520811513,506469950,1832427,526872,-
281574169,222283033,1832652,497172,-
731649697,724556591,1832677,95737,-
242846629,76329363,1832833,1268883,-
311712801,245945024,1832889,1425088,-
262117259,186399323,1832964,703206,-
319790657,230340831,1833289,1740959,-
266292989,75221739,1833685,1635335,-
365954909,327910363,1833847,1250001,-
424978856,380911359,1835176,1784641,-
18926549936,18926539039,1835661,772342,-
680716745,672421454,1835784,429255,-
257704337,86120776,1837577,1500834,-
246523789,122859483,1838213,1143519,-
295216357,242653621,1839018,242004,-
1480889656,1479141279,1839891,414802,-
17723534953,17723515335,1841221,1626267,-
230672581,55432645,1841580,880848,-
696368901,681935219,1841669,1735017,-
301897425,172263784,1841708,1816955,-
230402005,88268067,1841853,431479,-
346512992,301145743,1841910,1291921,-
244478377,145832878,1841925,156678,-
253909889,167055888,1841944,665951,-
1399176561,1396406144,1842243,1473992,-
371270949,314934547,1843865,1701493,-
236785553,119343055,1844507,184893,-
252926266,98521879,1845108,1380663,-
365624285,333898587,1845523,474653,-
372440589,342072347,1846783,226965,-
425274581,400499235,1848211,1001575,-
463051093,444118261,1848930,174882,-
228280488,46081775,1849833,546218,-
230540177,81486696,1849934,61687,-
231798224,89383407,1850950,232279,-
269326897,42612128,1850960,1666931,-
231008768,81721791,1851430,423787,-
237140761,110566119,1851519,694099,-
397849681,367110944,1851958,1147609,-
247799045,137962899,1852165,952049,-
273048713,100323351,1854283,1656265,-
581453522,568633031,1855221,966468,-
292008608,214395535,1855722,1335953,-
709738240,701789087,1856434,189587,-
233663170,62495239,1857372,884565,-
2753913755,2753356907,1857522,934224,-
1484173608,1481346335,1858132,1610487,-
231389912,63435871,1858398,673693,-
240669360,112833439,1859053,864670,-
230531965,23966667,1860249,715859,-
292889321,219470894,1861902,1261941,-
364416209,327762543,1862119,1037743,-
458268769,438126863,1862167,583261,-
241775569,54819944,1863545,1175290,-
230391689,53652902,1864020,216063,-
241485216,125112719,1865152,384381,-
231990077,56462861,1865478,664608,-
248694145,132211104,1866555,982538,-
277775285,187960757,1866732,1275804,-
769943952,761001071,1866837,1375012,-
242010353,96346865,1866948,1031316,-
580194657,567606896,1867159,730092,-
338157751,293810359,1867944,1031232,-
373047128,338630895,1868021,975908,-
393224544,364393967,1868556,689995,-
285688152,223163711,1868853,264194,-
372049465,321369817,1869162,1571718,-
430542545,397593487,1870023,1474553,-
721522469,713533507,1870089,574265,-
441730485,419755747,1870219,113897,-
388056624,358517423,1871079,559718,-
241628609,110927392,1871505,830036,-
5033058809,5032777118,1871988,1738059,-
671784109,661951357,1872270,954684,-
340881848,299953935,1872728,754013,-
369080645,317662227,1872769,1559867,-
247796365,142680267,1873143,96191,-
260457952,174237903,1873378,499935,-
234459233,65614696,1873875,724826,-
1450081841,1448057464,1875438,785761,-
308638001,236601640,1875807,1393810,-
365175848,328260415,1875957,984886,-
9642451426,9642406039,1877691,691794,-
471131672,433299711,1877896,1812287,-
232021769,31049078,1878606,275691,-
2158385825,2156965152,1878749,1648402,-
278077157,208322323,1878807,203915,-
324891265,278979807,1879021,582051,-
246216152,134340511,1880196,259369,-
253452875,154845419,1880550,499086,-
1349253473,1345492960,1880778,1680109,-
954339697,949734623,1881103,147035,-
281040589,213042987,1881361,58815,-
1351967497,1348686423,1881595,1525353,-
445895344,420850383,1882061,1119072,-
294247265,191831632,1882474,1555821,-
289061097,224088071,1882569,763489,-
238107149,89975213,1882782,672882,-
234833321,3958519,1882911,785491,-
505365929,488382713,1883298,58032,-
430666353,406083160,1883473,756838,-
5152123328,5151945375,1883482,1122157,-
610032434,598078103,1884561,829116,-
2083735591,2082753655,1884792,637050,-
270345089,168414927,1884815,1239613,-
242466121,117070534,1885611,301314,-
267928629,84575747,1886175,1563227,-
607251825,594731552,1886454,974737,-
1556927035,1554258139,1886610,1609254,-
297475969,118562648,1887946,1859387,-
316459729,236840688,1887974,1545273,-
364807082,306875207,1888785,1622130,-
290104489,191249038,1889499,1470342,-
282916448,203956095,1890683,1084358,-
1015217337,1008762551,1890811,1629459,-
233949561,21823879,1891031,283531,-
761893741,753820525,1893240,1015392,-
249359273,99406430,1893822,1134987,-
333125840,259340559,1894306,1605775,-
246598247,128326151,1894422,231102,-
910703481,905495479,1894463,242161,-
2530928096,2530230799,1894563,846124,-
270514713,165689975,1894841,1238913,-
308301136,210010719,1895527,1634172,-
244553872,118764191,1895849,423568,-
265027488,75186895,1896008,1514957,-
847293913,841224855,1896237,469259,-
395074993,362614280,1896403,1012624,-
295255293,230675675,1896497,852543,-
295050335,233588399,1896630,122076,-
276388481,161681440,1896635,1409502,-
2072719633,2071706175,1896767,578427,-
866029448,856311855,1897052,1715899,-
283251119,202525007,1897098,1100370,-
557397991,543117799,1897404,324852,-
857355617,851437071,1897423,45109,-
281537653,207966515,1897547,772517,-
251724505,136134697,1898052,818538,-
347512069,306609877,1898376,627750,-
3822403269,3821882323,1899221,1770241,-
653433857,639588016,1900699,1440942,-
304804552,245600111,1901257,813074,-
646120450,635390407,1901274,621753,-
617365253,605018595,1903483,917629,-
249741490,98205367,1903518,1106787,-
253226656,86128719,1903553,1253526,-
251183409,46721128,1903994,1270303,-
419603629,393030013,1904664,272826,-
1221252143,1215355775,1904718,1902228,-
704585165,693086059,1904875,1385181,-
473529953,452514351,1905001,768635,-
1087586719,1083459823,1905282,1089948,-
376736493,332809675,1905683,1359787,-
376891145,301222862,1905744,1899351,-
420665733,394058771,1906449,448795,-
527227673,509340135,1906589,1047151,-
353282448,302183615,1906752,1345807,-
242959040,93757279,1907363,728850,-
263018760,77042927,1908422,1454313,-
1712680633,1710793225,1909368,1347762,-
339363837,295270171,1910807,313639,-
260143848,150258175,1911106,966683,-
3739921426,3739510135,1912368,1403625,-
242350640,29057359,1913133,949700,-
239374273,51163023,1913475,648145,-
267927985,142846344,1914861,1302020,-
849754913,841571776,1915260,1423033,-
264674002,22282231,1915326,1500723,-
294062672,222993231,1915934,964417,-
238060008,15201695,1916397,107522,-
616742549,604678243,1916597,275409,-
292001544,224973007,1917040,266189,-
1107967453,1104261915,1917567,532297,-
2123595373,2122589245,1918812,471654,-
845043129,837039863,1919193,1359577,-
257415537,68532536,1920464,1330371,-
780706289,772454208,1920608,1072541,-
444119149,404149803,1921413,1679509,-
250654417,126989816,1922236,466043,-
289144881,69970880,1922273,1786110,-
464883521,442670424,1922302,514069,-
323249818,210346375,1922397,1813332,-
2152975521,2151076760,1922490,1888541,-
275541873,193548751,1922815,95911,-
337472305,268339952,1924012,1524979,-
270777829,7433653,1924818,1573284,-
388616337,349142008,1925302,1243255,-
289075677,112157563,1925885,1731509,-
298705514,173126327,1925925,1666062,-
239926553,32575111,1926569,127635,-
361282841,321874455,1927019,375965,-
1588479009,1586432383,1927139,1138451,-
1029036893,1022248445,1927782,1661022,-
250550581,120100405,1927980,650664,-
505669873,486567360,1928739,719776,-
500030279,461004263,1928958,1906194,-
374085709,336360013,1928964,818748,-
12295348681,12295294775,1930045,1803161,-
364992449,322123008,1930456,1070161,-
419570809,391279102,1930869,487860,-
627475281,603481144,1932388,1910683,-
1624625231,1622855759,1932432,474912,-
312510617,225780326,1932759,1499574,-
358748637,274087387,1932925,1846355,-
242493249,9593152,1933336,732175,-
260241848,147745215,1933711,804124,-
291096097,219846111,1934673,420193,-
35019301352,35019296031,1935347,1534666,-
674598448,655516815,1936323,1831976,-
259238501,60062309,1936584,1331184,-
421540440,393204527,1937676,355589,-
551143153,525565320,1937676,1689443,-
458767673,434883255,1937777,676399,-
7492334443,7492250635,1938234,138594,-
424408144,396460703,1938583,277012,-
243166113,59351375,1938959,432459,-
277515200,123030879,1939300,1522009,-
1210442053,1206115141,1939620,1479972,-
431492528,404444175,1940431,243454,-
419117272,390177951,1941929,149448,-
1424003008,1421650431,1943094,425125,-
320778578,259777991,1943529,1048530,-
691990544,676502287,1943778,1653775,-
1206705289,1201034398,1944099,1794582,-
290274640,201618767,1944211,1185392,-
373940435,327764387,1944948,1289778,-
324595121,266888400,1944950,968513,-
604197721,588576695,1947113,1230895,-
336108073,277808775,1947257,1211073,-
243816977,37762536,1948138,436823,-
294317493,196900595,1949079,1360801,-
804721825,796745377,1949196,976116,-
1613921197,1612061771,1949311,522719,-
3875641376,3875213695,1949535,1482068,-
248785272,97149743,1949536,436155,-
633341608,621031055,1952314,124817,-
1069710593,1064999343,1952675,1118185,-
248600087,15899831,1953078,948522,-
260285169,70220048,1953629,1284312,-
279515665,58138367,1955549,1627591,-
10178470784,10178385903,1957216,1849739,-
271453216,26388639,1957278,1517869,-
1035370477,1028092571,1957529,1710373,-
3177928579,3177274963,1958184,1502454,-
318582617,213373911,1958281,1677241,-
316790267,170853323,1958358,1864920,-
1769715717,1768144211,1959813,38881,-
274052145,179686847,1960059,381977,-
1205487365,1201984387,1961233,810807,-
272631240,148281919,1961461,1218130,-
799347185,791490184,1962160,548067,-
2297258881,2296320600,1962811,281130,-
268335857,37612096,1963172,1449501,-
986291877,981125171,1965221,537489,-
4427846225,4427444897,1967694,1713072,-
391895930,355923479,1968084,557385,-
502773217,481192703,1968163,903965,-
253313249,107558232,1968247,219940,-
281332677,153686051,1968651,1379053,-
472032136,437169215,1968704,1603025,-
2531944545,2531160464,1970153,307080,-
603884059,583116523,1970604,1618854,-
3204612173,3204061195,1971399,1169039,-
385724229,347239507,1971955,795031,-
329795570,274165607,1972977,575214,-
260240416,134804159,1973632,220273,-
3188571681,3187749544,1973944,1773241,-
412311073,379741400,1974644,599417,-
505340353,484641000,1974936,256337,-
331958593,249707960,1975729,1550068,-
1066706405,1062161779,1976925,645113,-
342047909,289998627,1976935,772033,-
269968949,130535763,1977989,1210163,-
495637377,473441752,1979515,728350,-
294885777,84677528,1980053,1763160,-
1086210497,1081703441,1980192,845646,-
265404913,148438400,1980922,402289,-
721261009,702108968,1981319,1923626,-
841267272,832751311,1981471,1255334,-
268510257,147736648,1981826,917345,-
3334756073,3334064441,1983108,1660530,-
2821728208,2821068095,1983121,738472,-
291395744,60233103,1983488,1734269,-
5027355825,5027147264,1983725,756504,-
347075193,237015655,1984237,1898569,-
358332424,299954543,1985626,1365623,-
256200953,6248345,1986306,1057422,-
1319828936,1316829039,1986347,521272,-
293830825,4632934,1986567,1769040,-
261219281,130635504,1986826,334201,-
308882673,239353040,1987242,634319,-
608816397,594128123,1987255,766971,-
304537841,103694544,1988977,1840658,-
811517857,803484648,1989840,439001,-
553423905,535775024,1990668,189305,-
398753681,352771384,1993848,1386731,-
410756393,376672430,1995393,289104,-
69231709993,69231708886,1995657,486840,-
305962129,49096488,1995669,1886356,-
1048470977,1043600928,1996079,577760,-
314713049,247945783,1996167,472511,-
253363809,70754728,1996823,327088,-
276652025,89636199,1997045,1460351,-
266974785,95984192,1998251,1217934,-
438538969,406845262,1999053,1006500,-
274180721,166760560,1999190,15441,-
452147482,411765607,1999785,1604490,-
428017441,396633104,2000372,233543,-
300042609,92224528,2000872,1787069,-
959455682,949262183,2001180,1854003,-
257836979,100512947,2002140,488448,-
255947261,75446429,2002662,708546,-
264330880,129196479,2003500,668913,-
2811566385,2810873104,2004038,744545,-
312947672,90488511,2004688,1925903,-
285643373,192668331,2004793,127855,-
10788293489,10788243952,2005170,1031087,-
391281105,346889432,2006848,1180677,-
257335618,35776615,2007393,932922,-
411872992,365179551,2007522,1490003,-
341833336,282166959,2007606,1053721,-
255027793,66654200,2007634,460519,-
292058072,205365871,2007786,14519,-
294031648,85304271,2008097,1709430,-
942203777,930739776,2008699,1930222,-
402507133,356497035,2009511,1377181,-
337026413,279970651,2010165,307033,-
575976970,558865207,2010177,669864,-
309613261,4925355,2010921,1910665,-
260351857,43310936,2011631,1044614,-
265377248,132152271,2011646,270305,-
322339979,203238443,2012118,1717722,-
627827786,613583639,2012748,478983,-
3786845504,3786172303,2014467,1879864,-
254567963,26834411,2014590,277164,-
3485463361,3484900080,2015272,1416975,-
262597835,95911067,2015442,923052,-
612841753,587045305,2015934,1835202,-
447577553,409866303,2016425,1437965,-
259703777,95417496,2017456,534007,-
17554554733,17554531851,2017995,1462141,-
258676721,82972480,2018225,618738,-
260911216,19594719,2018538,1036099,-
350332601,268736630,2019165,1624668,-
457564288,429272831,2020453,412870,-
271438784,148857343,2020993,368592,-
1614809576,1612666879,2022491,296982,-
281868912,153514351,2024546,1185719,-
268816505,94174214,2025096,1153725,-
324696061,84258555,2025375,2024729,-
256882360,28774847,2026034,528427,-
263583536,113330799,2026261,110464,-
312545352,232773071,2026401,1013894,-
910193989,903343443,2027469,176023,-
11258932368,11258887711,2027575,534724,-
374207641,327385559,2027831,796183,-
310434431,48026399,2027838,1895022,-
2051654033,2049675040,2028663,1683326,-
1373627480,1370622799,2029290,337151,-
257504976,13259375,2030345,530418,-
1220306017,1216122623,2032217,1119185,-
3212137416,3211226335,2032505,1826408,-
332431200,269877679,2032859,237700,-
316703714,186491543,2032914,1692219,-
473665329,441013888,2033377,1358074,-
654855377,640915768,2035707,785540,-
377849353,331043975,2036507,826157,-
646388081,632355624,2036783,62594,-
308927344,153730047,2036955,1714166,-
548898389,529136117,2037246,197310,-
328929585,193942352,2037363,1823804,-
506583568,466086015,2038533,1840834,-
285690985,174146182,2038836,932823,-
324562765,256672237,2038854,33186,-
261167265,81050752,2038883,134906,-
281899281,39595144,2041577,1492886,-
1238981569,1234829007,2043111,1130725,-
276489913,126785686,2043261,1136580,-
321600841,251009854,2043699,218022,-
1031472765,1021046347,2044141,1983673,-
299920042,138127591,2044293,1619436,-
270387912,118411183,2044315,895048,-
11258166113,11258119320,2044838,745363,-
534160053,496058995,2045417,1892929,-
494816657,469654416,2047019,30524,-
268058785,117583752,2048419,413406,-
2205816626,2204442839,2049846,1242693,-
302636618,215846711,2050026,44325,-
380804176,302822175,2051000,1767351,-
422384642,376997831,2051928,1418427,-
371834992,322833903,2052984,50165,-
338188353,275455000,2053391,158836,-
261136097,24335376,2053687,260312,-
1405024240,1401931247,2054674,821143,-
263315201,2414849,2054988,806652,-
330500769,119757872,2056166,2015715,-
1055531248,1049523135,2056312,1202097,-
383525981,290238379,2056547,1936983,-
492360385,447418129,2056638,1857360,-
1573778864,1571362287,2056720,431627,-
274991162,5764631,2057097,1303596,-
320771809,221806847,2057579,1428965,-
1461209337,1458401143,2058395,176467,-
264752720,83382127,2059029,245716,-
309358552,169804671,2059084,1610913,-
912281945,897887462,2059842,2041593,-
8417811360,8417723407,2060384,906467,-
2116386449,2115038448,2062676,73621,-
385934357,340209891,2062801,7819,-
304200449,136395208,2064321,1652272,-
304456368,142540111,2064632,1635475,-
340100513,276211720,2067289,196728,-
296078064,191224703,2068127,904176,-
268857194,101054327,2068401,560160,-
421841937,383930696,2068678,633513,-
524134354,500897479,2068695,98370,-
305498753,210285160,2068859,972198,-
11263617505,11263562952,2069389,1247826,-
9774879641,9774789974,2070216,1645659,-
264221465,19554134,2070585,489642,-
31437652256,31437641599,2071611,1905374,-
277542793,133662790,2072136,863073,-
368449754,316050503,2072502,85281,-
274922786,15549959,2072553,1234758,-
4761595809,4761159343,2073029,1830073,-
334890209,224080248,2074487,1670476,-
386591169,339842248,2074699,108214,-
272804425,118474167,2075741,523143,-
5980335537,5980009808,2075795,2011764,-
272535273,30852775,2076073,1131049,-
278334713,143595830,2076462,324063,-
276933341,135222955,2077269,618545,-
280062305,149542577,2077338,135696,-
585629952,566894111,2078477,250638,-
277282113,116293520,2078738,1017963,-
276545969,91803808,2080173,1133696,-
529312129,494342312,2080690,1719941,-
2522465201,2521009704,2080952,1732781,-
301464970,168518887,2081253,1400664,-
265935521,7729624,2082474,34787,-
1496777569,1493488383,2082761,1341729,-
266231873,37039176,2082773,205730,-
295171642,137425303,2083287,1438800,-
308464209,209728928,2083382,1064793,-
402103352,346923231,2084066,1448003,-
444622477,409763643,2084795,672249,-
403977896,360892719,2085689,183466,-
300434129,201495183,2086049,117649,-
268301840,35358127,2086297,754638,-
308142527,216751631,2087502,541824,-
379082165,265414419,2087711,2023985,-
550571245,527160267,2087929,1086279,-
768135528,755335295,2088456,1343521,-
1408135993,1404879118,2088555,740880,-
317082881,233346304,2088978,601819,-
345679601,281172160,2089935,3674,-
1163165845,1158047077,2090424,1122798,-
552035345,509502552,2090552,2026507,-
280729489,131179752,2092080,918037,-
474985987,437813251,2092332,1420932,-
364965677,307468651,2092583,780687,-
438882007,401618983,2095080,836478,-
566386173,524931131,2095505,2052999,-
269728809,65849543,2095923,449171,-
4283194393,4282695865,2096886,1687098,-
354590800,293347487,2097004,245527,-
3142884584,3142230783,2097893,29798,-
300870553,1963678,2098605,1673280,-
336863136,117930319,2098622,2036161,-
431874449,393192927,2099075,768911,-
342843368,275312095,2099527,42936,-
340027051,112535419,2100144,2072094,-
1998878737,1997246616,2102478,293993,-
353332513,284819136,2102589,1099630,-
275113097,93701847,2102635,820825,-
730399825,708495697,2102772,1950192,-
274918033,52467416,2104364,1005845,-
716034768,699171695,2104892,1545237,-
315477841,140445024,2105828,1730277,-
389932577,337433296,2106567,1041176,-
347636777,280445846,2107122,701427,-
310047320,23413887,2107259,1781534,-
295215096,164079679,2107406,1122443,-
335551656,160123199,2107637,1932378,-
457654881,422283304,2108894,937453,-
307607573,163086115,2109003,1494241,-
407796577,362191983,2109205,845481,-
274269129,16638583,2110229,944881,-
305297903,204099311,2110680,571956,-
383805409,265896543,2111417,2055849,-
336850085,263739459,2111467,34205,-
417277089,375021464,2112355,235830,-
272603681,66608544,2112967,414416,-
1015289808,1003509695,2114352,2000719,-
420039393,368788031,2114889,1409455,-
331045009,240861743,2114993,1231033,-
307159489,207503864,2115830,246965,-
949050593,936014656,2115960,1957961,-
1034642561,1023200184,2115973,2009162,-
335884632,261184991,2116764,32903,-
450865129,415145398,2117379,236502,-
430405697,390655072,2117745,63380,-
3616327777,3615812096,2120681,242824,-
403061281,311201000,2120860,1971577,-
1063646570,1057041479,2120913,1195770,-
274046135,68566199,2121480,229368,-
8827414073,8827320950,2121603,1108212,-
500661637,467518691,2121991,1319783,-
286096833,129456208,2122400,988975,-
293429825,81612112,2122632,1450033,-
349489865,212261847,2122793,1892149,-
346585848,120768895,2123231,2102692,-
275232269,39644043,2123317,823979,-
274790201,74058809,2123748,127704,-
9031112633,9031029351,2124563,241465,-
1275346577,1269587536,2124693,1660124,-
778306369,766824673,2124738,649878,-
438526421,398224179,2125039,941953,-
290347459,158147683,2125386,583218,-
1731304904,1728932623,2125476,972317,-
390708248,339319375,2127807,524198,-
5182516728,5182130735,2128519,1803222,-
830885457,820766416,2128648,644197,-
279552713,96288231,2128655,806329,-
781485761,770090040,2129525,321622,-
517684565,475256947,2130307,1812693,-
2460346225,2458582152,2130813,1837396,-
792904551664,792904551647,2131645,1838158,-
389650401,294104024,2132378,1900467,-
484664985,434857399,2132525,1818451,-
721438451,701628659,2133372,1749852,-
1021407248,1014715551,2133523,542950,-
416208365,370830187,2133981,778349,-
2136651616,2135022735,2134781,1110900,-
382195393,267272856,2135340,1998289,-
275209985,35656687,2135559,76259,-
606599120,585346527,2137213,1155778,-
320394849,228989224,2137645,199510,-
459736904,414124143,2137946,1514057,-
294846120,122431727,2138732,1302027,-
3165390584,3164586943,2139343,1337856,-
280261915,101420827,2139708,309156,-
381707393,308996280,2140229,1505026,-
439299800,399514479,2140600,346837,-
1465694320,1461200447,2140661,1675166,-
531818649,498699623,2140923,1522889,-
4097831954,4097414183,2141229,388644,-
277794056,53775055,2141427,709220,-
303659471,144199199,2141892,1410198,-
1066310833,1059838335,2142291,968993,-
536511296,510892159,2142816,79967,-
3198815081,3198127815,2143027,177635,-
286664389,68248547,2144381,1202965,-
292376569,155397118,2144457,552174,-
292590257,139660296,2144686,1039423,-
321768073,226395190,2144916,858897,-
316290961,105976184,2145284,1744939,-
283620233,60272695,2145513,1088899,-
306334453,179215491,2147185,1147653,-
1317109489,1313010673,2147424,25476,-
596379601,558127544,2147513,2030078,-
303648544,184837919,2147575,800620,-
446323553,406580800,2147817,804004,-
2199224160,2197102127,2148164,1754043,-
1160016409,1150712857,2148900,1997916,-
697999969,683085312,2149228,104745,-
1265509573,1260981635,2149967,746617,-
378295905,235912592,2151168,2103913,-
323172481,83189784,2151674,1851141,-
409508625,359613064,2153710,898729,-
392038057,338270951,2154023,368999,-
286691760,43260079,2154725,1178188,-
1742972417,1739128383,2155343,1912415,-
322790104,228266223,2155787,611916,-
345281272,268832943,2155815,606898,-
764833441,749640024,2155832,1459431,-
351138185,242022302,2156136,1655193,-
464898584,426591583,2156168,1053927,-
280081861,60605125,2157228,551280,-
8742575832,8742446783,2158946,1674645,-
319162176,202540639,2159182,1253347,-
284158368,13573951,2159696,1043695,-
1698359632,1695835631,2160088,438773,-
291940229,71037363,2161211,1282649,-
385202608,327966575,2162773,116056,-
393968912,339776463,2163679,271990,-
300329241,161468359,2163973,987457,-
351064345,37902982,2164062,2147817,-
382166515,296592067,2164476,1669938,-
282837770,46797479,2165712,851115,-
1742023681,1739602880,2165740,299839,-
547597162,518363911,2166573,1303272,-
337543697,123862056,2167544,1950859,-
301904209,95844728,2168359,1458914,-
421163025,374457752,2170153,372438,-
611021341,590539515,2170155,71981,-
290088295,56026807,2170548,1195002,-
317706481,124658264,2173262,1672463,-
281787537,37716176,2173284,338923,-
286508112,4818863,2173980,1042597,-
390256016,333487599,2174164,233803,-
352190049,276907048,2176489,332264,-
325091840,206933967,2176609,1321618,-
306313561,184492311,2176995,103355,-
282620545,45794257,2177406,100788,-
642771049,623347703,2177867,962249,-
298628849,159865992,2178862,295055,-
844771857,827863808,2179990,1894953,-
293232599,30016727,2180148,1269240,-
319359320,12414079,2180216,1777185,-
336779808,249742031,2180856,131635,-
445762165,403955747,2181493,314999,-
333998312,18730431,2182748,1953167,-
313672113,196117880,2182764,887021,-
388568561,329561680,2186928,146275,-
284390866,45695719,2187633,219102,-
284271953,27456096,2187650,466777,-
297750240,151498127,2188018,153489,-
668453217,650871496,2188834,69677,-
566632480,541246319,2190677,764840,-
287817696,92586799,2191097,111646,-
395977313,336306495,2191493,996517,-
371631909,303922963,2192263,627733,-
3303412178,3302673431,2193675,1005462,-
371875297,261377456,2194982,1793971,-
434843984,340541263,2195283,2101588,-
341835720,245944607,2195306,1164813,-
485779441,437737640,2195555,1656056,-
344951881,254963639,2195609,1053763,-
327950344,98994623,2196578,1822037,-
840612911,828274559,2197806,1250028,-
323627626,194901319,2198481,1330158,-
290704113,61402160,2198877,989272,-
288713761,86424864,2199549,343934,-
145679735376,145679734975,2201615,1194568,-
354022361,275125094,2202798,39897,-
297242117,109837923,2203031,1084265,-
354809137,195894968,2203105,1920058,-
773573537,759727696,2203747,954162,-
323623832,173825823,2203849,1499200,-
347167169,262976952,2205382,27445,-
289841696,57665599,2206086,828619,-
409203960,352173007,2207821,1019732,-
358123969,201357432,2208248,1933905,-
288830569,27150263,2208439,732581,-
305700065,112652799,2209105,1350151,-
337081565,235586907,2209181,1088941,-
358060841,152970055,2210231,2072865,-
430876925,356337917,2211384,1814232,-
409911216,342951775,2212106,1464035,-
289997153,25252591,2212135,807621,-
291012053,11870803,2212845,903395,-
1953226048,1950888191,2214544,1278785,-
288922849,39686648,2214643,119846,-
312222048,173461055,2215983,1024856,-
449933521,387945824,2216389,1710808,-
343070057,253244918,2216487,187560,-
289927313,306688,2216725,688380,-
303564961,155282664,2216861,527958,-
374842769,292044568,2218359,1371886,-
4084533121,4084047584,2220127,246064,-
503297312,468403503,2221049,788050,-
477541127,429695831,2221188,1511646,-
387975370,288822919,2221200,1776723,-
312754329,178192487,2221309,875535,-
768612029,742544763,2224013,2119603,-
343737041,200632639,2224271,1685019,-
586494865,561717807,2224693,299547,-
376513954,306702727,2225079,337770,-
395362351,334017919,2225532,205986,-
5673084561,5672704744,2227448,1863253,-
382496792,237260031,2227483,2059382,-
2700177208,2698431455,2227834,1917757,-
352102281,53035879,2228297,2083631,-
327897721,57176055,2228309,1796355,-
304680221,152940221,2228670,433470,-
1569226277,1565879283,2228681,201565,-
445460673,399396640,2228968,128239,-
326619917,51470811,2231977,1773373,-
339520621,221712555,2232513,1357705,-
838061569,826059048,2233392,470017,-
385211409,295286432,2234260,1596363,-
292555176,33485119,2234351,529352,-
376389761,173778975,2234785,2193079,-
668800557,649592891,2235219,530551,-
343071617,4145992,2236390,1979835,-
540095050,509667319,2237589,543870,-
332740369,47299088,2237801,1847738,-
826174673,813711905,2238168,454986,-
348954329,88093063,2238883,2020983,-
424598561,369872544,2239559,943112,-
297507237,103949491,2240381,354887,-
333791761,217157384,2240456,1150603,-
25446704320,25446679727,2240539,2179724,-
368521329,283759208,2240559,1188998,-
343796657,214564783,2240835,1534421,-
742929249,727325032,2241572,477545,-
309615418,163437175,2242002,468411,-
487471129,433353382,2243160,1738581,-
455322400,410288079,2243341,243600,-
308692529,158858392,2245107,4160,-
316156445,177820059,2245415,864319,-
351310785,261598399,2246195,140293,-
1041110473,1029263305,2246196,1885212,-
297841985,93894312,2246806,575957,-
685398331,665172955,2248902,1202670,-
585162680,556382127,2249383,1261642,-
357840637,268207371,2249551,979227,-
1594885679,1591491023,2249946,687198,-
309663401,158843129,2251248,146058,-
306256321,144527960,2251595,252662,-
344829082,211587511,2251659,1553574,-
335798336,206373759,2251756,1354529,-
410229937,286359336,2253234,2108863,-
295480921,15414455,2253625,44159,-
381178448,246780655,2254052,1952757,-
328841992,213123551,2255126,357437,-
968887760,956988879,2255263,1639810,-
301704529,116057168,2255914,120473,-
807748032,787320271,2255942,1901791,-
673702209,648882383,2256211,1605999,-
308152585,101271927,2256283,1232367,-
332824025,80571854,2256435,1796712,-
869440586,854295719,2256747,1671864,-
317806601,182065694,2259069,371658,-
2452696282,2451119671,2259072,1243407,-
1981616256,1979400799,2259613,101954,-
313623521,75918895,2259837,1442545,-
517714282,477332407,2261190,1401765,-
312289505,5411224,2261824,1438665,-
411290513,351314225,2261898,443646,-
297283608,763375,2262266,533207,-
304610209,101964128,2263954,982883,-
306548145,136167167,2264201,77637,-
303929777,114170728,2264780,725997,-
300868352,70066911,2265094,867971,-
307209861,138530899,2265311,201061,-
304593713,110467896,2265530,867937,-
303094305,113740592,2266119,193364,-
1681058321,1677613560,2266345,1289234,-
489118807,448952311,2266746,594546,-
6987738730,6987544087,2266956,1203993,-
2986712069,2985622997,2267016,1284390,-
407821040,258879807,2267552,2214289,-
748675033,732593158,2268120,182715,-
412179866,351833975,2268315,56358,-
428729672,372667791,2269288,852739,-
416013245,356096779,2270387,722745,-
301191976,86450175,2271174,513755,-
323645377,135119951,2272189,1478527,-
361987109,274797603,2272723,207613,-
399720277,277153011,2273823,1995137,-
312617809,50389968,2273831,1386174,-
22813840280,22813822687,2273988,924487,-
513193600,472604927,2274049,1300148,-
2296323357,2294628251,2275119,232183,-
312911153,142290816,2275210,989921,-
352840553,34064551,2275607,2032695,-
402208545,336870847,2276017,215929,-
337581073,190352120,2276887,1472222,-
307597041,80671504,2277169,1140038,-
499851265,460963872,2277228,465983,-
373314456,292311935,2278450,561723,-
300945824,62215263,2278814,468509,-
390929889,207002008,2279054,2210957,-
313521961,67788454,2279709,1367478,-
335197757,180430301,2280678,1474938,-
314571857,159464328,2281052,134875,-
304692353,104767695,2282017,365171,-
584681377,542665848,2282205,1896598,-
302981153,86399016,2282354,425725,-
503747985,455543552,2283849,1571014,-
2658154769,2655973528,2284616,2086581,-
317781461,159433939,2285269,935061,-
311750376,142098655,2285374,622525,-
363036665,273303542,2286372,569997,-
534788738,497553335,2286963,1247262,-
343916737,63725736,2287806,1899701,-
305369192,98323567,2290260,332075,-
376319717,295295811,2290891,32467,-
325942536,155740015,2291050,1347721,-
365464097,164664376,2291582,2023683,-
471117265,406066952,2292217,1778342,-
682984057,662354086,2292273,793494,-
602786129,576031183,2292279,726631,-
384813633,178353920,2293199,2205384,-
630771249,606566768,2294943,489986,-
355117329,112651928,2295568,1986891,-
678144081,657041039,2295863,811959,-
377339923,176116915,2296014,2127174,-
858238229,845466979,2296195,245385,-
2313845745,2311992847,2299691,1153061,-
752590664,733999423,2299723,1298766,-
686928697,664132678,2299944,1340595,-
307286341,72406115,2299955,899269,-
574534205,544049067,2301031,872939,-
328293344,140132719,2301150,1463735,-
5955844920,5955502607,2301454,1700943,-
557720769,525670367,2301795,623069,-
550112280,517069199,2301885,629524,-
798495731,780230339,2301918,1569444,-
1289866135,1284183607,2301954,631374,-
1218807469,1212461163,2302899,313741,-
3715671176,3714976719,2304691,859204,-
1457156617,1452637006,2305614,815379,-
6454782802,6454524871,2306622,1408023,-
331495025,200913089,2306820,92778,-
936176929,925171304,2307655,699580,-
352223425,196645944,2307690,1667573,-
315823033,142454710,2307747,705396,-
5839399457,5838945336,2308526,2061187,-
568045736,527395999,2308988,1691031,-
308372149,33345443,2309083,962519,-
961966901,950544389,2309484,1303494,-
369326834,279876887,2309580,163599,-
354458321,252106744,2310597,295544,-
311740801,118722240,2311368,533215,-
326554053,155332115,2312763,1252961,-
383658257,57752431,2312957,2293299,-
311973071,90643055,2313030,998766,-
424743521,363008304,2316077,358522,-
462528280,353178287,2316251,2260544,-
786759176,764806719,2316328,1814959,-
724677416,687071791,2316870,2288135,-
309825137,95549512,2317160,446205,-
385982448,203713055,2317683,2119906,-
307404897,37758191,2319387,485639,-
308782808,73732255,2320553,454728,-
692272865,657197919,2320711,2085335,-
1251877793,1242098520,2321767,2017316,-
1290772981,1284847395,2324355,736127,-
409860273,304437640,2324552,1838957,-
467227784,404432223,2324771,1605022,-
445258320,316150207,2325826,2288171,-
311255072,19283871,2326114,965869,-
329082505,162445959,2327217,1192015,-
308991485,14965099,2327343,631555,-
505987849,458107623,2327671,1418607,-
1782924145,1779724464,2328495,1015154,-
434159464,350231663,2329033,1753418,-
313207197,5790811,2329061,1067701,-
5185357825,5184992232,2329064,499839,-
311251329,66619663,2329159,808421,-
478362216,393751295,2329542,2086885,-
309004577,30458416,2329913,300276,-
439081097,352915673,2331546,1827120,-
2138397896,2134855135,2331709,2086710,-
322326365,89537307,2331883,1337659,-
325119365,85879267,2332281,1426777,-
409563698,294174311,2333391,1920330,-
1574224673,1569277455,2333963,1626047,-
350702781,218744795,2334655,1311423,-
985951897,975638761,2335368,362298,-
345714296,66278415,2335985,1831466,-
569886194,534832823,2336442,1230819,-
390679661,306519149,2336712,1004208,-
341901311,216482639,2336856,129702,-
333095137,105496016,2336951,1562296,-
1158932273,1151075280,2336984,1127603,-
323518397,158998443,2337227,172775,-
525897626,469615559,2338689,1859778,-
3334910929,3333750383,2343089,1710841,-
586065896,554646975,2343190,850837,-
525320426,485689799,2343222,706383,-
9647964016,9647853615,2343419,905160,-
7952811120,7952651999,2343626,388605,-
361764893,245969611,2344551,1224475,-
440638357,380754243,2347255,110709,-
332357153,47773816,2350215,1571204,-
313330336,59181695,2350804,346655,-
316763680,94189199,2350865,797882,-
430539489,361964528,2351076,1162889,-
436157205,373422707,2352363,726733,-
320923137,60778496,2352421,1218438,-
402634617,275773367,2352465,1922975,-
355823585,191322184,2352755,1649694,-
392809325,445757,2353908,2338566,-
5100092146,5099698135,2354712,89505,-
347971480,224903567,2354984,130301,-
335161317,190006403,2355605,50013,-
350182199,222876983,2356476,1008684,-
325183538,152187815,2356872,268077,-
314476075,55013419,2358348,5340,-
319493265,16337807,2359647,1125793,-
1761548737,1757219168,2359855,1741256,-
823356041,807559070,2360295,831756,-
314847137,55545151,2360343,152449,-
337874897,22554456,2360711,1655002,-
672038193,630321640,2362486,2164127,-
6462321121,6462051121,2362500,1278690,-
320448024,56792399,2364720,1097965,-
523301361,480678904,2365742,978767,-
316682937,31626311,2365923,792703,-
356349313,229384080,2367009,1156816,-
362430557,1148971,2367351,2006179,-
317761297,47522831,2367497,865543,-
2011352744,2007007903,2367597,2145674,-
374745496,74064575,2368360,2134513,-
384955441,57979664,2368724,2244301,-
359869937,225735016,2369423,1375914,-
330900937,167456086,2369742,155451,-
385903721,2843894,2370009,2256348,-
338483833,191896151,2371091,571165,-
4858527813,4858017235,2372087,1455859,-
395355029,310851283,2373883,218229,-
365288169,122415527,2374415,1971999,-
319718888,73999615,2376321,789748,-
6127022249,6126735374,2377140,782655,-
1691338985,1687603767,2378107,177559,-
349073089,89329848,2378193,1770868,-
330467617,124578096,2380483,1195854,-
660125109,634571683,2380789,194393,-
319533057,25141807,2382455,790685,-
10927557922,10927460263,2382870,1287057,-
330965401,134795254,2382981,1117164,-
478613965,374121867,2383629,2235853,-
507878529,461814968,2383676,689247,-
318494528,7267951,2384055,226982,-
325606920,129385247,2384947,205842,-
464704353,391357280,2385264,1684009,-
319027808,45383551,2385375,150716,-
326194856,53984559,2385467,1213648,-
1293494769,1287010168,2385551,20726,-
388697121,276348520,2385800,1511737,-
1499942185,1493527822,2386644,1807071,-
362545705,240106537,2387076,1076244,-
3751006657,3749554776,2387438,2316021,-
329702624,149444607,2387690,112421,-
468563457,360923768,2388735,2197016,-
769873509,751086067,2389439,117685,-
335291448,166793551,2390465,795214,-
325915120,26939007,2390606,1179909,-
722854720,697315967,2391007,1561984,-
354747973,153693411,2391245,1698213,-
331760536,70714479,2392073,1359918,-
557464824,519390527,2392264,782865,-
351404425,189062902,2393397,1398138,-
323655448,100445295,2394667,286356,-
320410605,15771707,2394771,176743,-
736809345,710705632,2395423,1687052,-
335034760,162740639,2397353,717820,-
343113389,191650733,2398332,720072,-
1252513373,1239864571,2398385,2254671,-
8852224041,8852081095,2403215,705881,-
371855505,21172192,2403356,2061077,-
11539814661,11539731059,2403703,356133,-
387063304,290838927,2403729,243170,-
396985896,299053055,2404666,1242405,-
4903834800,4903321759,2405000,1372969,-
705109426,681923959,2405043,26142,-
1326005768,1316960143,2405050,1931985,-
322728673,42837840,2405872,420663,-
381848241,279881624,2407042,654657,-
344311303,190906375,2407212,728964,-
2052580553,2047921865,2407764,2239188,-
347937921,165207215,2408055,1413091,-
6370626000,6370345007,2409273,848098,-
385253921,286344640,2409415,312,-
329120701,120485005,2409732,653550,-
334264441,92583094,2410047,1295646,-
384402016,254426319,2412044,1595661,-
404790449,296978688,2412064,1583341,-
337923225,39272167,2412197,1470071,-
349991905,205144952,2413559,743072,-
414245624,309573487,2413833,1653050,-
327524544,14623823,2414748,1031149,-
382429904,243322783,2414766,1656173,-
336954331,161682859,2415186,269292,-
372379625,194166327,2415259,1790903,-
391514085,28153747,2415721,2256683,-
649102217,612039641,2416812,1782978,-
3667149360,3666240047,2417607,1259218,-
528950117,446596661,2417958,2230212,-
324823853,34891755,2418653,305731,-
343095643,56865835,2418696,1563774,-
488740169,416228294,2418795,1796010,-
580145369,503055463,2419227,2409383,-
1010574000,994953727,2420846,1890587,-
331816881,128804479,2420951,461957,-
602447529,568815703,2421521,692021,-
1537270064,1530906207,2421770,1801507,-
341759025,84053504,2422259,1487640,-
422827391,310873295,2422500,1825758,-
22892618341,22892596419,2422683,357373,-
352327493,176582981,2423580,1389636,-
7291949497,7291688326,2423712,1635309,-
387178106,214766231,2423955,1920810,-
493997784,441221663,2425719,428984,-
669626113,634780320,2425962,1771163,-
509914845,431887147,2427677,2039191,-
612413203,579220915,2428338,874998,-
348929832,194188351,2429003,768934,-
544650961,497848559,2429489,1351463,-
903992057,889432118,2430963,668940,-
333468103,127987735,2432046,48108,-
330981104,80634463,2432076,929689,-
329105437,85005131,2432741,276793,-
520602479,459907343,2432778,1721982,-
643547954,614019863,2432817,104892,-
581461801,544507239,2434069,470637,-
534144200,468941247,2435953,1936508,-
1194238337,1183421208,2436314,1805765,-
488669569,431862488,2437322,962629,-
359885833,213779545,2440638,1079724,-
1680247777,1672320456,2441944,2364681,-
932870995,919008547,2443158,405228,-
770274177,746401648,2443195,1535402,-
348743665,180955872,2443364,959709,-
467276185,404618662,2444073,566646,-
365018008,148176495,2444806,1762761,-
368879561,242966919,2444849,592481,-
331779335,2539607,2444886,943164,-
339620393,148226681,2446686,532380,-
2181810625,2178529064,2447170,1818229,-
694722169,668040742,2449167,1043730,-
358050913,164134895,2449943,1528181,-
349122512,17614191,2449982,1597879,-
354759421,33644699,2452009,1705543,-
436413176,360728799,2452292,336071,-
338281073,62788831,2452755,1227593,-
1809944040,1806241199,2453851,492660,-
393758717,290048283,2454385,775057,-
350565368,171923791,2456595,1121488,-
566949889,498013872,2457755,2171406,-
439611859,364391587,2457882,529320,-
357939407,109058591,2458032,1684806,-
355756817,32059176,2458088,1706699,-
1305896921,1298185046,2458440,1281045,-
689613506,661343399,2458461,1213968,-
334983296,79699039,2458649,858036,-
702126953,676405430,2458653,591594,-
1036289053,1024351165,2459022,1098306,-
1120511325,1109361467,2459349,1495187,-
51291449361,51291443504,2459433,1761958,-
333627921,77418655,2459563,524105,-
424932776,342121279,2461052,141231,-
1016743304,1004741983,2462681,135228,-
523889234,437019623,2463453,2201604,-
457960793,357503918,2464545,1915470,-
407721089,313699839,2464735,234815,-
895608193,879546176,2465140,1008097,-
338283425,69425712,2466329,1083236,-
507115409,408900312,2466640,2236651,-
337996488,109814575,2466821,713564,-
338654152,59001743,2467025,1123226,-
993920769,970382168,2468571,2359342,-
20382590864,20382559983,2468666,1077481,-
652771945,593611462,2468928,2375127,-
394979585,260556367,2468979,1613153,-
813848849,794647608,2470564,275317,-
376010209,219920168,2471287,1512016,-
362228125,166096859,2471867,1539125,-
434075301,220394579,2472429,2409679,-
367718433,231094480,2472637,66182,-
802373384,777970303,2473121,1697544,-
491630525,383776827,2474969,2231167,-
347347361,140036704,2475578,1125213,-
510123897,439895591,2476601,1778451,-
499916933,443614805,2476872,25722,-
421120577,270684576,2477534,2035669,-
678141353,649034030,2477748,936159,-
1532119349,1523716147,2478935,2142993,-
342821048,135742975,2478998,389157,-
3327058577,3325439616,2479238,1998601,-
390518849,279151272,2479601,4420,-
3431509273,3430376110,2479857,1217598,-
2810326181,2808728419,2480123,157077,-
350177461,171675699,2480849,189303,-
740634265,715535902,2481153,1192266,-
432027929,318163527,2481185,1801403,-
896054025,880010279,2481191,489135,-
558188385,514145912,2482714,327021,-
614876945,577968912,2483824,1075531,-
4228002515,4226996387,2484222,1995552,-
338917357,49728411,2484973,906417,-
364564952,217116591,2486372,176603,-
343467097,131315758,2486925,225912,-
342041633,70876911,2488229,1073545,-
357224930,8107127,2488419,1640406,-
1267417112,1255732591,2489848,2041173,-
343468034,124315703,2490003,628842,-
387443553,132192751,2490355,2041999,-
338634369,68204168,2491194,1403,-
883551569,866715007,2492435,551673,-
350334019,44667667,2492844,1439310,-
3299401673,3298065686,2492895,1494816,-
338461613,3268795,2492931,622649,-
381113768,255418015,2493673,394764,-
338765954,54567383,2493771,448506,-
423780169,176330327,2495101,2375935,-
3516545393,3515496640,2495904,544957,-
360056629,103339043,2497819,1605737,-
526987472,470830911,2498321,1318312,-
483145944,383270383,2499154,2044439,-
342398805,19587139,2499647,1022675,-
517056768,456053135,2499778,1442799,-
406803353,66503966,2500200,2299347,-
833005237,805636741,2503614,1994748,-
362796481,198818544,2506031,819888,-
432446077,342168651,2506167,1080163,-
534767185,483934479,2508015,419041,-
682636497,639797056,2508196,2019451,-
617965296,580952095,2508716,742985,-
355707217,130119696,2509084,1334373,-
361158537,168217751,2509539,1280159,-
5322253569,5321747944,2509595,1347590,-
362871977,199072238,2510388,648225,-
2259455921,2255107224,2510509,2274224,-
413826369,240678928,2510897,2035868,-
867186685,848151037,2511108,1224468,-
950589791,933994079,2511516,1450008,-
342036968,59456895,2511652,304673,-
403099288,108465375,2511768,2222983,-
1007132761,985262761,2514780,2238750,-
345782401,85006784,2514847,924536,-
348207432,130086671,2514959,333294,-
528060761,474996905,2515122,500520,-
1703568113,1696759120,2515408,2088099,-
803895811,777266899,2515464,1773702,-
766077073,730603631,2516095,2102201,-
720493133,693319995,2516779,887303,-
917737945,890796167,2517971,2255879,-
621012821,581917059,2518943,1215779,-
712965001,684653449,2519424,1044768,-
349663178,134372711,2519685,364644,-
614246592,575371663,2520125,984836,-
474772885,401273747,2522299,1178651,-
514349225,411719417,2523606,2252064,-
385842013,256294395,2524341,151613,-
413019224,277799823,2524399,1702754,-
1856908168,1852967871,2525355,206542,-
455923336,353674415,2525797,1770740,-
447779605,365558259,2526245,671517,-
992154081,967821704,2526391,2327964,-
358965845,171036307,2526491,843819,-
422099929,312435838,2529048,1395843,-
347774349,100573099,2529115,601325,-
649603049,581140742,2531085,2463234,-
1391659681,1377441824,2531228,2526041,-
724041784,696863663,2532824,254053,-
655720529,617746048,2533194,1497049,-
381750081,148624784,2534037,1825982,-
358387573,90647365,2534118,1418448,-
754020641,728971999,2535369,42793,-
479040337,347271416,2536027,2272864,-
848800393,827102086,2536524,1441185,-
647948184,588311023,2536843,2279416,-
347552369,26962432,2536977,855970,-
440877201,350043464,2538039,1069586,-
633767000,596627119,2540325,856064,-
378397309,228982587,2540751,841735,-
820510169,779930727,2541893,2453305,-
402924184,276532623,2542218,1257263,-
629475728,590165455,2543006,1196703,-
2916113312,2914222351,2543226,1588943,-
1221985681,1210248720,2544405,1785464,-
420735864,268097743,2544476,1909363,-
347878893,38848075,2545601,473071,-
884453345,866122224,2545801,599120,-
448773728,364023103,2546160,583535,-
7382244241,7381963104,2546614,1405623,-
717863184,689512063,2547131,414662,-
591913369,545112119,2547475,1346765,-
383639035,96510667,2547642,1914636,-
348043400,14646079,2547659,413970,-
688609752,632039791,2548294,2376073,-
366470321,190347040,2549990,443391,-
1008420405,985833587,2551107,2236483,-
370037281,188168304,2551132,1133049,-
377038904,210935647,2551410,1164323,-
2439252720,2436427007,2554398,1671461,-
370059353,43517870,2554926,1680993,-
5360091863,5359593335,2555322,757014,-
4498750329,4498042423,2556187,727613,-
488788961,416844304,2556429,1131266,-
453814681,209952409,2556816,2537676,-
383411208,213677935,2558956,1389461,-
360835153,154960801,2559930,749424,-
459950144,263591967,2560375,2449744,-
363799105,124198232,2560436,1343089,-
485389761,348203615,2560503,2323745,-
619762349,579575117,2561250,761862,-
389331458,192560615,2561343,1724034,-
7762349641,7762063414,2562171,1714542,-
1781578485,1776691699,2564149,1334965,-
379430257,224920536,2564369,241002,-
609694265,544636982,2564817,2161062,-
3326522537,3325218183,2564923,233915,-
352902466,28418599,2565123,891996,-
704919537,660615871,2565937,2077603,-
398171736,211663919,2565954,1791161,-
1732809602,1727979383,2566269,360930,-
1263471569,1246951983,2566621,2426861,-
353088601,40022439,2567079,852949,-
467271493,343823715,2567627,2057373,-
357722429,129441067,2569455,374051,-
1727769441,1722884944,2569906,198227,-
412894241,289509240,2570233,1255540,-
623714881,555108624,2570734,2298453,-
368007469,182868747,2571441,183295,-
670399352,622508863,2571509,2010570,-
1023423205,1008938677,2571594,1033056,-
417914533,307847891,2571835,506023,-
1153788792,1142714431,2572642,23051,-
508067704,441190287,2573334,1091665,-
357829103,12242495,2574006,1176804,-
363543208,160033535,2574442,383077,-
929878333,912615181,2574744,289890,-
1722015105,1717027792,2576288,656351,-
402235513,269628361,2577414,1077300,-
1976877305,1973097062,2578947,13848,-
389959045,246910947,2579073,240913,-
522716689,453802208,2579696,1501451,-
112177384577,112177383168,2580257,1725580,-
356123841,79176904,2580817,743116,-
365190432,161948431,2581874,372593,-
744374293,693307395,2582569,2427291,-
3645113344,3643996223,2582996,199663,-
375620425,202065207,2583951,638747,-
394834850,71773127,2584008,2018469,-
410400551,84029735,2584524,2211300,-
2380184737,2376677768,2585260,1962919,-
355792961,64252440,2585390,555179,-
442819104,334689007,2586281,1464530,-
720220681,683953390,2586765,1725714,-
408593680,98792127,2586932,2177073,-
572044601,522087879,2588357,21959,-
510298216,442328255,2589356,1085135,-
411828021,256875299,2589731,1677423,-
355910421,13789171,2591105,277105,-
357570721,86101104,2591164,19929,-
1357196167,1347678343,2591604,1633320,-
408204592,282053423,2593100,778117,-
386288173,229017531,2593457,790395,-
439086808,337962495,2593563,947618,-
1632791873,1627098456,2593685,591326,-
358141992,56338703,2593935,834866,-
2601768362,2599085831,2594706,1736511,-
7202377882,7202078263,2595330,1058517,-
2758284155,2755446347,2596062,2095536,-
453347265,216043024,2596424,2476975,-
408042577,265021016,2596432,1403237,-
1311412193,1301404191,2596975,1548991,-
357180617,29833238,2597727,248700,-
2034963929,2030780198,2597742,1586151,-
496113569,317768767,2597919,2582345,-
363060605,125871437,2598792,706482,-
365609565,147586027,2599381,221281,-
2105719175,2102103767,2599566,1237224,-
1034889417,1006075111,2599807,2580503,-
7884438289,7884189392,2600180,916597,-
363586289,132805407,2600293,247585,-
479766013,401253195,2600727,528803,-
755169530,727387367,2601483,205536,-
572546817,470541343,2603279,2475865,-
2315049163,2311924075,2603982,1431594,-
448633657,351474791,2604889,956179,-
392161559,228243047,2606160,1229922,-
1272192296,1261940239,2606258,1341519,-
507032185,438082582,2606349,597972,-
2776817317,2773726067,2606695,2241805,-
577866025,526564297,2606934,939414,-
380915864,64443567,2607847,1719910,-
430101697,251406056,2609956,2038609,-
387293216,225938719,2610196,611703,-
694178888,645380895,2610313,2095316,-
608203040,562014367,2611923,979742,-
361227629,81150123,2612543,348233,-
514837721,447794534,2613723,59052,-
439298897,307321728,2615494,1729895,-
409611248,279198351,2617789,62320,-
828773904,805177183,2618294,710429,-
470356837,227279411,2618657,2594267,-
413050057,228875686,2619354,1837803,-
466298881,364977624,2619532,1544127,-
539913192,462293711,2620278,1839457,-
714339505,682093752,2620673,6282,-
397141288,248716175,2621662,333841,-
423866984,305375647,2622121,796740,-
484460968,377378495,2622904,1885199,-
494389032,416422751,2623203,1063034,-
642748792,601430351,2623532,884909,-
447846473,97386905,2624178,2537784,-
457303776,327530095,2625676,1897685,-
408145465,159678262,2626782,2009583,-
1397612017,1381484751,2627487,2600857,-
1643171985,1634597407,2627797,2151049,-
590611379,540723587,2627862,694140,-
438038069,192154707,2629535,2323489,-
374435000,158822799,2629585,907018,-
363077897,11237846,2630127,306108,-
502382112,367148863,2630278,2329355,-
451058992,349897983,2630655,1010132,-
980151352,962768223,2630685,1072502,-
383360544,41909327,2631149,1699380,-
372098609,59969832,2631620,1352141,-
397125905,239681704,2631895,968466,-
371176367,119675471,2631978,1094694,-
819890485,795360627,2632191,66871,-
868240792,846384063,2632555,638298,-
377354129,177626688,2632736,542357,-
732725169,680514463,2633981,2342489,-
4167712929,4166776568,2634486,884323,-
5378014637,5377439323,2637313,1113315,-
366370665,92550967,2637397,120953,-
375413777,164210273,2637636,531210,-
458300401,201064464,2637789,2510452,-
994895409,978297368,2638558,96993,-
1053731432,1038816031,2638707,842474,-
467018848,373798223,2639315,1025500,-
370638949,85737363,2639637,1148023,-
1467084320,1453773727,2639682,2459923,-
724668465,689094512,2640653,1473552,-
596068389,520401683,2641293,2170079,-
386841541,209478275,2641631,206345,-
612910984,565124943,2642466,1001791,-
379946129,182311313,2642832,266148,-
405230301,140499259,2642851,1967483,-
666813434,625639703,2643081,1293396,-
396705953,192864703,2643455,1592265,-
529396307,463362083,2644170,16596,-
710612305,672623832,2644426,1540071,-
799229497,767359943,2644855,1766389,-
446744984,340566943,2645044,918999,-
3187557189,3185949043,2645471,349021,-
369018957,35900971,2646307,1038629,-
705911073,663204560,2646746,1820541,-
897762785,875029992,2647322,1454029,-
555134843,438974795,2648712,2470794,-
1488622249,1479770999,2650295,1739525,-
469413776,341097759,2650483,1947926,-
1438628279,1429988279,2650740,1410060,-
379048352,146369551,2651028,1179101,-
658454761,616705849,2651118,1112772,-
404398696,230211999,2651194,1458861,-
394439378,185604935,2652651,1528668,-
392144161,109938879,2652679,1753713,-
1269545653,1258851925,2654226,1131918,-
2216314249,2212937783,2654873,181619,-
1238459345,1227061457,2654988,1228344,-
445748849,155657568,2655023,2434118,-
408535121,3854584,2655358,2073063,-
421442536,292171599,2656191,606194,-
413078729,24976598,2657574,2130117,-
437813049,323757703,2658937,57163,-
373663583,53817695,2659044,1192836,-
506335025,425285424,2660018,1296545,-
1224677362,1213444471,2660214,81843,-
431773561,261059799,2660571,1883899,-
375671485,138597707,2661127,674339,-
5654045521,5653520840,2661541,605560,-
929483576,909175759,2662881,1049074,-
409860401,122192224,2664828,2018419,-
425032941,295828939,2666899,745301,-
394558817,99306616,2667174,1771027,-
31182206651,31182188939,2667426,1009896,-
397090129,228340129,2668500,169050,-
375516365,65152347,2669629,1171417,-
1092355073,1077711856,2670090,971557,-
796083658,739831831,2670525,2641806,-
10096149221,10095865219,2670577,2449137,-
720532136,681977679,2671982,1559873,-
1907156089,1902469942,2672454,107265,-
794331057,751900376,2674029,2235484,-
495536663,352209431,2674080,2276496,-
443378024,325834447,2675700,1070093,-
13908124693,13908036035,2675701,661897,-
1427727656,1417321599,2675999,1857052,-
6394212600,6393603487,2676499,2199106,-
436360608,28300975,2676569,2373602,-
382392177,165393568,2677424,202045,-
924741373,903761435,2677451,1050973,-
757641896,697747615,2679410,2570541,-
931875649,911609328,2679792,542449,-
992840128,973133711,2680850,1529617,-
460170445,256395947,2682257,2317151,-
714985896,679481935,2682625,181166,-
1735797825,1730017247,2684757,591749,-
469039497,371235943,2685673,143345,-
594884833,532600575,2686803,1645453,-
3394322393,3392813390,2687052,221811,-
2022710065,2015219024,2687330,2506207,-
398002941,105153899,2687941,1763991,-
402700560,230721199,2688101,948620,-
912101409,890625368,2688306,586243,-
5863794504,5863286303,2688902,613683,-
390060864,191652943,2688958,405889,-
1850395001,1845286169,2689614,196326,-
374561681,45457720,2691210,134089,-
890742317,868025691,2691881,665867,-
390687633,163941856,2693450,1269431,-
824223797,796072131,2693701,1292047,-
2580029265,2576420992,2694866,2093657,-
517684759,417397687,2694870,1908882,-
2938940749,2936902683,2695227,261631,-
544822259,416296643,2695896,2462202,-
832686385,804623072,2696077,1376812,-
461808913,356884321,2697534,537600,-
378195583,58342351,2697810,980316,-
9594231745,9594036479,2697895,985337,-
3755205933,3753867131,2697945,1380781,-
656530448,612693631,2697951,200720,-
1002927713,978874495,2698171,2055627,-
1600136312,1592961423,2698685,1162316,-
1022905033,1005473158,2702010,836235,-
494518321,407071664,2702546,605087,-
114556136032,114556134383,2702980,1843147,-
634199144,575936847,2703085,1806616,-
390010361,138938009,2703138,1342686,-
542366349,471845099,2704065,1006865,-
411486597,9233843,2704065,2006461,-
429977184,292954303,2704646,957781,-
4591643325,4590797099,2704665,187093,-
386797289,133377422,2706069,1169910,-
380269729,29570472,2706211,1073550,-
488004344,396799903,2706797,494718,-
2471746985,2466775934,2707380,2469681,-
442866160,124983279,2708020,2362059,-
524990929,448989023,2708437,780937,-
3582362762,3580052183,2709015,2433036,-
2287047562,2283568423,2709225,893262,-
442206617,317684966,2710086,826857,-
445099753,324593110,2710503,268356,-
1619019320,1612080207,2711974,700097,-
15109162505,15109083319,2712445,562839,-
524788409,446135438,2712762,1120233,-
742500693,708157075,2713111,419489,-
383338257,122896591,2713957,687331,-
1135856657,1116359496,2714357,2111896,-
697628568,646558511,2717340,1958651,-
7008002234,7007630903,2718738,519477,-
935606753,905124401,2719926,2183700,-
10197009704,10196825983,2720086,1265541,-
2148361096,2141977839,2720132,2403573,-
848916817,820534136,2720219,1462912,-
1394156465,1384146552,2721496,1326163,-
802219752,772323791,2722528,899571,-
3021210277,3019135813,2723070,1155462,-
458134616,314016079,2723821,1784832,-
423322257,273479888,2723860,773781,-
393758960,181431087,2724242,52601,-
4696869328,4696036175,2724269,470428,-
644878533,565681715,2724303,2379997,-
423785536,205152959,2724971,1874158,-
383666483,104359475,2727348,307392,-
382863329,83858703,2727619,651223,-
443436417,316792063,2727925,401923,-
525976241,448362384,2727938,29503,-
2172977114,2167719863,2729388,2082159,-
496300285,401867677,2729994,1158258,-
385780931,117854099,2731188,606354,-
2977600032,2975328751,2731834,1470121,-
647069861,596675539,2732169,1290773,-
421690937,43905831,2732171,2092703,-
911277432,884951807,2732865,1678040,-
1196982512,1183838191,2733942,336809,-
769028737,717331376,2734277,2336434,-
11009433104,11009254383,2735002,1733591,-
400234673,178718880,2735597,1244888,-
765175328,713547775,2735973,2313934,-
1538499361,1527768735,2736629,2103555,-
1217933361,1204972544,2737203,982252,-
721792841,683142854,2737359,1020408,-
387741209,120600567,2738435,743027,-
405858672,49151423,2739115,1797678,-
1599795907,1589338051,2739888,2199804,-
2035101881,2030552599,2740129,391641,-
444213608,138126975,2740832,2312287,-
678946177,616203936,2740933,2179254,-
446434104,240410287,2741312,2076965,-
403224269,206739147,2741813,677365,-
505861937,401173791,2741833,1700813,-
516981674,430020263,2742492,1201803,-
440454113,301282680,2743544,1096201,-
1720491149,1712662877,2743836,1881090,-
452366593,241615320,2744677,2158698,-
894010728,862315391,2746530,2013371,-
1407329352,1397416751,2747397,1108324,-
37392543825,37392530072,2747456,917403,-
399523969,129614088,2748516,1458593,-
392674177,54624351,2748761,1347423,-
5973405621,5972871539,2749689,55601,-
16676763873,16676694400,2750711,919076,-
432380961,31581344,2751228,2201977,-
1751851541,1745469315,2751235,1057967,-
489314977,370430031,2752917,1726831,-
544838210,468640727,2753112,1079697,-
434318317,289989611,2753467,494437,-
470983665,161888432,2753821,2556624,-
440322217,283744006,2754516,1492263,-
3523476913,3521640735,2754991,1810491,-
496932059,380353403,2755074,1781526,-
390294343,103569895,2755458,913266,-
770005521,731538319,2756261,1646387,-
556779173,486096675,2756611,105293,-
387771040,50945679,2757234,785105,-
389081637,96400483,2758261,592645,-
625905251,571213619,2758494,980244,-
549689421,393944059,2761061,2616089,-
23615658753,23615621896,2761150,1371739,-
690050762,644183351,2761836,1324863,-
736606385,696846232,2762541,1321292,-
2080218333,2071640395,2763403,2692871,-
433402297,283919038,2764185,613782,-
409696753,194299215,2764243,1321251,-
426799185,257945359,2765255,1205383,-
596490568,523677615,2765413,1784256,-
553765282,480246631,2765724,858093,-
410895001,221130119,2766311,6499,-
389050825,64523542,2766981,184686,-
848275080,816609359,2768831,1630230,-
427898923,77663995,2769444,2089242,-
399381152,149219631,2769634,1113721,-
494157237,395360963,2769715,379671,-
392923617,98525056,2769929,957152,-
1147782074,1132649303,2770461,576222,-
412132488,61504975,2770483,1815124,-
695769841,643334735,2772875,1839019,-
1771653136,1764443919,2772948,1706653,-
584170885,512714579,2773063,1526995,-
487922160,333562447,2773742,2110847,-
460760087536,460760087439,2774019,1265336,-
759984837,721986611,2774079,1356173,-
13387918408,13387790015,2776492,1760689,-
399285608,135384495,2776634,1147993,-
1864573085,1858844587,2778091,36609,-
447948720,311443487,2779273,313896,-
491654417,377570016,2779538,1519447,-
411006977,60269631,2780023,1754743,-
1473954073,1461940585,2780112,2057622,-
847574273,801213936,2780138,2428955,-
409456785,148169504,2780425,1540362,-
496870521,378024119,2780677,1725309,-
655238361,578582135,2782621,2293725,-
405092722,112699111,2783112,1498947,-
420851677,133564333,2783130,1867356,-
673063171,625560019,2784012,435198,-
2594809273,2591818023,2785305,637885,-
2245999585,2240450079,2787015,2200409,-
3593535633,3591976895,2787027,400519,-
91796913297,91796910896,2787337,761418,-
562448145,484800992,2788021,1374096,-
411654672,167751983,2789115,1458316,-
422164336,39124479,2789697,1955188,-
2293527529,2289681838,2789871,270984,-
888631937,862052911,2790493,826281,-
4507693025,4506697552,2790839,241524,-
790277033,753682231,2791575,1473131,-
2268094941,2264086219,2793389,965569,-
393718285,5493467,2794873,350381,-
393838248,21585151,2795327,382160,-
396611313,99844280,2795343,760294,-
422101090,217383607,2795817,1399284,-
1059218575,1040189839,2796900,1143528,-
581058617,458154151,2796937,2496051,-
634593272,578784031,2800521,629876,-
424446065,245488872,2801776,472451,-
1004714945,969284304,2801845,2544662,-
2093208609,2088505048,2802344,354361,-
496807609,305933998,2802582,2383863,-
2292564080,2288551327,2802903,1095388,-
493122409,4890807,2802905,2761941,-
850640993,821094015,2803153,664249,-
579221057,416554143,2803309,2786525,-
595551968,493718175,2804333,2321338,-
412797281,201366064,2804704,737961,-
1080608528,1062604015,2805072,582581,-
617254879,554983807,2805150,1233942,-
536562233,442322270,2805159,1566126,-
613080017,552333808,2805280,253701,-
1176320673,1151508640,2807858,2493917,-
403412097,73978736,2808069,1323658,-
709513409,665678472,2808245,216478,-
12880798561,12880671384,2809107,1007882,-
426454897,233964143,2809895,1246039,-
476551993,357865751,2810221,404195,-
409057281,16953104,2810341,1569186,-
440768641,276878144,2811502,1177669,-
430634905,257936087,2811587,676613,-
8903399714,8903112839,2812740,1540245,-
598536696,529715695,2813162,1332905,-
1171019911,1140537559,2813346,2777556,-
435342841,63552841,2816460,2096730,-
483521752,313944143,2816510,2092543,-
670246065,619485104,2817215,779166,-
493238585,284095262,2817573,2415528,-
5173447105,5172640944,2817675,1139698,-
2502776224,2499277823,2819158,1255387,-
403128873,116269991,2819169,938465,-
401578450,112584247,2819436,615513,-
429602513,233620560,2820473,1342978,-
439736889,269923463,2820581,1199799,-
4180231257,4179023543,2820591,45865,-
410464117,141287043,2821005,1316521,-
896913569,864864088,2821806,1829923,-
1009762481,969609384,2822488,2717549,-
7793839824,7793480623,2823077,1179836,-
1162791521,1146744319,2823609,891727,-
1946719608,1940973215,2823639,1119592,-
811905361,751950104,2825474,2608423,-
1033986193,1012699295,2825641,1330219,-
533532154,442959223,2826852,1024479,-
541091753,419849630,2827467,2127822,-
407538816,27754175,2828150,1386069,-
411412781,146103675,2829805,1243673,-
415394097,159700696,2830157,1362616,-
1598732809,1584458638,2830227,2580102,-
593854729,518320887,2832875,1550337,-
2652927149,2649487003,2833027,1688271,-
922375137,887088416,2834103,2169332,-
1419404048,1408613791,2835592,518295,-
401700192,45925583,2835935,448482,-
1200587617,1183797471,2836701,1617301,-
628547473,566026271,2836885,1218679,-
426119680,133701327,2838131,1782756,-
628766952,494158223,2838205,2817564,-
2415054641,2411279825,2840250,965706,-
431613776,68145295,2840785,1966782,-
410024657,143926481,2841636,930012,-
405744538,82986295,2842773,978654,-
441578369,85106608,2843238,2118341,-
514803760,379093967,2843336,2018317,-
506290441,66602974,2843982,2829117,-
479957473,352013480,2844562,1101197,-
412463617,157841768,2845595,904846,-
423062880,39808559,2845765,1781556,-
1242768417,1215628223,2846465,2752233,-
403576354,24504103,2847069,339636,-
1532569073,1523183055,2847281,307319,-
683406157,632484731,2848001,781693,-
407850673,7449920,2849683,1173544,-
525907481,269409614,2850024,2782269,-
422717512,212019743,2850320,1417,-
1216074857,1197164246,2850759,2017092,-
492053233,40696280,2850796,2698397,-
771501873,732564640,2851094,203617,-
474715873,216225855,2852331,2353483,-
481142400,353357647,2852816,1006573,-
519718392,419072191,2852843,858398,-
692851585,643384592,2853176,254113,-
1008509333,973075411,2853335,2484129,-
415045690,45545047,2855079,1492044,-
678328957,593818957,2856960,2451270,-
803147057,738765456,2857331,2635028,-
504203384,394674063,2857789,223036,-
412755328,150841055,2857856,653447,-
478145145,348952567,2859121,57553,-
435682593,251014480,2859773,138614,-
588739821,514747339,2861377,894799,-
737677245,688614587,2861781,1671893,-
471736741,335784819,2861821,451497,-
463328585,66895334,2862210,2379381,-
618414593,551366536,2862270,1153051,-
725998138,680782615,2862387,276438,-
1150364377,1133181118,2863107,287280,-
12444479904,12444217583,2863989,2718188,-
696981713,647325905,2864064,462504,-
406814016,18244895,2864258,352845,-
1077014257,1048516248,2864349,2325680,-
462212512,314894031,2864436,669581,-
1328219560,1315373487,2864537,178338,-
408080320,84050127,2864627,392724,-
10878777432,10878527311,2864639,2152342,-
431432465,230516272,2864757,915676,-
409182551,103049639,2864904,471318,-
434946005,204518307,2866363,1579519,-
467090585,130455854,2869962,2375505,-
427977857,210914496,2870032,1037471,-
579077618,480293015,2871243,1981746,-
786253114,744977863,2871558,1464993,-
492519379,328732627,2871672,1998240,-
4754343965,4753337837,2871684,674166,-
414826256,141675535,2872460,823773,-
527812865,428796264,2873371,430970,-
411046337,100838856,2874571,616922,-
985435225,961376902,2875614,329049,-
489677377,173449616,2875738,2572693,-
473435417,330830678,2876688,1092795,-
583082200,506241599,2876824,267695,-
419838129,176367112,2877055,132166,-
472754633,148996526,2877465,2411112,-
637138345,574235014,2877603,922230,-
514974131,408027779,2877888,457002,-
2481246194,2477502887,2878140,802221,-
509923425,173440424,2878140,2768599,-
459843837,302042603,2878875,997993,-
742656753,684488680,2879404,2119069,-
649392481,584146920,2879511,1550420,-
1198602808,1179849615,2879569,1813302,-
612742912,544167951,2881242,224497,-
2078801265,2073344224,2882435,1112324,-
13348523209,13348309558,2882526,2592411,-
411528497,83954993,2883000,370152,-
420858993,168779800,2883842,869137,-
1394144929,1380282048,2884519,1812924,-
1054796872,1021363583,2884634,2496635,-
1709657593,1699977310,2884683,1973184,-
474068008,133884831,2886144,2428055,-
433222721,59693080,2886990,1846613,-
1715496353,1707456120,2887331,1036246,-
412639109,62867859,2888195,809095,-
488024513,358405480,2889228,845039,-
714802648,629678495,2889782,2601773,-
1379233681,1366895329,2889822,460044,-
411800785,13274737,2890758,40974,-
844383825,804957224,2891150,1803801,-
667046309,603075027,2893519,1647475,-
1098263749,1078248323,2893981,992963,-
412599633,39944296,2894299,234440,-
564076113,478092920,2894427,342404,-
510262673,397017360,2894921,455834,-
529002096,410028335,2894934,1725625,-
647036744,585211327,2895060,684943,-
428317601,66332944,2895144,1683367,-
991362040,966888527,2895167,604058,-
459727320,214573087,2896013,2028862,-
1219134097,1194385536,2896372,2478741,-
455477873,288663840,2897041,114322,-
334927271073,334927270840,2897063,1680172,-
2049251357,2043597341,2898444,822732,-
431432701,203487099,2898543,1066249,-
763650424,720890783,2898839,534992,-
414153488,67487295,2899957,273758,-
444689225,257513102,2900586,523107,-
924353441,893112744,2903032,1589209,-
517927313,406539720,2904439,872878,-
522772929,176149928,2904587,2852718,-
441713969,114243713,2905602,1913844,-
429455120,196263519,2908030,600989,-
443920776,184860079,2909312,1756699,-
416895697,91437216,2909818,212793,-
16409343065,16409190569,2910090,2678448,-
470930181,319159795,2911735,473339,-
2208573073,2199435471,2911785,2797847,-
421183013,135440515,2911947,758189,-
426515417,169184071,2912031,956779,-
470540755,314609059,2912442,1022340,-
708995217,656893168,2913929,957850,-
573390016,425741199,2914129,2502714,-
422971152,135455551,2914132,1016879,-
464402417,6286296,2914481,2300446,-
717959760,667719919,2916586,380905,-
484964112,122242703,2917610,2511249,-
417630288,7868575,2917814,773779,-
1627772929,1618544977,2917890,818004,-
504642113,252411600,2917903,2513948,-
421563752,112989583,2919633,949610,-
546056193,276825136,2919935,2881232,-
1208739320,1178670207,2920072,2733601,-
14961757493,14961636101,2921322,1716960,-
426936241,123475616,2921750,1322945,-
429542293,166576595,2922479,1139257,-
421292144,56814703,2922603,1130168,-
1137544961,1118346504,2923448,696001,-
420859786,109882615,2924721,464100,-
478457601,331261424,2924799,74276,-
451841592,142129823,2925783,2003120,-
673399093,612072195,2926101,1288079,-
540831433,368703166,2926125,2428098,-
973725377,944655471,2927407,1615019,-
1224567933,1208011355,2927577,391769,-
453730069,198779507,2927665,1864673,-
943619597,914167051,2927729,1290423,-
1260363089,1241468608,2928278,1973607,-
715862033,636361000,2929431,2441086,-
442853545,5855127,2930563,1902279,-
429485224,174851183,2931068,510763,-
537306969,335847527,2931993,2565755,-
590840258,502939031,2932581,1501290,-
271989399160,271989398639,2932855,2540254,-
448832336,149360239,2932873,1902306,-
542542696,414994479,2932964,1942203,-
421768786,85073575,2933154,792225,-
420705745,34892319,2933515,777177,-
3851486023,3849820231,2933868,301680,-
514611032,386526991,2934054,1450289,-
646456549,574455299,2935225,1588105,-
772043249,704832888,2936177,2444362,-
527944217,417062871,2937061,663037,-
889394633,855262855,2937531,1364573,-
428911233,163078271,2937699,546805,-
1942602800,1934963919,2937770,1847711,-
528221793,399421168,2937815,1740220,-
454429233,237769135,2938111,1557217,-
480500657,328215473,2938176,1013400,-
9240030929,9239599488,2939513,2446754,-
447153169,52350863,2939587,1954507,-
464990273,294739551,2940011,685595,-
421415621,14623795,2941225,106491,-
1826706529,1815810632,2942690,2404717,-
3426189873,3424051615,2944517,536081,-
448753826,244805735,2945901,787920,-
815113137,772897456,2946016,1459501,-
720208091,642292139,2946564,2400762,-
1316827775,1301773007,2947674,1178604,-
439159469,209222283,2947739,437603,-
524923096,158736335,2947790,2840863,-
530421081,418650839,2950011,590003,-
493353479,352777223,2951628,725148,-
546205177,417173511,2951801,1949157,-
435916658,188269175,2953719,460452,-
1829972257,1822354896,2954618,92547,-
455042269,258744493,2955186,891816,-
564897089,358901952,2955605,2756362,-
441930368,63069375,2955722,1766443,-
651861211,585395419,2956272,240552,-
517616113,396129480,2956458,593551,-
452626497,145122488,2956593,1908280,-
424528797,11384971,2957419,322823,-
447496173,31574795,2957833,1900281,-
437631577,170441278,2958204,1229475,-
538960773,421290691,2958845,1505533,-
2037249921,2031074824,2958926,76037,-
452108661,237167075,2959721,1236165,-
434794961,1847280,2960453,1523260,-
509372296,300602159,2961403,2302124,-
1699979489,1691061087,2961445,101389,-
8217864129,8217481168,2961536,901039,-
525531176,80690239,2961624,2868271,-
1545120793,1532074391,2961713,1990895,-
437228584,149103423,2961858,1348939,-
629692928,517938175,2962113,2410364,-
436967625,148967239,2962235,1330253,-
479603777,289358152,2962325,1736070,-
669541249,606476768,2962502,471493,-
728540600,676142607,2962754,851407,-
426065937,48787216,2963573,550136,-
496828465,50885984,2963860,2594867,-
860724101,824476709,2964246,309102,-
429462433,121862720,2965081,569752,-
490011833,69474710,2965782,2514159,-
504454033,328983680,2966123,1979744,-
446340248,59742415,2966559,1831754,-
539802017,398582513,2966640,2015814,-
628007037,549894971,2967051,1405477,-
442149808,183953055,2968471,1265628,-
451115929,176188343,2968939,1714373,-
668281960,602859327,2969958,1115531,-
993400970,964897799,2972430,1407393,-
520832304,139292447,2972814,2788685,-
1060352281,1030409065,2972952,2116230,-
427560457,34286231,2972959,219523,-
502033873,353097560,2973788,1440197,-
832662448,777325295,2974018,2328361,-
1595155898,1582490711,2974470,2049309,-
1588255281,1574599519,2974693,2216929,-
1588941575,1577543687,2975124,1647408,-
444351233,67650840,2976416,1729343,-
1209553597,1188850251,2976759,1812941,-
1283001493,1266740243,2977415,914975,-
447803689,218221177,2979180,891162,-
2927837147,2924269691,2979498,1892334,-
466842610,282645559,2980308,721095,-
978743176,950439935,2980340,577601,-
4427336280,4425967727,2980502,1113399,-
1408575517,1395177371,2981239,129937,-
573597873,462244720,2982419,1814344,-
429554447,35072351,2982606,530568,-
3288470153,3285797671,2982661,1654155,-
470959505,215349567,2984483,1972439,-
786608808,739701055,2985007,1268716,-
937900697,905793511,2987777,1214349,-
449439305,180958622,2987946,1506669,-
1548347173,1536564515,2988131,1446131,-
504133169,336345688,2989087,1789182,-
460562041,183528649,2990268,1843806,-
733242146,648304439,2990562,2542029,-
1249276645,1231177907,2991961,1356173,-
585490289,437380608,2993596,2461699,-
440981656,174855695,2994514,111695,-
2991373385,2988367047,2995297,601183,-
689122097,627133816,2996332,220557,-
526919656,399857295,2997048,1139005,-
1309550848,1284430175,2997337,2605196,-
2031756776,2025201151,2999295,42640,-
445049161,7926119,2999417,1638799,-
433748345,66705134,3000219,729960,-
457697057,232979656,3000364,1217337,-
564006961,267786840,3000480,2982797,-
3524844385,3522536927,3001177,1481993,-
565022280,411599279,3001191,2331010,-
468667973,31722005,3001386,2159832,-
1658130001,1646106224,3001703,2038642,-
882783057,828845408,3002300,2471397,-
41394551873,41394532015,3002793,2135027,-
486092216,315917439,3004897,1157756,-
730080813,669185035,3005039,1678303,-
521054282,345234791,3005514,2080071,-
443085169,166533968,3005666,932527,-
853682690,814561607,3005922,416601,-
543655605,427166147,3007929,968131,-
695118513,621575311,3008689,1926775,-
2578175047,2570309191,3010332,2935476,-
1114521096,1068511135,3011470,3011309,-
460494608,20919295,3011686,1980069,-
503211053,340533245,3014748,1519434,-
480413216,304149279,3015598,458573,-
509158232,366077103,3015845,678152,-
538651641,353650039,3016061,2326741,-
642368769,556697048,3017638,1760997,-
439935857,99989441,3019014,1017996,-
451002929,197499288,3019172,985037,-
804237753,748385095,3019619,2056447,-
495722656,214507439,3020312,2315237,-
437704365,73257787,3020803,663911,-
506137016,358551615,3023206,412235,-
608064029,494181053,3023322,2130222,-
494025141,324028915,3023383,1315615,-
578332080,399749999,3024555,2602432,-
709600099,648998707,3024990,681672,-
1057978067,1032230003,3025530,873066,-
510000629,365377923,3025579,523489,-
1719180104,1709590527,3025828,924095,-
439480461,40714459,3029297,881717,-
591464309,495909027,3029333,927625,-
844244344,797960303,3029744,1750037,-
455013273,213841031,3030085,597807,-
1108058569,1066359958,3031224,2822433,-
582189425,468336687,3031823,1783297,-
474218745,60560887,3031873,2163871,-
526919233,394221840,3035976,521009,-
456286141,211461915,3036555,849581,-
496186421,333285171,3037625,45695,-
470612529,238837807,3037769,1527815,-
456394105,75910247,3039229,1746631,-
474024529,275749448,3039404,673189,-
514673465,140650889,3039420,2634978,-
848800597,798782243,3039623,2015405,-
465755017,249574441,3040362,452646,-
456039864,172987807,3040982,1427245,-
546767089,205732568,3042502,2882767,-
609454568,475298815,3042718,2401947,-
503468720,47816559,3043430,2541431,-
16942654320,16942554607,3044096,29707,-
1062160504,1028912607,3044285,2193594,-
480691253,257166691,3045525,1683529,-
752532346,663588055,3046830,2629059,-
693245905,578661992,3047303,2700346,-
2418494248,2413566335,3047876,38177,-
525693545,28275974,3048045,2770782,-
503708849,49046728,3048237,2535788,-
539410789,365210677,3048312,2163090,-
571105673,461768935,3048437,1097397,-
837404216,786558879,3049747,1937582,-
607599025,506093904,3050387,1687260,-
578390544,472969567,3052967,950180,-
598584554,480007223,3053499,2028858,-
444140786,10664615,3053904,890925,-
819361536,773626255,3054653,207740,-
2293065112,2286891311,3055163,1778384,-
466919701,238801619,3056659,969197,-
1075760138,1032819095,3056793,2734344,-
469708106,240595799,3056841,1242972,-
998966489,968763398,3056901,791976,-
446793977,101445511,3057041,948339,-
580612128,404404255,3057782,2548301,-
611709640,448718927,3059329,2671634,-
524050621,383267579,3059461,259829,-
578415741,383043419,3061599,2651887,-
5550374944,5549320223,3062018,1757939,-
501323249,60943152,3062152,2480285,-
474379057,235977408,3062879,1538610,-
991184045,960359549,3063276,181590,-
748979336,671129359,3063364,2336541,-
496182288,30127375,3063406,2415857,-
471083539,187718323,3064302,1767366,-
446600321,91862225,3064470,575412,-
544919129,419031062,3064809,161850,-
5531985861,5531022659,3065661,543437,-
529342201,362041750,3068607,1868970,-
558078216,434823935,3070230,1287269,-
466576624,194767743,3070623,1515968,-
477073773,268952971,3070703,682255,-
1387708024,1365017327,3071575,2514014,-
504319201,337301775,3071825,960651,-
464096537,204356726,3072549,1231668,-
1341062728,1319287071,3073164,2266615,-
2082402793,2074063911,3073357,2083125,-
4706528359,4705103623,3073686,1524042,-
516114071,329074919,3074448,1880262,-
1054353369,1000658087,3074653,2997585,-
687991417,606675303,3074687,1898325,-
788575979,736140683,3077202,1157562,-
1699330177,1679956271,3078449,2953781,-
838545163,769110235,3080232,2585094,-
570190225,415871912,3080248,2200171,-
470911961,242475086,3080790,545055,-
1812383672,1803168783,3081212,677725,-
2465180909,2458053387,3081905,2504657,-
1180943977,1154383143,3082005,2071693,-
7841537937,7840978288,3082450,1897079,-
493799488,311136671,3082510,201491,-
557827368,428341135,3083374,1464721,-
708929016,642705119,3084099,763534,-
480116016,150804079,3084242,2023159,-
697762881,629245544,3084949,156954,-
542746232,410274591,3085193,683956,-
733366960,648477647,3086578,2358881,-
800833665,731665952,3088863,2357396,-
4548650273,4546996960,3090553,1835616,-
689948145,618965839,3090685,473971,-
809252448,757999871,3090753,1337120,-
796140785,732818352,3091343,2108398,-
598984834,497375383,3091611,843882,-
501507061,242607635,3092335,2125553,-
997232373,965575075,3092651,175511,-
10807673525,10807382357,3092802,1801398,-
528089781,73738531,3093845,2726375,-
604629496,449336079,3094287,2493262,-
535633664,394475503,3094837,861972,-
569293232,448401631,3095134,1266627,-
2453564018,2445380615,3097794,2725863,-
594205528,489550751,3098860,714199,-
471925800,88728767,3100303,1861896,-
1122972149,1095276963,3100381,1770047,-
537648641,397887144,3100609,101468,-
548876937,415483223,3100913,1040835,-
508547489,253476072,3102119,2181080,-
2278303226,2269631015,3102201,2544450,-
490452369,292502488,3104969,245786,-
1472143721,1457663095,3105945,634363,-
612230704,388920063,3105957,2967902,-
510687441,51184984,3106043,2514548,-
476105993,243689966,3106470,755187,-
908459360,855720127,3106608,2340367,-
884500849,840021048,3108042,1559791,-
5139523025,5138280552,3108538,1499897,-
479294057,91235031,3110819,1990471,-
1275547521,1238531840,3111265,3007212,-
2097761423,2090413535,3111942,1303008,-
528862904,100360303,3113022,2698121,-
10859399496,10859011919,3114387,2561248,-
1464788896,1444539999,3115214,2421219,-
1462966872,1448086591,3115502,775541,-
456441893,89410805,3115512,637794,-
461677552,129629951,3117646,1150757,-
459534802,77095543,3119085,1179474,-
456073784,39467967,3119573,557630,-
663995185,516415152,3120738,2785247,-
1444460856,1426085599,3120967,2079092,-
660674281,473412406,3121155,3057390,-
2774279365,2767509507,3121317,2794859,-
1424108914,1405149703,3121578,2084313,-
553823785,266884007,3123493,2731603,-
468044837,44469701,3123798,1639434,-
459520393,43590361,3123960,1143282,-
526149505,369316352,3124219,322594,-
461058640,139021647,3124602,248959,-
793869309,737771723,3124871,1357203,-
633778112,539328111,3125272,1230827,-
523937544,364374287,3125654,200655,-
4328463721,4326746494,3126501,982218,-
533757506,38933015,3126564,2741025,-
684911401,603169575,3126565,1583949,-
477879885,238394267,3126747,248129,-
915980237,876288987,3127135,318965,-
544837776,386906719,3127267,1690706,-
466269565,176480427,3128259,573247,-
461343617,45681343,3128379,1233565,-
505562986,322069015,3128478,368355,-
1238633305,1217364622,3131967,6678,-
650510721,446914879,3131969,3078257,-
469709369,191181607,3133339,709425,-
1028217617,996816096,3134614,444137,-
670274633,531072758,3134625,2720820,-
499617658,131620375,3134643,2255562,-
1589188608,1569505391,3135927,2666870,-
577896209,457996752,3137230,489769,-
515091521,262795745,3137538,2156010,-
464352064,81538863,3138348,1266821,-
535176720,146287007,3138562,2699667,-
502299912,309072991,3138956,595609,-
459910681,57217129,3139032,100026,-
1122938625,1096460447,3139037,924477,-
742001336,647970255,3140672,2501645,-
620276825,514009982,3141603,1526676,-
712692281,628404199,3141933,2012231,-
865694737,819368888,3142210,1045271,-
505384664,46201903,3142488,2368379,-
491874205,239706779,3142559,1665895,-
735835784,667208703,3142814,1399963,-
485051474,226079543,3142866,1495197,-
545649101,30511565,3142920,2837832,-
565532243,436630355,3143376,38028,-
611540433,507807215,3144399,24409,-
918911016,878216575,3145270,922117,-
498172531,294896659,3146142,346686,-
776299992,716460943,3147203,1182140,-
600622485,416191187,3148263,2609137,-
15739218001,15739078760,3148775,1508318,-
807410537,752202206,3149934,1232901,-
795904065,738287512,3150136,1346353,-
566351953,141211800,3150648,2993563,-
491954029,263772683,3151361,1201441,-
512091421,106031835,3151659,2422405,-
553557928,397311455,3151993,1692268,-
670906301,560389469,3152262,2285046,-
648932569,554253767,3152867,1431065,-
3111971120,3108076287,3153538,1938341,-
662179786,575967895,3154215,739404,-
479422837,209781587,3155365,1163555,-
547089745,394262792,3157541,1322632,-
489839120,48744207,3158449,2056922,-
645639688,528187215,3158812,2171091,-
6159182521,6157815214,3160122,2733687,-
468252352,141960863,3160745,209888,-
538399298,382749671,3161235,597996,-
777659129,718124007,3161515,474367,-
492493320,124183919,3162410,2045961,-
2748616593,2740694975,3164399,2978997,-
477036229,143995043,3164861,1513211,-
1875822657,1864887016,3168853,1931986,-
484710637,209592971,3169493,1392227,-
479660016,210590255,3170294,32505,-
558780541,289830635,3170783,2646355,-
475248473,105466598,3171015,1499610,-
469504321,110293640,3172984,943375,-
654781237,563619987,3173025,751985,-
609149649,445823183,3173167,2450127,-
1101058373,1066883235,3173947,2087587,-
1252061617,1223496336,3174508,2335341,-
489057121,199322024,3174742,1653011,-
647514993,552008015,3175179,1131893,-
2119096226,2108548919,3175347,2510466,-
518267081,147152439,3175769,2420099,-
2237282125,2223851307,3176559,3151583,-
551409505,403627967,3177149,275213,-
761360218,697503895,3177912,181833,-
1293534449,1272515727,3178739,1142515,-
483286272,24979583,3179316,1808225,-
1726821089,1711318152,3179410,2436787,-
6230161032,6228994751,3179733,2406806,-
509056880,273534927,3180512,1737971,-
753371672,678921151,3183019,1861326,-
579668113,356137656,3184521,2615030,-
1148087280,1120396367,3184831,1413798,-
469520712,27594751,3186971,754706,-
479570593,191812440,3187491,321506,-
857833097,801944366,3187689,1871388,-
1076408017,1045816928,3188359,87490,-
3052831378,3046090855,3188739,3033288,-
838939249,786187848,3188753,1032018,-
2559045409,2551581752,3189880,2555783,-
1238104253,1213643595,3190391,1607411,-
552600077,382863771,3190949,1729519,-
1171323379,1138943683,3191448,2255562,-
470996864,47759487,3192161,858100,-
534567041,235647439,3192491,2446023,-
554554257,404811368,3192616,747285,-
492232737,237950336,3194166,1141309,-
1229455832,1204025551,3194706,1721567,-
475426249,145261703,3195073,653329,-
747820977,679430351,3196149,678853,-
608777321,433632614,3197709,2507322,-
2424012914,2418059927,3198063,523200,-
510074617,295655278,3198075,1226088,-
558781456,411426879,3198133,681654,-
541323857,321395976,3198158,2135833,-
542237213,379557691,3199151,217905,-
2041894864,2033484239,3199300,197555,-
486627165,195023819,3199589,1317705,-
980253841,942127904,3201434,894583,-
599404113,348728488,3201680,2870245,-
1407316130,1389231719,3202020,988077,-
1014732961,977604264,3202242,1524061,-
505356001,287393240,3203540,157193,-
701164673,617902576,3204165,1357198,-
520104194,254706263,3206991,2070876,-
692491169,600397072,3209245,1759134,-
4829750033,4828177720,3209461,1404444,-
473974681,22064854,3210216,717861,-
1516835056,1500699375,3211120,1402677,-
553811321,354975734,3212562,2077119,-
1009082081,972356320,3213336,1113545,-
2583213312,2577168271,3213748,1936451,-
507207489,276645247,3216935,1220167,-
1949276537,1939725206,3217074,1053087,-
584064520,411479519,3218614,2171965,-
524616529,312005904,3219470,1601625,-
517707928,291543855,3219994,1595079,-
1865270960,1846904559,3220265,3011806,-
502634309,206170853,3220314,1807638,-
506536824,257735503,3222419,1496776,-
772023393,695538815,3223989,1988027,-
646087376,544632415,3224376,484135,-
490408490,69666599,3224490,1755657,-
519366853,298899491,3224497,1516255,-
521680709,237254933,3224508,2128194,-
511056976,198251279,3224561,2047394,-
617251393,502442641,3225762,486720,-
483162176,111204879,3226598,1319281,-
483396515,92922947,3226854,1389906,-
738405433,609783735,3227421,2864971,-
481077568,116297615,3228227,1037564,-
496332273,235903240,3229667,764008,-
940858673,878263375,3229891,2612547,-
1132616737,1102158536,3230552,1508153,-
492731629,218511853,3232584,93468,-
591977152,109800383,3234980,3135119,-
516307136,119846719,3235317,2265626,-
677835242,585547271,3235908,1007571,-
700647305,564563417,3236148,2714958,-
559799183,228416735,3236358,2708352,-
478968649,38148937,3237240,153192,-
18192884081,18192727000,3237930,2605039,-
552970117,346777381,3238386,2042478,-
1148866641,1108543640,3238530,2577383,-
664614009,462315127,3238633,3034055,-
560693920,396731679,3238775,1395516,-
1620202977,1600334176,3239488,2581769,-
549204040,360042159,3240485,1718208,-
480496049,67708783,3242977,374319,-
730206929,652792623,3243373,844579,-
672599441,578361624,3244343,386842,-
1310496273,1285482655,3244619,1987433,-
1332417720,1308362159,3244635,1967644,-
5819869120,5818330079,3246215,2594284,-
488198781,173765435,3246639,251225,-
4520159008,4517400095,3247049,2757812,-
755742888,684219151,3247375,579694,-
825066761,725387054,3247518,2879373,-
538546097,313957536,3248216,1931821,-
719852914,638693047,3248931,1014270,-
489603385,180288334,3249033,513990,-
906830477,858538203,3249221,1096735,-
561328850,401127239,3249579,951000,-
481722409,56277383,3250307,26861,-
847560946,792201415,3250359,506070,-
579816157,410042331,3251323,1942437,-
599577456,464925695,3252402,1332325,-
521228873,23157470,3252756,2333481,-
3878143033,3875658790,3253278,57153,-
620148913,452077320,3253293,2416292,-
607792757,482627251,3253527,487649,-
486970561,82291800,3253890,1296053,-
1654372513,1635412465,3254394,2541624,-
506727193,261652270,3254607,63546,-
1307365657,1285091278,3254973,411660,-
485080113,121898696,3255137,486210,-
1591454561,1575823135,3255995,1511229,-
567433185,410031247,3256583,1066253,-
7874283633,7873366520,3256701,2760688,-
695443776,604134959,3257223,1346554,-
662263210,549954199,3258243,1838610,-
740914273,646193648,3258850,2215955,-
2491105585,2485028064,3259428,202355,-
493976257,46938936,3259476,1658159,-
1487964483073,1487964483056,3259775,188024,-
577436517,429007363,3260135,885239,-
1757622917,1741634163,3260189,2412305,-
1190331504,1148275663,3260908,2776781,-
992016649,931921318,3261819,2706906,-
543788096,216328959,3262864,2471873,-
531525122,104321591,3263952,2441559,-
1151311344,1119843263,3264363,1691882,-
573920465,397697007,3267851,1865147,-
755737843,611190211,3268050,3073668,-
519205176,107388415,3268351,2227480,-
727813685,645142277,3269586,1286376,-
557494442,364388471,3269748,1803663,-
18078646077,18078505723,3271235,2192477,-
590788504,197347647,3271861,3026670,-
595338961,55836464,3272668,3131141,-
498885473,57363640,3272688,1744553,-
526815201,300021584,3273696,1443977,-
618902849,491060928,3273946,1392427,-
490996760,150258127,3274509,277328,-
5052675873,5050222960,3274978,2920387,-
493728865,13451952,3275454,1513709,-
490578977,143104961,3275562,365586,-
853325968,781705311,3275943,2310920,-
498680193,206578816,3276070,295237,-
516318689,281610568,3276816,352393,-
532604029,75544683,3276843,2438407,-
1977012770,1961569607,3277179,2832024,-
701951953,583591176,3277243,2374020,-
619959109,494985363,3278303,1106757,-
1692144179,1677735683,3279972,1625394,-
533718864,285185023,3280274,1900901,-
499831411,208472899,3280494,126516,-
1001883408,957699295,3281671,1833104,-
562534025,391730729,3282630,1155666,-
497859064,191366463,3283503,627148,-
629993315,274581299,3283620,3260982,-
1792530049,1780343928,3286533,237482,-
887882097,806709776,3286639,2762922,-
967882833,924249856,3287950,746983,-
560750233,380988985,3288066,1426026,-
571541936,358055919,3288526,2209769,-
1755416474,1742306327,3288873,1347060,-
1537554289,1519752392,3288904,1670845,-
526475601,37603040,3290082,2314585,-
716039245,628477787,3290689,1128853,-
535615169,18715648,3291342,2454581,-
496722552,110668991,3291504,1398671,-
5995837088,5994706975,3292877,1439046,-
1572229569,1556209672,3293009,219400,-
674021585,519043912,3295239,2638546,-
556473393,168452768,3295245,2654200,-
533240481,314348144,3296474,1254429,-
2874329120,2868413167,3297291,2302868,-
572813345,410581752,3298493,773686,-
560994273,73965256,3299230,2755699,-
689672216,453892159,3299951,3281436,-
1812254717,1797946013,3300150,2147214,-
2353023137,2345749848,3301213,1136930,-
597870037,54472563,3301615,3119697,-
1516360360,1498929087,3301739,387354,-
1103065897,1068768121,3302046,1251996,-
549416441,357987494,3302127,1017042,-
622166721,341499304,3303056,3009007,-
550483045,362809187,3303229,83027,-
550195733,361732611,3304265,340421,-
2327287769,2319900758,3304329,811614,-
522145077,284673811,3304757,300493,-
499984024,150158127,3305652,1217285,-
532889849,311954503,3305819,1113399,-
504240528,29299535,3307283,1709472,-
661630025,531389367,3307637,2111743,-
768943312,694427663,3308110,376753,-
503512913,112484536,3308825,1588314,-
536185757,324008093,3310200,516012,-
2132503473,2119229551,3310445,2781611,-
659626336,513214415,3312179,2368700,-
886025144,829720767,3312470,1410731,-
517236035,257606627,3312882,953898,-
13079839848,13079564191,3313208,2140055,-
505336864,37232207,3313576,1704365,-
705050201,612581654,3313728,395829,-
1284070193,1259185296,3314335,488758,-
498913205,93476227,3314941,1271703,-
556374488,307263135,3315808,2173993,-
667291547,550194491,3316722,1758594,-
495338529,48432904,3319495,241120,-
560563881,77438935,3319655,2713811,-
583961793,283760440,3319727,2721236,-
661085833,530069655,3320463,2071693,-
501558739,165617827,3320538,490440,-
1930146632,1918400431,3321957,1717576,-
2015991634,2004544903,3322407,2028426,-
2266553344,2258551743,3322603,1002342,-
499078785,130715312,3323946,265339,-
1333351005,1306380779,3324309,2083105,-
603467032,456138351,3324331,1285692,-
891574874,788936183,3324654,3126021,-
1243858921,1214633014,3325881,1784244,-
2124551345,2112077064,3328178,2593345,-
2279100425,2268968054,3328335,2423088,-
1101716090,1050118199,3329775,2739132,-
547951024,346080767,3330725,173162,-
1310859845,1274955029,3330738,2747640,-
899531273,845620886,3331188,447855,-
827507077,692245827,3332375,3250305,-
985868469,941476403,3334033,608841,-
20307917160,20307812687,3334337,1541838,-
523813451,271553099,3334968,145776,-
4170757529,4168377223,3335799,754733,-
508191929,183921929,3336000,1040310,-
745554480,662282639,3336495,222022,-
735649416,646295519,3337219,1425486,-
553934721,274010240,3337887,2241980,-
498933079,259927,3338196,388380,-
744688337,660892056,3338488,546757,-
545761877,337167653,3338520,199422,-
517223801,237420614,3338982,911121,-
606799117,111963851,3342859,3139493,-
993450001,947577120,3343755,1467568,-
516283121,221521440,3344138,1138255,-
1483332768,1448132143,3346520,3173765,-
1163322433,1126891536,3347110,2054421,-
843086512,778771311,3347947,1070364,-
618446760720,618446760527,3348384,3128147,-
518046489,219488807,3349143,1274635,-
651383376,531978319,3349249,118286,-
691284800,543505279,3349870,2573637,-
1060493737,1021694926,3350427,637662,-
1705996913,1691420200,3350558,632943,-
511066829,194666203,3350959,373893,-
549679125,294788707,3351529,1944349,-
516734177,161930536,3352077,1653338,-
525786593,173771760,3352777,1925452,-
1959233024,1947093343,3354019,1875906,-
826249181,758762955,3354911,861005,-
759659509,635161347,3355047,2728675,-
640506449,514272048,3355336,272027,-
518759288,233884015,3355563,405016,-
523358441,252444734,3355899,808914,-
554161121,199713329,3356538,2437212,-
8717331201,8716771519,3356597,896563,-
551926997,340364501,3358344,1105824,-
1368373664,1343420367,3358870,1793503,-
1890994309,1879039203,3359483,502179,-
738964104,552611423,3359818,3218781,-
508104912,102332351,3360954,1258219,-
623635730,482010119,3362148,1290885,-
742931953,651411960,3363087,1546298,-
515483576,207355999,3363982,94749,-
635865069,407542763,3364073,2798481,-
786641021,705725259,3364519,1635187,-
505940897,75382191,3366049,916349,-
931334256,875027279,3366163,1753152,-
517076232,132595231,3368266,1638323,-
539105785,302279497,3369954,548856,-
12180087489,12179795023,3370849,1013149,-
576722705,259655839,3370903,2592885,-
649809545,388426567,3371391,3050449,-
534896305,287794992,3371444,252627,-
2046655905,2035149472,3373597,1942994,-
739761753,639369511,3375775,1920269,-
514772393,177063015,3376379,974051,-
527417912,159475503,3376400,1887557,-
661015105,444683904,3378060,2899441,-
910727258,851858375,3378687,1620918,-
2662891281,2656746655,3379327,86525,-
743081983,613599055,3380154,2642304,-
6881900674,6880976167,3380241,940890,-
590162369,204086688,3382334,2852107,-
985015632,923071151,3383577,2485018,-
569482147,63042931,3383748,2702502,-
508223233,40050936,3384447,68500,-
726815376,612979375,3385499,2172020,-
1060835584,1020139743,3385764,940103,-
1376856801,1349843119,3386449,2091139,-
643936681,513503974,3386823,427032,-
560078621,351664109,3387126,872472,-
754981101,665625259,3387569,1390343,-
812909541,739739219,3391973,359031,-
1322677889,1296932248,3392223,556612,-
550134053,204185155,3395013,2239027,-
726530609,630462552,3395315,92744,-
604411792,414082271,3395389,2027234,-
511664336,86915919,3397562,464641,-
1880830365,1858637147,3397659,3158261,-
608657633,398601400,3398546,2315571,-
553922521,171398185,3398712,2368950,-
7441251263,7440427871,3399666,1335690,-
1066445552,1019230831,3399948,2126293,-
686562001,539231280,3400210,2399751,-
598895954,357937127,3400221,2437200,-
664794437,535586451,3400303,1596181,-
1364892211,1333815859,3400368,2450568,-
669669410,525080279,3401685,2157066,-
4062318953,4059608585,3402306,558078,-
870587873,807038680,3403618,210189,-
514259369,39380318,3406626,1060107,-
531220984,200485967,3406655,1636186,-
593281745,348173152,3408901,2370564,-
564975890,340304759,3409440,1552233,-
532790141,138812859,3409727,1913143,-
547932769,308017872,3410135,469788,-
652039064,478991983,3410859,2377892,-
582173249,195655248,3411691,2715094,-
1294113285,1260313667,3411957,2338309,-
723492965,623532547,3413199,865393,-
1540594581,1521238339,3413507,756769,-
526681663,44672911,3413814,1786680,-
3167315593,3161098006,3414123,2670870,-
537894416,270250639,3414258,211921,-
1295081747,1251746531,3415062,2941044,-
910879149,847496587,3415445,1819667,-
1133390881,1067905584,3415688,3177543,-
2086034807,2065284551,3415968,3389814,-
514779904,34278303,3417308,46761,-
548813593,243227350,3418626,1945479,-
778725445,693029027,3420643,1253189,-
537324576,245388959,3421146,1354861,-
2189740161,2179842440,3421153,1475880,-
778244929,661543679,3422525,2584645,-
11915540765,11915214507,3423997,1109657,-
536451769,19625463,3424031,2028177,-
630883105,470563839,3424175,1752279,-
557050976,327965695,3424826,88155,-
743554039,633189703,3425856,2100894,-
675964573,498165755,3425947,2624963,-
1199626305,1155825664,3427930,2578453,-
607197569,439379808,3430856,837343,-
522411553,67697855,3430913,1387177,-
717971953,596991200,3431236,2080163,-
11628440117,11627900211,3432733,2992141,-
528288193,153161520,3433854,1480949,-
787263706,698121559,3433977,1714044,-
861023953,793113951,3434455,743157,-
600509281,96174344,3435607,2955896,-
594739921,413493264,3436539,668476,-
2074797277,2063875453,3440478,664650,-
825786745,750385654,3441363,764340,-
665014168,514360575,3442092,2049409,-
1096438937,1053916718,3443331,1621320,-
749953953,645344351,3444501,1871315,-
550140857,182033511,3444571,2106529,-
2233597513,2223726745,3445116,1578834,-
1029378605,982975659,3445655,205519,-
1208914586,1168180199,3445746,2372343,-
1414425377,1371177496,3446269,3243318,-
547087333,283012835,3446387,147293,-
528179265,180270304,3448213,580310,-
551740394,39242567,3448956,2266755,-
710028392,508838511,3450034,3032183,-
572136481,357203544,3450216,181817,-
525039538,138255655,3451341,671412,-
702853848,586470175,3451469,1376158,-
2821730833,2814130208,3451510,2501335,-
908642224,810180143,3453317,2954456,-
543674441,144462566,3455115,1973670,-
531853629,198850523,3455119,513393,-
2306979776,2298000655,3456740,408093,-
13933214149,13932953507,3456803,1732325,-
14006342273,14006098000,3457968,938977,-
886774353,792467936,3458510,2742681,-
3254630233,3250110695,3460619,93577,-
2225024944,2207927423,3461318,3227077,-
551579608,289042335,3461993,348384,-
534642709,205093043,3463981,682501,-
636829960,82961807,3466574,3262447,-
757576937,556635998,3466725,3295062,-
3788219256,3784860079,3467047,97942,-
563001529,319017623,3467183,1102007,-
594995161,390709095,3469105,1575597,-
525996107,86741531,3469356,67554,-
1069804657,1022353416,3470066,1813137,-
616494217,236520166,3471378,2951259,-
3225828761,3221096390,3472329,1210230,-
544591761,248062184,3474006,878903,-
2463256235,2455189067,3475338,835782,-
687987389,554599613,3475812,1736916,-
1827862797,1813071547,3476015,1016755,-
68913017138,68913006311,3476436,1691715,-
680152497,550931231,3476721,1070299,-
650968087,506147431,3476862,479532,-
615102899,182714963,3478794,2992254,-
774282416,616152079,3478854,3025649,-
743224104,641487823,3479438,101663,-
875371520,806054527,3480261,772918,-
527610169,33702743,3480799,439607,-
821164937,691419758,3481152,2955735,-
553921081,104107575,3481527,2163545,-
528586673,16994776,3482989,848340,-
903090776,828171759,3484619,2142668,-
6001564113,5999009200,3485819,3365632,-
569019841,249839999,3486203,2139011,-
1535370393,1513289351,3486475,1575903,-
831812912,750896031,3486908,1441961,-
6317490336,6316220975,3487047,1422910,-
2042473377,2030567551,3488653,313949,-
15511548657,15511343288,3489315,30392,-
1679201752,1645477631,3490306,3384283,-
566574705,296171504,3491055,1647134,-
530000232,60428831,3491657,374868,-
1678386888,1654126751,3492269,2702370,-
2792183618,2785424951,3492828,1725225,-
3404034801,3397938224,3493169,2813478,-
531753613,105531181,3493830,648846,-
1016658081,946625504,3495842,2700579,-
1141732537,1101395158,3496977,1281090,-
696460005,567554659,3497665,1520167,-
4339108057,4336153366,3498069,2031924,-
540505569,194115592,3499145,906856,-
159317419354,159317417383,3499704,518469,-
10004745368,10004245135,3500079,599074,-
12315117073,12314784865,3501354,960516,-
539718981,11030099,3503211,1603007,-
1689769869,1659657067,3504017,3182815,-
606980817,349685528,3504340,2341509,-
578322376,91244639,3504419,2543338,-
532953535,5754559,3504444,862560,-
565835208,309918031,3505535,786058,-
1506369377,1481463528,3506672,1985705,-
792508049,682173688,3507221,2320356,-
542456594,956663,3507273,1697808,-
15595879569,15595657103,3508863,1810369,-
3744666181,3741051459,3510757,23163,-
815016696,728678719,3512047,1235344,-
797403809,707382888,3512246,971293,-
904586089,786798087,3512535,3169439,-
1432220049,1404094688,3512619,2044196,-
3695032848,3690761551,3512702,2177855,-
583588832,271616511,3512923,2267306,-
791966737,650808576,3513833,2878254,-
643302633,482602055,3514377,1063567,-
1342063829,1285241683,3516149,3448149,-
595501697,41199471,3516269,2762473,-
593565360,251183167,3516848,2519633,-
713939093,595163731,3517477,85515,-
2078901269,2064387043,3518107,2409057,-
674098592,534451983,3520768,94685,-
5316175928,5314362111,3520820,509183,-
1371503768,1343528143,3523380,864115,-
640416153,223776791,3524295,3139721,-
1190982933,1153500211,3525785,102679,-
536801429,6206307,3526531,364375,-
587439473,362968456,3527124,598525,-
547400065,115675839,3527145,1666153,-
547540752,209694431,3528057,104752,-
2258173384,2242978367,3530620,2947823,-
726364912,435708911,3531049,3470458,-
588738213,292497715,3531293,2202631,-
541500431,136353119,3532254,870468,-
606092791,110093719,3533946,2843154,-
4951834055,4949711639,3534450,247272,-
550874761,189339879,3534591,1439929,-
548990225,196317439,3536229,1110575,-
541601873,64253896,3538150,1172697,-
41341364813,41341334155,3538407,812081,-
2156097017,2144786798,3538440,617019,-
741718536,627239839,3538916,1450793,-
542194608,102966815,3541107,1015262,-
688995909,552767363,3541143,983071,-
2914440185,2908249527,3541189,635107,-
616116288,283475951,3543240,2704267,-
837984657,663017471,3544887,3434131,-
627170200,445948847,3545392,285797,-
902612875,832348507,3545424,917178,-
686528297,549041273,3545778,1320,-
549642312,45648671,3546163,1672146,-
695946209,501689103,3546889,2692259,-
3652074281,3644733305,3547236,3407490,-
1003007473,946688120,3547421,1224512,-
732364464,616543183,3547832,317453,-
747639529,506243518,3547884,3374817,-
3198879145,3192198454,3549705,2602716,-
1240071624,1204038127,3550198,1268905,-
569869745,295628527,3551631,581281,-
605194521,244363399,3551639,2631469,-
567785037,286553851,3553733,378503,-
3330226057,3325415351,3554629,645791,-
1018149237,956364211,3554897,2141177,-
705226872,546768911,3554909,2291604,-
1323946337,1279039073,3556920,2873316,-
612888097,407389088,3557245,1255426,-
584467784,339437247,3559580,216497,-
2729337049,2717575174,3559815,3171210,-
852896369,762184632,3561586,2022895,-
579258216,319570799,3566123,30096,-
4659553729,4656959528,3566609,1630124,-
725995993,396573070,3568269,3546312,-
8682950821,8682229571,3569695,928255,-
613566520,78420399,3570040,2872293,-
649910857,411882071,3570491,2547481,-
560281512,160217711,3571383,1736074,-
561923800,226171727,3572801,1307186,-
1065248939,1006569083,3572934,2257944,-
670287457,513947183,3574615,1206853,-
3449992489,3442749982,3575595,3118818,-
722405877,597469843,3576895,423649,-
553265217,173565136,3577064,797873,-
587908712,305738463,3578450,1806403,-
558208609,189940272,3579720,1302121,-
1095100274,1041560327,3580389,2088540,-
1266923761,1229480304,3580451,1807848,-
8641385561,8640650270,3581295,675678,-
1665487169,1640575743,3581687,2509289,-
768652801,661217904,3582017,804948,-
571446968,37083871,3582790,2160381,-
2241843698,2228514311,3583845,2429088,-
814911456,683591039,3584322,2743739,-
641944325,462974979,3585665,193913,-
1102102017,1054659616,3586331,581842,-
654701448,483248015,3587106,1218833,-
587963969,100246337,3588372,2457120,-
662843201,75514584,3588914,3342997,-
613521101,345727579,3588963,2206393,-
715615309,585337323,3589001,250137,-
687991809,148254848,3589354,3536421,-
584212273,321595440,3589453,602184,-
564466691,218710739,3589578,1354392,-
2153560888,2139360575,3590161,2343128,-
627642881,235600824,3590719,2870956,-
8913575853,8912772475,3591851,2236657,-
1235285065,1193425129,3593070,2074866,-
597710033,356431935,3593147,1118929,-
905673269,829402083,3593977,1530053,-
579516265,159108567,3595211,2202369,-
552283521,110394680,3595425,182584,-
636383951,438970319,3596112,1558596,-
960428609,835514513,3596562,3410808,-
558564097,164063448,3597285,1244278,-
3396591800,3388532799,3597710,3243893,-
5659520328,5657626895,3598543,1940874,-
746919208,552403695,3600501,2991412,-
641145813,171440515,3602429,3080927,-
612185016,390605375,3602520,1087919,-
3497512848,3491212223,3602865,2809520,-
921774120,828719167,3603601,2596084,-
1163704763,1120524635,3605526,163206,-
587462021,97697139,3605921,2392013,-
1464700673,1434046120,3606399,2214164,-
553162961,35994544,3606658,296199,-
1397894752,1343461551,3607577,3424086,-
640854529,380450977,3608922,2490870,-
600632713,360944855,3609047,240827,-
770821977,505885751,3609099,3550229,-
931066757,860335491,3610279,814111,-
1210429675,1164502459,3610506,2221980,-
9549316504,9548694447,3610590,682777,-
972658257,902026816,3611336,2005403,-
720948496,588771119,3611722,826567,-
2316758023,2306113111,3612234,776040,-
639302473,441287470,3612867,1493706,-
564059521,207024095,3613225,618959,-
787257817,667844871,3613931,2100753,-
556819577,4036231,3614877,1171807,-
557984832,140650351,3614936,649643,-
705733361,535383855,3615353,2283545,-
3522830193,3518013215,3616551,1683053,-
1661983752,1641037823,3617286,651995,-
654503833,317571670,3617511,2963142,-
2846906341,2837142709,3618462,2841072,-
752086849,469923168,3618712,3500529,-
974402527,907549231,3618786,1575576,-
783316333,676093501,3619266,162780,-
1351867297,1318375376,3620524,1643033,-
676756313,90051470,3621759,3422238,-
655424120,478399407,3621806,19559,-
795306829,639110843,3622307,2890703,-
582033537,105966416,3623739,2202814,-
607132529,266426287,3624113,2385375,-
1413934529,1384565152,3624145,94872,-
620288568,344575391,3625705,2234688,-
693104513,186351496,3626235,3520334,-
729699992,591684271,3626332,1705701,-
558699373,80354315,3626861,958907,-
724464385,589546632,3627647,1210524,-
61875456976,61875440879,3628439,1843642,-
612659098,357428071,3629097,1814550,-
888822929,807476008,3629163,1220164,-
2266536440,2249760687,3629273,3019622,-
2092870737,2078470976,3630171,1943092,-
748269221,605379699,3630709,2197807,-
1197213213,1144542955,3631181,2557849,-
607490233,307125015,3631371,2149003,-
97771783865,97771776062,3632148,2655579,-
672248021,474927269,3632154,2181192,-
795366645,645323827,3635341,2780371,-
4171578329,4167880183,3635403,2066267,-
746957584,475164863,3635633,3407188,-
7836621320,7835641039,3636970,1539297,-
607392304,310287983,3637216,2093077,-
1692634957,1659923643,3637485,3167713,-
591819501,316281835,3637499,871195,-
641922401,33177304,3639319,3071964,-
727037089,569031728,3640742,2221469,-
674251505,464695087,3640867,2349243,-
597498802,79430551,3640977,2467464,-
2130917485,2117906987,3642901,453883,-
603648946,352440055,3643287,68580,-
621621144,330861823,3644123,2292782,-
708623496,460162655,3644135,3009612,-
1021110911,937095119,3646188,2839662,-
1403958083,1372881731,3646392,1309200,-
573297109,63255123,3647733,1826261,-
562076581,65315475,3648527,556035,-
713065729,570046208,3649178,107419,-
618133309,255373707,3649355,2548209,-
649285221,348101939,3649679,2712213,-
564245395,75770467,3650658,1122636,-
650072800,452668559,3651056,1437245,-
11378847082,11377976791,3651774,3557619,-
635581339,391268923,3653418,2079426,-
592837448,267962991,3653431,1819430,-
674403457,136162616,3655073,3348572,-
14337101305,14336799239,3655315,1668079,-
629602776,345115855,3655468,2338675,-
675716257,330155576,3657938,3109597,-
633305777,313194351,3658157,2578453,-
4185947299,4179360163,3658188,3592848,-
662701657,363310407,3658355,2828055,-
695315792,539129551,3659452,590733,-
2067129072,2042531743,3660311,3390040,-
772400181,653132915,3661215,1259927,-
900459041,781867279,3661391,2917317,-
1132572441,1083499799,3661899,990019,-
1863322217,1845719431,3664829,1053411,-
2600542848,2590437215,3664857,2209564,-
1670129253,1648080355,3665363,1121827,-
25974806521,25974716055,3667791,1208665,-
565952450,37301927,3668529,566934,-
1369573241,1323780919,3669239,2870583,-
1142586257,1045024896,3669623,3605902,-
566797697,77794288,3670260,628193,-
1122232561,1062595080,3670415,2379678,-
797715688,610930415,3672128,3144523,-
568108321,60092744,3672131,1068878,-
567417005,66789547,3673707,702443,-
591575153,290069640,3674474,754607,-
752755258,443773495,3674724,3538641,-
1607685338,1569627191,3674982,3206955,-
750812669,516602573,3674994,3185556,-
708600296,557490495,3675659,32890,-
1192653904,1131493503,3676074,2841787,-
583800608,34286095,3676317,2008352,-
567508897,17599391,3676853,29533,-
635054336,331816239,3676999,2462666,-
618323090,376347767,3678483,69402,-
601380437,275339187,3679435,1910995,-
2244693552,2230795183,3679570,2246681,-
568160785,4058112,3679593,548558,-
989112841,922172470,3680235,422958,-
26170961581,26170846379,3680291,2701427,-
608924801,348351640,3680368,449505,-
3597016261,3588857139,3682053,3390697,-
4019763493,4014198611,3682757,3040295,-
1265765258,1214881895,3683643,2669016,-
587294305,251581359,3684831,1229005,-
1204576269,1157462827,3684925,1891051,-
762476649,636992167,3686113,667055,-
618290045,370635867,3686441,934601,-
962018065,890274287,3686497,324761,-
683924745,267391559,3687317,3281325,-
627722024,297682063,3687624,2450243,-
666939272,252541983,3688115,3126362,-
884288593,787391096,3689090,2062567,-
718457861,563488099,3690009,1598969,-
3551535833,3542815575,3691051,3461437,-
570674849,9023599,3692175,350755,-
680353381,505302419,3692507,167879,-
813386171,675622235,3692550,2572938,-
1653451817,1627752711,3694051,2148397,-
1526980975,1485729727,3694668,3117786,-
777682643,648009635,3695178,1852776,-
620752993,149593896,3695190,2651219,-
702173737,542579086,3695298,308997,-
1409254109,1377182827,3696069,615985,-
612687329,285022648,3696077,2120454,-
591586929,219025648,3696878,1767023,-
595840941,276575419,3697093,1373137,-
1343416081,1307942184,3697722,538903,-
2237563793,2225040976,3697796,519765,-
2221386304,2201243567,3698407,3226670,-
620232935,221424359,3700140,2519508,-
573365194,34472167,3701940,895131,-
673216760,468361039,3702125,1952328,-
1562321456,1536157759,3702188,855057,-
603048593,315432240,3702506,112009,-
859840209,677226208,3702538,3422279,-
1895351205,1877051107,3703367,1639441,-
1419605616,1387744879,3704218,498871,-
2206284781,2186722475,3704375,3120673,-
583663896,49665439,3704813,1792222,-
604006393,316356935,3706261,283289,-
590110885,103381669,3706836,1986900,-
817176605,639800827,3707121,3121409,-
578760905,168467767,3707409,633499,-
627237376,386681919,3707567,113856,-
827546961,719996335,3709453,1427395,-
1488650000,1459258959,3710785,1182506,-
601055938,274820311,3711435,1605402,-
617354641,102601560,3711945,2580794,-
899741137,720521696,3712904,3580037,-
677799857,494937136,3713407,191166,-
829608945,724744784,3714144,266525,-
607733377,118085216,3716266,2379899,-
635556592,401705151,3717199,993588,-
1783257369,1761765863,3717451,1845159,-
1762927665,1740189104,3717645,2067416,-
1556292069,1503571283,3718007,3658533,-
605181697,311212376,3719963,308938,-
585291585,206330767,3720947,379553,-
1934024089,1916738878,3722496,684237,-
620491152,359211391,3724298,629381,-
595120280,262039647,3725996,449383,-
740311544,596693023,3726174,845939,-
1457005613,1425977211,3727435,791311,-
645711933,400670683,3728245,1849405,-
838355305,707790622,3728796,2535519,-
654665928,442827775,3730408,549503,-
612966385,26817912,3730824,2458781,-
678335576,310935999,3731096,3065167,-
2354431665,2335909352,3731268,3251539,-
682503592,498010463,3731314,865955,-
1295500061,1253794219,3731337,1753459,-
829463697,675897656,3731499,2871872,-
594317905,227836784,3731530,1432231,-
1554072801,1526621551,3731615,1106525,-
992377329,921555023,3732193,893817,-
620220897,196845928,3732406,2464435,-
771235873,641945640,3733002,44099,-
3237800074,3226244263,3733236,3599637,-
1379447232,1324461871,3733241,3218494,-
1374261097,1339039678,3734370,303717,-
924654725,832421667,3734521,2094679,-
983455741,910907389,3735168,918768,-
1338594658,1292308855,3736803,2594622,-
802213459,671763283,3738708,2052144,-
890251896,748457135,3738905,3087462,-
632079160,362216607,3739049,1758096,-
653698885,436681107,3741981,192041,-
1659275291,1635169259,3742494,477108,-
730313321,416096150,3743037,3317910,-
691609936,307000959,3743621,3204642,-
668969533,225327275,3746381,3088127,-
592832071,115958935,3746838,1764960,-
3978869425,3974124632,3748223,2294186,-
1073678497,983117041,3748566,3080652,-
2261736640,2248753247,3751102,588259,-
639364157,209861131,3751383,2711747,-
929315632,824581551,3751552,2573157,-
639512337,24243008,3751552,2822325,-
623374704,338294287,3752035,1520288,-
2025593217,2009362456,3752062,4859,-
666647777,416800896,3753362,2244941,-
610107649,286597928,3753407,1501808,-
972928609,875653232,3753875,2671934,-
2378814768,2366527615,3753932,1728671,-
1888694608,1862577551,3754090,2962513,-
585064224,103404847,3754501,822140,-
1612546658,1586339783,3756315,1195680,-
1277559304,1221752703,3756718,2809659,-
965502576,886133215,3756724,1498375,-
709025925,512830259,3757265,2172531,-
585620805,102621667,3758597,656147,-
20565838781,20565681259,3759531,562327,-
1534047425,1493013072,3759797,3010958,-
4240347432,4235493871,3759977,2802014,-
685582472,62797791,3760082,3324157,-
587013241,128581959,3761083,467319,-
588656128,144415055,3761086,964159,-
1758863800,1736455647,3761667,1502846,-
813625008,696787855,3761902,422417,-
647369258,104731655,3762111,2890794,-
656768240,304492879,3763116,2717395,-
994155248,918427551,3763885,1636186,-
7123489272,7121973151,3763964,2341079,-
608578264,276599583,3764016,1368631,-
694673809,197272033,3764082,3355752,-
926057553,839115536,3764508,1258075,-
640554785,309377919,3764575,2385223,-
2258013713,2231653920,3767063,3747038,-
1042141201,945422184,3767307,3039544,-
776871376,641090751,3769370,1368405,-
587102185,71856087,3769821,410777,-
1773545141,1751858309,3769878,644712,-
34371121625,34371060254,3770013,1984080,-
1581135193,1542174166,3770025,3018834,-
748339005,600177179,3770245,953859,-
602549153,251482000,3773977,45684,-
1942471024,1920757247,3774143,2517340,-
866931105,755683439,3774185,2033979,-
1396854621,1356192299,3774417,2304523,-
643994241,399522760,3775685,538142,-
1104542944,985609343,3777724,3695201,-
12979130437,12978718741,3778422,1434624,-
769310889,631204423,3778439,237487,-
900258561,800516824,3779584,1882817,-
734308949,575858067,3780085,948091,-
887591985,726989407,3780431,3244309,-
597533001,197399159,3781197,1054727,-
1392427907,1351557251,3781368,2265948,-
2134657233,2119533080,3781701,934912,-
776535457,581900136,3781799,2857512,-
3235948893,3223207291,3782095,3732463,-
723003769,370872118,3782628,3324819,-
2082098264,2066231263,3782904,200761,-
9316810128,9316023455,3783016,411177,-
642490280,174773887,3783634,2722437,-
802538546,643286039,3786366,2592171,-
605918288,238811455,3786927,1335004,-
600446952,19669871,3787849,1805058,-
765134537,600514646,3788229,2245734,-
1220729440,1166720127,3789066,2231621,-
1086911361,1016664544,3789499,2279542,-
1750619504,1727025903,3789737,1667918,-
2919500738,2911401575,3790902,194079,-
758108257,611497393,3792090,718584,-
891586609,690123752,3792755,3627392,-
641419032,378879983,3792885,1263304,-
690925225,68620167,3793059,3326957,-
606189921,249413104,3793363,649934,-
986549041,909482784,3793377,956474,-
2302398349,2289195707,3794335,1104547,-
929569613,774073131,3794665,3390071,-
463983921009,463983920608,3795148,2679293,-
2334047496,2321184799,3795721,1104272,-
612345367,272198071,3795966,1160214,-
627693077,331174291,3795991,1353201,-
700692737,290419248,3796690,3251237,-
593524933,108718755,3796731,92861,-
615375889,271611528,3797067,1504756,-
735249965,344766427,3797611,3490857,-
763969201,604098719,3798473,2038093,-
6773708117,6772184451,3799327,1071581,-
842034640,725079807,3799592,1648959,-
14586118013,14585558331,3799853,3492205,-
1589830885,1555000979,3799913,2657365,-
596720280,131651807,3801021,1098782,-
593637541,7355379,3801203,806457,-
4413172097,4409359096,3801396,1926497,-
728811991,526656295,3801858,2380680,-
986332385,907621912,3801918,1309619,-
1042177273,952908375,3801957,2756411,-
925871464,821280303,3802146,2354887,-
1040594786,970783559,3806532,1182843,-
605689624,149140767,3807188,1721865,-
827026593,707709280,3807463,1012144,-
985840859,907590107,3809100,236184,-
597485637,140124451,3809219,97979,-
627058001,329880280,3809499,486560,-
659954377,424973161,3809742,398478,-
597829624,137420463,3810597,684944,-
1789647913,1766961406,3810810,1442997,-
847481171,722909219,3813534,2098452,-
736234289,572102952,3814963,198440,-
621688000,302377007,3815419,919384,-
1531142616,1500311375,3815469,870940,-
1129115449,1057052638,3817509,2604564,-
2267547537,2253691168,3817640,389483,-
1139674193,1078189855,3817641,1950469,-
743523641,583062614,3818511,680766,-
607503905,142206912,3818563,1718038,-
1590529096,1561961679,3819123,664228,-
1841234833,1820057120,3819913,18382,-
1426877609,1369479303,3820019,3335171,-
601695365,2532819,3820573,1477865,-
639187601,312561055,3821451,2040905,-
650909233,204696176,3823862,2703265,-
652550417,399117256,3825492,597899,-
1679010016,1651073039,3825841,2063086,-
938729865,801163927,3825919,3152131,-
602902391,106336535,3827742,1345530,-
757596945,489602864,3828122,3183465,-
825271493,700334515,3828841,1383333,-
633039065,61670887,3829251,2489983,-
1243725237,1195495091,3830103,467857,-
877327720,769589039,3830203,1436480,-
2829592481,2818253464,3830294,2735907,-
5554760625,5552430392,3831798,413119,-
24106659768,24106534655,3832478,1242843,-
1521812241,1471651616,3833495,3317850,-
645537237,17884963,3833579,2698415,-
1705022248,1679646815,3834407,1167952,-
929718416,837287119,3836511,236558,-
673678129,352325888,3837281,2592758,-
700389841,134358385,3837450,3338958,-
1571155937,1526654416,3837837,3188594,-
601332128,76761615,3838042,40079,-
764910361,610413735,3838125,1325647,-
794757608,658034095,3838183,458898,-
774998961,611695544,3839508,2095507,-
727587322,522234151,3840228,2241861,-
1883761448,1863089295,3840977,305326,-
602363889,95172472,3841180,173917,-
662388025,417028439,3842947,146845,-
3081565226,3073865879,3843114,899133,-
605250801,127087064,3843343,1102446,-
701169425,52380792,3843893,3352112,-
613132697,93673191,3844631,1828997,-
753912465,518471279,3844935,2898559,-
4023699784,4018836383,3845428,2038487,-
2279058128,2261910175,3846573,2608162,-
684353393,101776095,3849623,3160973,-
973446208,789386015,3851732,3808759,-
714450632,416625007,3851755,2915580,-
343059672593,343059671968,3852030,840215,-
1037231593,959049718,3852510,1917315,-
609802625,177148287,3852971,950461,-
718410709,531654707,3853045,567341,-
653330369,380876472,3853184,1335505,-
711946512,505285423,3854459,1826540,-
1019129885,940565499,3854765,1539307,-
707916205,496204669,3856380,1838598,-
1319104637,1252391451,3856729,3236233,-
890012001,784715599,3857237,806623,-
1666697312,1633719951,3857836,2631037,-
645833329,358770552,3858065,1132446,-
719688021,521339459,3858387,1752769,-
1109420289,996869408,3858792,3517759,-
741926120,571298799,3859720,176651,-
610734319,22273423,3860226,1547886,-
4039029481,4033290334,3861444,2761473,-
46407776125,46407730379,3862045,2923991,-
1168335312,1111244431,3862397,139204,-
784108385,637746024,3862957,405410,-
1643874909,1615925243,3863287,190887,-
803687377,458995296,3863898,3758329,-
697732557,488258011,3864001,774059,-
613843633,202736600,3864191,212618,-
1172028113,1115166400,3864953,3102,-
16676362373,16676078981,3866160,1899276,-
43473681197,43473640731,3866351,1563421,-
7566649105,7564642559,3868319,3314155,-
2050113362,2027741783,3868677,2723430,-
1829994009,1806922759,3869335,1474355,-
689673439,397357183,3869394,2532534,-
679981101,327180859,3869951,2724331,-
1673735227,1645637083,3870006,1676010,-
637179008,273491455,3871323,1921142,-
1881981581,1860270379,3871917,1346821,-
1126312965,1049874307,3871993,2616097,-
617456013,200348555,3872033,1268007,-
618588897,168682256,3872179,1631874,-
742846544,537264847,3872712,2338355,-
10533187249,10532464848,3874128,1973357,-
1287763953,1240787720,3874211,30012,-
5837920369,5835704912,3878147,691600,-
776589905,471274527,3879529,3422213,-
613249905,1790624,3880380,1405693,-
1335013245,1278363499,3881005,2821249,-
728192209,541684392,3882330,331577,-
610217141,28078195,3882375,323633,-
2109707179,2083976827,3882630,3254196,-
668358417,378248936,3883562,2029719,-
3021130161,3007287119,3883869,3498301,-
1056019781,979510819,3884541,1785733,-
1397620469,1357603013,3884682,591288,-
750052394,126000503,3885483,3722634,-
1591688280,1561104847,3885836,293837,-
6441883153,6439820480,3886546,2311319,-
655040281,375143134,3886899,362484,-
628975648,172862415,3887218,1978977,-
757921639,585957127,3888750,1532262,-
647078961,348065504,3888863,491478,-
677677969,434639832,3890564,42795,-
729440529,538832872,3892120,1217611,-
653651317,24821317,3892380,2655450,-
1019175593,939352935,3892559,654431,-
618808285,186350507,3893029,942943,-
727326968,433836975,3893861,2925152,-
694903921,11531184,3894083,3205788,-
650929009,131387823,3894117,2569411,-
897235273,787066215,3894533,1471317,-
1251742993,1188555200,3896812,2681333,-
756315469,584765067,3896955,1195019,-
706249893,487850755,3898829,1502443,-
1151891929,1090345078,3900306,920361,-
1218363743,1161519455,3902376,1760472,-
32971859681,32971731664,3902888,3690441,-
1421704153,1347844006,3903600,3726309,-
649738789,344258547,3904705,1007931,-
654433257,362625463,3905069,470785,-
2491808137,2478700366,3905421,1789182,-
739428593,522221871,3905455,2325119,-
644538967,326551543,3905922,657210,-
7809458561,7808172664,3906142,1248261,-
639925624,297472223,3906173,1306886,-
681447393,98051296,3906931,3013870,-
2780484889,2769964167,3907221,1779425,-
658813929,301701287,3907745,2242737,-
1194765257,1087241753,3908586,3697320,-
620718085,176109027,3909869,146517,-
732694177,432369896,3910216,2978791,-
1370907184,1311114303,3910481,3069672,-
635663809,280919352,3911435,885006,-
749100872,46301391,3911704,3693619,-
627589217,163615936,3911767,1715388,-
698273327,87182543,3914130,3201774,-
849597825,657082232,3915082,3118779,-
672725793,296237216,3915090,2568259,-
1568356829,1515204603,3915557,3464237,-
7622462361,7620994039,3916151,2132687,-
649431249,192941008,3916676,2367109,-
1024244921,937258519,3916761,1994591,-
9381744064,9380361503,3917513,3373304,-
2757528704,2743955887,3918112,2917275,-
820057921,503298584,3918223,3704336,-
667918728,360753295,3919087,1971686,-
696474712,354901071,3919213,2750172,-
3013497888,3003290815,3919531,2532326,-
2502431848,2489756223,3919535,977280,-
618349713,7813880,3920021,738948,-
807321825,643344952,3920951,2203048,-
821425309,659128043,3921031,2369357,-
1123386789,1057058467,3921485,561379,-
723486173,381714555,3921647,3050159,-
736622505,540636167,3921823,1503783,-
1278614593,1228384440,3922667,436266,-
772045544,336983023,3923246,3688041,-
1158732913,1093944536,3924398,1753745,-
661692937,373767718,3924831,673200,-
6905998177,6904338416,3925354,65171,-
954391728,857744591,3925540,943347,-
6177201441,6174088664,3926674,3298749,-
4980349729,4974873488,3927367,3606308,-
9786028241,9785198304,3928327,728002,-
650923256,322731135,3928930,1405061,-
682541185,219433647,3929563,2881761,-
1012258456,927544719,3930031,905562,-
741480673,446675040,3930867,2988694,-
707764753,486634895,3930997,846083,-
622313249,44545503,3931211,1200653,-
769009656,486190655,3933685,3165486,-
1636146473,1595390486,3933705,2988612,-
714449057,259853808,3934150,3220579,-
656707608,351208175,3935406,430039,-
2145614197,2128091413,3936126,69150,-
854508383,725467391,3936210,1200486,-
684958113,332294080,3936268,2584217,-
801810849,465613583,3936529,3634053,-
3231062752,3223376831,3936533,319642,-
3033757389,3024368363,3936927,2065697,-
838732426,691667719,3936993,2084514,-
2553006757,2538975603,3937427,2387655,-
627166441,62869479,3938733,1549691,-
6423726225,6421072472,3940314,3056887,-
758875760,194080687,3940391,3706038,-
957338498,858105911,3941805,1423938,-
1181346371,1120537619,3942804,451206,-
1046031840,915103807,3943349,3417622,-
625592269,134636123,3943927,819251,-
1391350282,1331004391,3945924,3105819,-
746123429,556985923,3946453,285789,-
666677001,113586919,3947393,2685977,-
651764592,219206911,3947408,2202559,-
663132537,172823671,3948293,2567123,-
1178900453,1051423731,3952787,3902665,-
1174788285,1112223947,3953583,1039429,-
628683744,79516303,3954832,1352771,-
19164836568,19164543791,3955834,2969145,-
688652617,433281001,3957318,135738,-
681600056,247291135,3957464,2738625,-
665652072,355476751,3957712,1470941,-
665636267,367196843,3957960,297828,-
19018310842,19018084663,3958020,115473,-
634122497,209228033,3959400,504984,-
4598158069,4594276067,3959425,710317,-
1357972913,1309194240,3959551,1950658,-
4090379217,4084726991,3959837,2473653,-
1103484545,1030021032,3960929,1476424,-
742804048,546847215,3961623,205282,-
5789948257,5787493736,3963154,474797,-
628687882,107207911,3964569,673902,-
751265249,14773128,3965363,3646262,-
2528095680,2512984159,3965917,2524730,-
7571744120,7570284799,3966660,1355393,-
7595260538,7593765575,3969843,1791756,-
769005209,590787902,3970344,515955,-
764592976,341083359,3972246,3547261,-
785864843,493656155,3973206,3280584,-
637945808,212653231,3976206,469415,-
4417949093,4413417845,3976458,1968912,-
1333496225,1266740232,3976669,3067238,-
895992881,684682224,3979981,3484492,-
645255137,195263008,3980436,1786295,-
723293345,289447327,3980437,3186621,-
2830142105,2819655494,3980523,187740,-
705647417,464278406,3981198,516321,-
31749859813,31749776595,3982031,694851,-
762847713,185502335,3982409,3693087,-
751072157,459300571,3983601,2942503,-
638913373,202695515,3985181,711181,-
8029955425,8028620977,3985284,1554546,-
795038517,609607891,3986413,2200571,-
666950303,341892335,3987672,1400958,-
661703455,318128239,3988878,1445580,-
690241153,419261000,3991621,1066606,-
1050059089,950468888,3992857,2590006,-
4182619568,4177739871,3996125,943558,-
637604761,18312430,3997329,1404270,-
674903449,69502199,3997465,2681825,-
678593793,164309800,3999176,2688703,-
643753413,175419155,3999387,1534337,-
1071697976,984971455,4000668,2091215,-
943536528,790367375,4000868,3080451,-
902548421,777063939,4001707,1758373,-
643966697,176704663,4002195,1492999,-
649120401,255437240,4003280,252843,-
1267641152,1196663551,4004251,2853222,-
951122045,818324187,4005233,2724257,-
687029273,142897095,4005389,2828249,-
688602176,78415855,4005493,2878200,-
678861376,331902095,4008785,2060818,-
1166885185,1099131152,4009771,1256966,-
17973067825,17972649024,4009825,3483918,-
807410087,597658103,4011774,2708940,-
950193533,829465515,4012183,2302027,-
829452081,580739504,4012788,3278323,-
637761857,18545496,4013204,2993,-
698569672,389170511,4013738,2176129,-
920090080,741174047,4014826,3252749,-
716440929,471357088,4014914,1334957,-
647381915,224132507,4015404,554124,-
643880221,190473675,4015637,250665,-
794741297,385941688,4015649,3685290,-
773837457,527744216,4016312,2738091,-
1909021991,1884864119,4018482,408288,-
910901450,789589559,4019520,1258431,-
823370208,660557375,4020299,1719066,-
857756277,716321171,4020423,1226953,-
745867296,535464175,4020640,540341,-
1135023601,1061003855,4021207,1587505,-
778742059,33517003,4021878,3809358,-
1071576341,989101555,4022145,1021583,-
2290115152,2273344031,4023031,95056,-
1290588865,1235360144,4023377,1230380,-
1718223825,1687729552,4023929,1330966,-
1245068968,1172489375,4024744,2733737,-
1010632097,912061311,4025429,1819541,-
797333465,420667479,4026035,3609413,-
1742969560,1693927487,4026101,3620158,-
738291713,445400440,4026368,2675583,-
914210584,793981983,4027917,755506,-
6203475613,6201112715,4028131,1751599,-
5695058269,5692071387,4029371,2276805,-
46042965401,46042916119,4029789,2655349,-
1005147813,909215395,4029833,648143,-
668988120,328894127,4030183,321558,-
2772575189,2761072757,4031082,581550,-
1784891602,1756821511,4031202,201159,-
2118544561,2092760399,4031311,2979961,-
13742565793,13742073240,4032486,1956061,-
678407912,359260591,4032654,1087207,-
726807608,303273375,4033268,3092137,-
821060600,656300527,4033739,1569924,-
769409925,437941987,4034551,3212681,-
815389905,335828464,4034654,3932935,-
816726271,506958079,4034784,3496584,-
708040589,440113757,4035432,1457610,-
1713069800,1682187279,4037809,1045570,-
752553304,395537583,4039192,3147429,-
3654599089,3647884592,4040722,1183105,-
1411764635,1328678507,4041618,3766728,-
812982889,629835193,4041762,2131032,-
697314818,86417975,4041768,2908503,-
697689041,373600344,4041797,2130404,-
5435336928,5432266303,4043275,1474910,-
649135600,30122207,4044733,1555762,-
704278288,391650095,4045319,2152126,-
733183953,374026111,4046533,2929825,-
1676085629,1625262267,4046645,3483899,-
10743214481,10742439024,4047893,61648,-
1721593920,1687180159,4048208,2366305,-
706263881,281714585,4050564,2791710,-
931137088,809663471,4050910,1640809,-
732787090,230445799,4051107,3252540,-
889886056,752163599,4052216,1757021,-
919652137,747902761,4053192,3076368,-
754990925,289466347,4053489,3415759,-
1309881177,1234096151,4053573,3146077,-
878185473,741020735,4054929,297791,-
1655599664,1621791183,4055324,1175629,-
655879560,154349039,4055435,1680672,-
865791457,672628511,4055729,2934047,-
2089438177,2063297096,4057399,2862044,-
782206801,538368480,4059685,2671368,-
678496394,107582663,4061757,2497812,-
3703743393,3697110175,4062713,480119,-
2082610144,2057447903,4062851,2672254,-
917243585,793295304,4062859,93610,-
3082819873,3068536496,4065196,3391175,-
649967273,33174521,4065222,1094940,-
1298321336,1240523679,4068499,1529186,-
1846916873,1813297255,4068597,2826187,-
672632513,300276160,4069294,1320651,-
894927761,643335759,4069981,3642779,-
705599768,425145471,4070210,160133,-
1070492461,983659419,4070613,794791,-
15292953297,15292241216,4071504,3872069,-
819741681,395450144,4072733,3824184,-
791405425,546722472,4074031,2744946,-
667719568,273668943,4075770,1057535,-
800265896,618195615,4076666,493805,-
865969999,719905183,4077018,144588,-
1287926257,1227569216,4077149,1785692,-
2404162738,2385051895,4077258,2690451,-
3183484793,3174353150,4077801,760578,-
771131456,59605759,4079167,3670248,-
749355121,396251519,4080211,3003791,-
1129843137,1052260111,4080283,125207,-
736224392,167669631,4080572,3289439,-
674802737,271165728,4082824,1754125,-
690394497,55355056,4083233,2671312,-
655000881,137780104,4084756,72179,-
1591965681,1554313744,4084849,1031146,-
1420758130,1369415767,4085019,2149386,-
775324648,417688991,4085225,3272392,-
750913759,7251247,4085772,3468570,-
802762889,23205303,4086251,3929839,-
5198639121,5192045704,4087657,3994958,-
704838173,210474221,4088190,2800428,-
742614896,506070879,4088359,859516,-
1306351073,1243862256,4089293,2241110,-
738294213,52488611,4089311,3327825,-
1345650729,1292008727,4089779,642345,-
709583105,425624784,4089985,769708,-
1293737633,1235289336,4091165,725546,-
860926624,676786383,4091588,2630157,-
843331160,377699919,4091777,4036930,-
1201532768,1092343791,4094359,3500830,-
705532032,408958751,4094664,1140407,-
677924977,270215711,4095611,1798559,-
729177848,412346031,4096025,2451382,-
897512061,760362139,4097093,1123213,-
695026561,257226624,4097349,2464246,-
905165008,769814255,4097879,1360754,-
1535662656,1494668975,4099173,13780,-
2179080929,2158517263,4099241,1671747,-
677022896,284887375,4102355,1411788,-
972693825,715262927,4102893,4057327,-
759146587,433393963,4103154,2919480,-
4748928657,4744704271,4105127,1118089,-
58241556809,58241502998,4105878,4028571,-
720014720,363609919,4105973,2529990,-
1170851837,1097074971,4107503,480241,-
885091333,741708675,4109901,353987,-
662354753,173982240,4109909,15098,-
817777953,638232176,4110240,1108601,-
966926225,847081152,4111351,1799486,-
663851224,139750863,4111667,1416204,-
1313734689,1255993952,4112387,316770,-
1393759089,1342735408,4113124,788221,-
659190760,28611039,4113550,541821,-
1212207589,1141901507,4113725,1560251,-
699762577,16436952,4115465,2732910,-
852217354,560842183,4117167,3529554,-
1465491697,1419444936,4117278,540559,-
746421736,479766111,4117860,2056985,-
124333516661,124333504515,4118165,4074721,-
2165510488,2143520655,4121028,2054339,-
1442919361,1344792624,4121162,4104117,-
727151169,393813368,4121484,2429839,-
2037478968,2014018655,4122073,578448,-
664302361,72723910,4123095,1393746,-
800074987,203883451,4123482,3827268,-
666347066,171702935,4125090,1057683,-
1733252365,1699839757,4125348,1547436,-
1382571584,1326765247,4126340,2041521,-
728046865,87452927,4127861,3121151,-
32008110561,32008016015,4128771,64585,-
791153601,540281839,4129817,2612813,-
672714145,236034632,4131161,365264,-
917712673,782739456,4131399,1188100,-
836328464,550996383,4131629,3352282,-
1389702705,1319465672,4132403,3122844,-
709390825,402728902,4132596,202359,-
726480890,421462727,4133409,2020122,-
53321576632,53321534831,4136068,2827243,-
731273776,438388319,4136231,1938056,-
724719441,311604064,4136252,2755813,-
1423779560,1373905759,4136344,522855,-
5097558877,5093799531,4136751,109061,-
718892376,302028559,4136911,2673478,-
1052401176,955556335,4137257,547750,-
101533927736,101533914799,4138126,3215271,-
1013371664,903276463,4138407,1793594,-
1448996241,1383144184,4138852,3184043,-
670693933,69912683,4139125,1673275,-
1932921953,1906318840,4139949,767018,-
1099851184,994867743,4140258,2684557,-
2547533841,2531521960,4140856,1993205,-
780459889,521454392,4140872,2508355,-
1770639957,1736951123,4142385,2013193,-
744512545,107757704,4142620,3288313,-
1224448616,1151505775,4143625,1938858,-
665901259,63419803,4144362,355236,-
1904860706,1877214839,4144914,1093347,-
735863329,468225648,4145284,859641,-
1878699328,1850379455,4145393,512176,-
668834789,129585523,4147049,1057107,-
3211567848,3201911615,4147467,1189142,-
674338621,200093835,4147487,1286085,-
681002145,255622312,4147559,1337888,-
793992453,588593491,4148045,873529,-
10735590249,10734695063,4148379,1911167,-
50626604113,50626540080,4149012,3741787,-
1627989128,1589813503,4149285,502670,-
773627245,374206539,4149395,3268821,-
728402241,387846616,4149940,2369615,-
2031638528,1991296351,4150105,3727476,-
740565992,476060143,4150825,1090278,-
667993329,1083632,4151510,1005519,-
4745394319,4740742543,4151568,2027124,-
90388131673,90388119550,4151796,288291,-
764622840,530405119,4152398,847525,-
1999872272,1969521231,4155263,2789458,-
769973841,154972304,4156197,3524876,-
718375761,404025160,4156870,1577497,-
1165283089,1086490728,4158316,933621,-
3191664184,3181533423,4158411,1759744,-
859412968,595077951,4159890,3340853,-
678422437,225458883,4160789,1018755,-
6146156125,6142140987,4161597,3527173,-
1176946025,1099403942,4162359,1069176,-
1253553533,1145775931,4164981,3582565,-
2340476138,2321855831,4166103,1234620,-
1425209849,1370247974,4166580,2135235,-
674528256,151184735,4166936,1183335,-
702546913,346928696,4167437,1354930,-
2050146664,2025914607,4168080,605899,-
1388171233,1330426440,4169172,2059721,-
737856256,459126015,4169727,1274140,-
735507083,254472491,4169910,2981886,-
1076356785,868903327,4170401,4121323,-
900491392,733456223,4170992,2396135,-
729615848,401111935,4171372,2143137,-
956848241,829533919,4172871,1192003,-
3351052847,3341880191,4173414,1480488,-
3510783937,3500728856,4174076,2862959,-
753265121,49007704,4174413,3334538,-
1077750360,976218047,4175286,2048491,-
1289834273,1225596040,4176007,943248,-
2688118441,2672796454,4176381,2258766,-
707701953,361426600,4176616,1309073,-
672947921,59886144,4177157,532868,-
5958644729,5955748358,4177743,1390182,-
1194595816,1079468495,4178192,3452915,-
711777605,85870899,4178395,2725207,-
6269954065,6265489032,4178652,3857077,-
9964730248,9963061775,4179448,3721501,-
681880832,193423743,4179515,1469938,-
712532185,375334342,4179783,1382886,-
701751281,17299144,4180061,2519148,-
682588562,21806951,4181457,1873326,-
769516111,434415439,4181472,2871372,-
674322257,80871761,4182732,306516,-
1807763057,1775962432,4183535,232770,-
8608497697,8606985896,4183747,2333722,-
1132149341,1025669739,4184887,2844077,-
3931288097,3922571343,4186505,3130723,-
1621995997,1573702283,4186609,2814035,-
4514332600,4509247407,4187358,1327591,-
1864415544,1833430943,4188124,1782999,-
1968511473,1940960848,4188145,1689430,-
813265288,488875311,4188680,3262011,-
1225324672,1145169711,4191877,2323932,-
1319007889,1249545648,4192777,2428038,-
1003818317,801483341,4193844,3699408,-
1183464056,1104270559,4193962,1124349,-
816687153,574102256,4194035,2605512,-
1410905361,1356906200,4194379,942480,-
798755421,434098619,4196631,3293353,-
844785248,663839631,4197226,63535,-
1399151473,1344115920,4197618,673361,-
1073021464,974152623,4198501,727224,-
798090337,580936536,4199286,1072979,-
685375589,220914883,4199949,332629,-
3253694997,3242571571,4199953,2529103,-
693827309,167928427,4199969,2062905,-
1750485413,1713783331,4200703,2087385,-
714774971,377274971,4201050,60450,-
1924293759057,1924293759016,4201946,3462361,-
1661646445,1622956587,4202271,1052873,-
3227351841,3214666240,4202356,3018055,-
1637949841,1587500664,4203447,3004406,-
783117401,341718134,4203447,3364698,-
710392721,324633569,4204164,1856838,-
680715457,63429936,4204683,1271114,-
869196089,587018407,4204865,3450699,-
7123168113,7121106863,4205565,959525,-
1004741637,888517411,4205627,110797,-
1362763241,1303769095,4206219,1131365,-
1375997138,1297337255,4206369,3228774,-
1511963197,1439022123,4208255,3572397,-
722598841,87046894,4208868,2815509,-
1264375498,1192731511,4209141,1804830,-
5609587409,5603440648,4209222,4037447,-
771314789,515305267,4210575,1667221,-
699947489,300557832,4212365,979826,-
729269434,220568023,4212522,2808579,-
948617184,812456143,4213384,1216691,-
1097416321,995760696,4213790,2088645,-
684191945,3857582,4215261,1461786,-
10507886480,10506080127,4215263,4099828,-
725918213,392341205,4215264,1591554,-
823425727,623475391,4215984,352032,-
694640617,261798551,4216469,1037711,-
688607344,183676719,4216670,1430535,-
9483365557,9482143683,4216785,1915003,-
714095793,95629535,4217293,2617497,-
781434304,298446063,4218164,3402357,-
1891303945,1861276894,4219002,737085,-
683697745,16248752,4219111,1283426,-
2022182568,1990250111,4221701,2870910,-
5698675160,5695412367,4221776,382141,-
794913637,289506051,4223411,3555813,-
2515151521,2489451944,4223783,3581204,-
1191101711,1081774175,4224270,3204804,-
786939127,251106631,4224438,3517128,-
765312773,314192515,4224679,3151809,-
1025084305,880550544,4224777,2950910,-
686505127,90510151,4225398,1417398,-
804019865,373654807,4225817,3492009,-
4185480536,4179387199,4226443,910554,-
4655422328,4650388671,4226860,1667023,-
1151510061,1064182859,4227027,1250587,-
1014156325,864494627,4227773,2967149,-
753648273,476943200,4228053,213112,-
684014385,29202272,4228874,663393,-
1301005585,1234687919,4228973,422765,-
974123317,845032323,4229819,957345,-
787145096,161953759,4229831,3575088,-
706528129,319123952,4229990,428347,-
696139595,250391627,4232016,971628,-
712933648,345902975,4232714,162299,-
1225306872,1112431247,4234735,3448470,-
796734193,568662600,4235592,320291,-
788060592,538623103,4235812,1830815,-
724424917,387422883,4236105,337949,-
5704438597,5701134851,4236911,528103,-
1400845665,1301459984,4237975,3859956,-
2404746793,2375639470,4238976,3642303,-
1105659121,969506960,4238980,3292259,-
1321564297,1236465886,4239129,3120816,-
999775905,872513032,4240546,1851101,-
729340177,317927768,4240757,2385860,-
688820040,20121647,4241787,1324664,-
4347963592,4342013183,4242718,1898405,-
747324977,452798296,4244412,4813,-
982736872,848484191,4244848,1919641,-
970573373,668423755,4245203,4129737,-
1870666721,1839164904,4245751,687008,-
1112355200,966342847,4249662,3486827,-
889344032,712416751,4250711,1979718,-
753595857,465288256,4252916,548027,-
718817029,344929237,4252938,1339140,-
29070221213,29070077835,4253647,2451523,-
777642537,88988423,4253705,3453009,-
879570961,694540904,4254487,2054146,-
772370869,259998133,4254648,3278304,-
843194885,160163139,4254725,4044853,-
746866177,335615552,4255615,2670040,-
16927891629,16927509547,4257145,8161,-
968996201,831809799,4257187,1554589,-
835979008,165133295,4258184,3980149,-
14873337841,14872818440,4258225,1996894,-
704709312,230385823,4258730,1722259,-
1196465761,1026805136,4259945,4164800,-
843191841,640036864,4261181,1660154,-
1424326465,1367943912,4261308,281393,-
693554929,8900808,4262076,1380707,-
2933718952,2918697471,4263013,2730738,-
1433458463,1354052975,4264212,3391062,-
797420944,548818223,4265582,1808377,-
815596872,450764671,4265602,3308869,-
1186791765,1102270787,4265729,1045677,-
2165229493,2140446435,4266663,1905733,-
853694234,108105623,4268553,4122804,-
904981169,742344192,4268600,533869,-
701099849,211248758,4270689,1262292,-
694541617,129013616,4271398,361057,-
807100432,399773183,4272128,3368575,-
739864625,413949137,4272606,951282,-
757627736,380262639,4272752,2612683,-
942916800,789527407,4273586,1885111,-
826435513,613392526,4273920,200181,-
1574841649,1521397633,4274454,2665428,-
763805169,83410808,4274461,3247272,-
1234301345,1116361824,4274830,3529757,-
719938408,339007695,4275251,581616,-
1819081922,1778660951,4275441,2762988,-
1199142225,1051639592,4275879,3881422,-
4722154737,4717150456,4276061,536344,-
744648737,16196416,4276062,2977283,-
719595901,332748109,4276518,1068708,-
895648385,726423504,4276741,882490,-
709829800,283835487,4276854,676061,-
823226829,15646267,4277807,3864445,-
912216305,748600264,4278621,1451720,-
702380901,44026915,4279157,1826395,-
1033213617,896637992,4279590,2614015,-
1630614050,1586927159,4279731,1391130,-
12881322283,12880316155,4281606,3582552,-
1952425759,1906114927,4282230,3667308,-
2526604513,2507524376,4282231,2266540,-
2388359721,2367034039,4282663,2242597,-
809693146,309226519,4283184,3582423,-
914385872,707585247,4283320,2929415,-
715161317,260304931,4283363,1842141,-
863945921,184016335,4283475,4168591,-
726023113,316771990,4284216,1935009,-
712911713,70522600,4285289,2230596,-
1537346441,1468547174,4286976,3367167,-
1059667105,852134792,4288477,3906542,-
21496950473,21496701830,4288668,1591377,-
863216921,672930614,4289307,193452,-
770912785,421557192,4289408,2585973,-
1373288184,1300331423,4289517,2693998,-
1068949777,925673216,4289932,3076363,-
1411322369,1352053168,4292379,431858,-
907308257,734793016,4292822,1803123,-
6867555576,6865037695,4293080,2013599,-
1575530136,1528515199,4293278,392699,-
711792841,273588119,4293367,782789,-
711570048,258747295,4295644,1253719,-
713536481,260966040,4297075,1461502,-
698944696,35868719,4297147,810356,-
710947625,94117262,4300869,2011026,-
706985589,141964339,4301365,1692005,-
2076593777,2049759856,4302362,459729,-
2876089160,2854206639,4303975,3740522,-
980216641,798972120,4304070,3068117,-
928937605,705428099,4304245,3218699,-
774518393,490724390,4304271,1338018,-
9354707665,9353374712,4304392,1603643,-
840999361,631071144,4304971,428214,-
1873963608,1839640831,4305025,1842892,-
1037046033,902278600,4305428,2468747,-
20811050725,20810786067,4306203,303929,-
722620522,53263063,4306893,2398770,-
701024705,52170864,4307503,553720,-
2112272845,2085500907,4307653,1755699,-
812382829,302364843,4308147,3578707,-
728570824,155167743,4308606,2488933,-
7252583033,7250224711,4309605,2281129,-
3972237205,3964737267,4311003,1729853,-
1080983602,971695783,4311390,644031,-
1921126753,1861460376,4311870,4143149,-
2337523537,2316216456,4313179,212472,-
709479720,186696287,4315623,1390796,-
704379105,24044864,4315940,1255671,-
3379701185,3369539872,4316469,271478,-
3153456317,3140251803,4316815,2590337,-
1092639201,907213624,4320119,3804328,-
2966605912,2953193391,4321268,1398747,-
1058341331,890821235,4322010,3373902,-
795898049,303300912,4322065,3359056,-
1077626609,966371008,4322077,213732,-
945761873,741701560,4322748,3069349,-
709132001,191942200,4323620,522249,-
7844141769,7842062503,4325279,2409799,-
722517445,277491349,4325910,1539324,-
968796369,814592512,4328554,2051015,-
1071538033,957796520,4329149,810016,-
54652863952,54652814271,4330032,3110833,-
931803325,587184829,4331220,3994812,-
710614513,189835416,4331226,532495,-
750924955,395309467,4332192,1752348,-
1149974885,1053202997,4332606,628296,-
804199825,550455512,4334644,731051,-
719959489,263349663,4334707,1169181,-
5501833880,5497714159,4334760,2134667,-
827719873,337136015,4335071,3640237,-
810002081,431340879,4335929,3144269,-
1062982120,946273839,4336185,697346,-
1797992321,1752468600,4336270,2960891,-
707265985,47437392,4336464,495919,-
1170387633,1022817151,4336655,3660259,-
3361301944,3347848767,4337758,3163275,-
771886025,290974094,4338048,3001095,-
1405784225,1340804224,4338480,1914343,-
921067895,723433079,4339188,2635920,-
780521128,494531471,4339325,191264,-
708303833,63552041,4340964,116610,-
3191201517,3179503771,4341491,947311,-
941556273,734100880,4342433,3023158,-
718511257,43496871,4344129,1958851,-
735790913,13673105,4344618,2546544,-
739544256,361573279,4344862,955373,-
938699581,777843675,4345289,212775,-
1159740968,1058653951,4345535,2023728,-
1190643349,1086280227,4346045,2650023,-
721873569,122449472,4346110,2046813,-
991546440,823369247,4346406,2780621,-
906400737,585812176,4346594,3696397,-
1200650312,1096275871,4347124,2737623,-
918341705,603345687,4348859,3747209,-
732176377,315651063,4349341,1338795,-
5528294001,5523534104,4349838,2972143,-
710309240,27491919,4350902,48065,-
2827951258,2812926055,4351542,227223,-
717799509,74410163,4352779,1797843,-
1139205977,1025575478,4353015,2525646,-
720985841,227659200,4354481,1362410,-
6792417465,6788912567,4355063,3344601,-
833005249,181529328,4355814,3816053,-
754084000,274496847,4355928,2633581,-
795311969,522673728,4356674,74797,-
2453922949,2431220053,4357302,2602572,-
737323321,324802071,4357485,1568035,-
744753441,373985024,4358112,437113,-
1913949025,1879728767,4358987,1700101,-
788030656,484470159,4360317,1940536,-
746004200,76018927,4360651,2700048,-
1093371656,971783775,4360700,2295577,-
889416432,696427423,4361224,1417495,-
1795196969,1756952198,4361592,457017,-
774200209,466688688,4362859,543192,-
1662694288,1589340911,4363061,3849280,-
713657159,89033543,4363152,771072,-
1962074289,1930157903,4363721,461409,-
2583983281,2565656240,4364014,1160255,-
4980772785,4975892719,4364345,423577,-
741760833,353698415,4364443,1008609,-
909328856,431507935,4364739,4191370,-
1337315640,1250835887,4366758,2902951,-
900439937,715464496,4367419,90342,-
809949433,470218455,4368131,2820723,-
1394842037,1310533971,4368421,3152563,-
862818457,652653886,4368909,67824,-
12028880721,12027780959,4369209,3259781,-
3630518753,3620565041,4369428,2300550,-
880644096,492090319,4369633,3757022,-
733160488,308050991,4370501,98420,-
2326740497,2282306271,4370821,4303529,-
734734505,309039302,4371894,1157667,-
1560244112,1507380351,4372448,1661791,-
1475390017,1398581496,4372722,3240917,-
949091633,787709535,4374199,494237,-
3139433041,3125802504,4374503,2433774,-
731990321,225136800,4374625,1953338,-
1748688833,1694482015,4374709,3280101,-
2135011090,2102417959,4374783,2919450,-
777512141,268115835,4376081,3027635,-
804928453,534409621,4377480,1142214,-
1372228488,1303806175,4377661,747278,-
906348737,291677776,4377873,4332688,-
1158080818,1000396471,4379292,3683865,-
863694146,650651159,4379814,962427,-
890194889,396123158,4380912,4071969,-
7504662841,7501030774,4382211,3954672,-
726492609,194903272,4382228,1640465,-
10950481297,10948530248,4382872,4270955,-
1043546827,797828251,4383546,4012968,-
1902794424,1859327423,4383957,3097522,-
1098326113,978270776,4384070,2096083,-
1464655552,1398154991,4385896,2495947,-
891029881,693273214,4385952,1428747,-
850093777,624944376,4386564,144773,-
872933377,662213713,4387320,1438338,-
1506175145,1447738279,4387545,1856887,-
1580069749,1528883843,4389043,72727,-
92381198865,92381170304,4389463,4355910,-
1018004195,727039667,4390656,4158498,-
1602762896,1535778079,4391052,3331447,-
719319377,63848752,4391525,57060,-
742140641,332195969,4391982,284838,-
83778506144,83778477583,4394286,3888079,-
843080845,342397707,4395063,3692881,-
737983025,207188064,4397855,2086322,-
19444465905,19444134584,4399770,1016369,-
7669274368,7667149871,4399867,282880,-
26620007457,26619787768,4401145,3095588,-
822594416,451193535,4402795,3071506,-
35138362181,35138245795,4404411,2720675,-
986026973,833819131,4405885,1207893,-
722921600,51660847,4405957,954132,-
726711489,188128063,4406777,174953,-
832265053,561401531,4407341,2171275,-
3761840609,3752923968,4407668,688183,-
3484539173,3473116661,4410060,2457366,-
727407585,183954512,4411198,387597,-
793036385,343984049,4411224,2985030,-
17064314824,17063647823,4412198,3777727,-
952789231,519427135,4414740,4309614,-
850595057,79651313,4415040,3915108,-
724420714,8964103,4415466,489471,-
730442880,209084687,4416632,525219,-
2486708049,2465442127,4417739,1789405,-
753129633,273643775,4418871,2245103,-
16643866889,16643406087,4419685,1083661,-
954343112,786883711,4420564,554721,-
730135688,190828351,4421067,703730,-
904803777,701278376,4421292,1925137,-
4160718141,4148907275,4422081,3891205,-
1787195093,1746189811,4422555,1091693,-
1000593802,851921191,4423563,872976,-
732715549,217578013,4423992,388104,-
1014331081,837380614,4424136,2926353,-
2182198893,2152251211,4424743,2493785,-
2897917289,2882619278,4424949,142986,-
798051928,165426303,4425695,3310440,-
753465464,327021423,4426096,1731883,-
775332529,415570352,4427821,1775420,-
728601314,95714807,4427907,1106490,-
915554449,718228368,4431312,1835947,-
793814193,456822943,4431685,2092145,-
3550236949,3539712997,4432374,1812660,-
768956216,312905535,4432820,2481583,-
1133715720,1023005647,4433549,658832,-
1989271600,1953984479,4433725,2238166,-
34554289391,34554178799,4434888,1746288,-
4199400321,4191213704,4434948,2595871,-
3212339817,3189934711,4435879,4167301,-
1229396963,1137083315,4436796,807114,-
915670009,697609367,4437125,2524661,-
1008086025,836128439,4439553,2678075,-
752473954,308474263,4439688,1691871,-
2325648657,2301432736,4440626,240041,-
928328049,379054288,4440899,4345624,-
795722145,446393584,4441570,2251619,-
850307713,604350440,4442078,1472827,-
878859697,529450656,4442106,3446209,-
132715758485,132715743797,4443354,4433394,-
731108529,25316192,4446125,166068,-
1893675145,1844829742,4446696,3317079,-
769259680,396249087,4446719,1191768,-
2462364373,2440615715,4447927,917693,-
809658160,379630959,4448350,3031881,-
2292231416,2267106079,4448754,396749,-
1001937653,842524771,4449575,1992789,-
860025533,622877691,4449605,1251211,-
824023808,549573375,4449754,1103771,-
5129831853,5123856875,4450177,2980809,-
2746072077,2723036123,4451115,3338639,-
1222024776,1082429599,4453421,3574894,-
1299592642,1174620631,4453551,3667308,-
1045053345,871447007,4454873,3042489,-
1128020192,1013299743,4455146,984115,-
1145516560,943238079,4456062,4052395,-
878239613,642134875,4458429,2045189,-
1898751176,1861485615,4458650,47993,-
2054431633,2022707280,4459168,616341,-
1023833192,878386831,4459448,279747,-
1004345249,851517048,4459993,107272,-
1452654192,1385541791,4460777,1759524,-
3068878113,3049556936,4461639,3477340,-
974544367,670305343,4461720,3886254,-
756693649,105807368,4461769,2445794,-
735205297,10359023,4462045,998779,-
791812289,372823408,4463016,2630383,-
2631886017,2611171903,4465595,2328659,-
1144825321,1032184750,4465800,1316463,-
2149593791,2093295119,4466406,4362552,-
750218944,288653487,4466546,660135,-
830913631,559824559,4466904,554946,-
4082277713,4074111136,4467877,1731720,-
929415689,739454678,4467882,425589,-
2236325661,2196757355,4468029,3686455,-
3984195096,3974594399,4468332,2753191,-
736728496,86082399,4468454,861597,-
1344239131,1261957819,4469142,2124366,-
875133493,250910051,4470629,3995975,-
1648276225,1596242207,4471033,1831313,-
1416736376,1345047519,4472294,1784381,-
894670128,623042671,4474027,2928940,-
3605226401,3593053505,4475190,2912574,-
5022794032,5016889583,4475479,2592290,-
1742454712,1670819663,4475647,3871990,-
833346824,33988527,4476080,3648923,-
1560406792,1503382511,4476329,175418,-
743832824,177533743,4476859,1437096,-
1457973008,1391415871,4476926,1381365,-
784217312,81431983,4477214,2990055,-
3069877952,3054230751,4477544,2486009,-
743587437,164320123,4479091,1432855,-
763275560,141516319,4480585,2495964,-
768431114,264077783,4480788,2382633,-
3732515841,3720649199,4481487,3088891,-
1253919265,1161265952,4483079,1126916,-
1180205360,1073792367,4483154,1161271,-
763239529,343136782,4483860,147183,-
812314367,508075343,4484790,744996,-
1498578641,1435610440,4485831,1147210,-
884010849,259200448,4487401,4045804,-
1032126157,873476363,4488067,2286845,-
4497649533,4485528971,4488157,4255065,-
1240810439,1136079383,4489578,2479176,-
770413001,33669159,4489813,2670613,-
760742424,317216207,4490730,1133279,-
808436432,143104383,4491304,3299615,-
931537041,306393199,4492061,4392947,-
1291950225,1204842632,4492756,286059,-
821436793,522464855,4494131,1389437,-
868382373,487401475,4494137,3383897,-
1510952456,1413782895,4494473,3831770,-
743222424,133605263,4494723,341288,-
778403425,280391264,4495255,2534504,-
2232329121,2204671864,4495267,419942,-
781256461,404590475,4496155,1182821,-
905896597,525124453,4496556,3711750,-
5109084809,5103746342,4497345,1708164,-
4885698929,4878017328,4498031,3438998,-
875820157,391475931,4499207,3770151,-
922488491,225903179,4501014,4365114,-
862616001,274994144,4503087,3806272,-
780730384,401213343,4503372,309673,-
851754625,579619592,4504466,1842107,-
993827570,828314087,4506621,947448,-
775166704,373006079,4507685,1004050,-
864829001,468772759,4508287,3381363,-
1040192361,808598519,4509163,3679959,-
3557638672,3545896143,4509786,2354975,-
1027115864,641376063,4509841,4489016,-
3648365353,3627720910,4510047,4488744,-
3816064513,3806476705,4510638,1401462,-
1009279529,691720838,4510986,4101693,-
903365425,685188272,4512116,1006861,-
855099986,303893879,4513641,3673596,-
3228734600,3213654159,4513667,2715340,-
754637736,117831119,4514253,1892636,-
1181166465,1013942752,4518139,3706718,-
4459777777,4448596688,4518538,3970895,-
858895909,272152163,4518541,3744467,-
777340627,270901411,4519728,2388258,-
789436645,255493539,4519995,2758571,-
1576200065,1517876584,4520225,1073256,-
1166377561,1053472695,4520625,200521,-
773321107,348143251,4520928,1260612,-
772108185,75198727,4521041,2546971,-
874154389,404245093,4521102,3683592,-
778369041,323855119,4521353,2107129,-
905631777,496578656,4523331,3768506,-
760213864,183963183,4523392,1950213,-
869046913,613958736,4524040,1566177,-
1170837041,1058488879,4524649,216921,-
2136357201,2104586360,4524850,1749849,-
17967534241,17967098879,4526969,1134241,-
754885176,215973599,4527107,506682,-
1196512321,1089234159,4528833,215963,-
945788448,735987823,4529515,2267320,-
1678866721,1592012720,4529863,4076020,-
811725181,484421915,4530161,76495,-
21507655473,21507351496,4531022,767455,-
771823801,333658919,4531499,993439,-
1684199999,1602140303,4531584,3948738,-
3231365105,3215540512,4531804,2907939,-
1411019777,1303496273,4531890,3625248,-
1180637353,980685478,4533960,4090425,-
1411240120,1326211887,4534021,2728548,-
2055543072,2021632303,4534444,418565,-
1032009629,877410043,4536857,26247,-
762224713,266966926,4537245,293394,-
865304813,606913755,4538467,533999,-
776605384,45604863,4539078,2572507,-
983376169,805094953,4539444,1454712,-
769680205,312809627,4540751,697589,-
861622301,598024059,4540823,895529,-
932143233,642990575,4541419,3300927,-
1951188073,1912737670,4541523,1506582,-
6881680403,6877747475,4541988,3395064,-
910322304,455245183,4544294,3909371,-
1198136137,1088437486,4544451,1413006,-
864292912,535034991,4544713,2848794,-
3105376477,3085678011,4545051,3436957,-
1833930689,1789938768,4545076,1601041,-
4175571703,4167387031,4545570,765666,-
803240913,428065288,4546190,1885895,-
1500269866,1408725799,4546743,3521742,-
906725477,676316981,4547448,1706574,-
773257480,263714559,4547775,2007944,-
5251525937,5246348616,4548124,445453,-
1293950591,1173059279,4551516,3330906,-
1469032929,1384286752,4552790,3062579,-
2269970216,2241108415,4553685,1801042,-
799435809,424045888,4554196,1455751,-
755276353,61020000,4555313,353136,-
798948600,428320399,4555375,940582,-
14180867617,14179892336,4555463,3543608,-
808667277,16547483,4555785,3146669,-
802187433,225503335,4557227,2927219,-
856350841,273791975,4558667,3640255,-
1891982736,1850712415,4559510,1089379,-
7674811880,7671060367,4560158,3895023,-
936196963,519375715,4560432,3967992,-
771628869,10316803,4561183,2271287,-
828653417,409391801,4561368,2866338,-
770511589,281956947,4561831,1183125,-
3619761184,3606888143,4562458,2901857,-
828386035,330337987,4564134,3150084,-
1311837365,1213890437,4564374,2429244,-
2785422001,2766615464,4564988,848467,-
801857072,228725551,4565122,2885127,-
822575033,494857495,4567947,124747,-
1118534477,987736171,4568907,138467,-
1418657137,1341596528,4569007,1469090,-
27717813394,27717607303,4569627,2498436,-
1264094609,1152688984,4569865,2688510,-
813451257,467424391,4569889,175171,-
1280649657,1167147511,4571293,2930459,-
799013265,418451312,4571702,290871,-
928740832,639931343,4571788,3179315,-
15745746960,15745145279,4572309,1797670,-
1212701328,1042074895,4576093,3821768,-
4173943005,4162254859,4577195,3612169,-
6914712917,6910674723,4577225,3439517,-
790487801,335128839,4577279,2040899,-
834887473,519328175,4577689,1289143,-
1334177321,1246023590,4578234,999645,-
1013162177,822565416,4579814,2568331,-
1011955433,777089031,4579981,3357235,-
1685415224,1624819903,4580629,2757186,-
897633008,644392975,4581088,1976349,-
27291058946,27290860199,4581192,1378461,-
977458040,433446927,4581277,4505176,-
1288863888,1193463263,4582845,246070,-
827932821,305467235,4583195,3144609,-
825820296,475062655,4583813,1951430,-
827233649,477503808,4584061,1988692,-
6512375553,6508876480,4586096,1270081,-
766027152,147741551,4586246,1401993,-
847085169,299931488,4588028,3425853,-
865261943,55624391,4588740,3780438,-
1763915841,1663713560,4589333,4578870,-
764590666,43175479,4590171,1312482,-
1380729537,1293835736,4590289,2174796,-
774405346,37720039,4590876,2118861,-
862062761,580796535,4592003,542705,-
794723685,180508387,4592837,2673541,-
812391681,443449504,4593914,1375387,-
876894328,554458415,4594094,2764153,-
2794025453,2766294571,4594725,3747989,-
774127745,193322152,4594988,1816671,-
1956087656,1907954799,4595447,3105838,-
766265009,88954392,4595860,1324973,-
791560680,295956127,4597796,2193641,-
3374059609,3354188878,4599096,3882669,-
866632849,579812688,4600521,1682594,-
1151058461,869673965,4601820,4523946,-
858574585,568484857,4603668,233904,-
1364847957,1278268963,4604795,1430017,-
18951048041,18950630054,4604979,898974,-
873024129,580573688,4605994,2104581,-
1772518033,1719779041,4606752,2379630,-
8254480337,8251819087,4607985,3104975,-
849000120,171131759,4609545,3531142,-
767977984,53886927,4612895,212994,-
4642144945,4634486017,4613052,2537706,-
779824416,194023679,4613311,1933536,-
831290143,205885471,4613508,3258240,-
161798057281,161798050369,4613772,3077568,-
1896897361,1830162624,4614171,3944332,-
888909505,629179512,4614219,214318,-
924778344,696076463,4614238,743001,-
792636633,340970375,4614821,1480671,-
800215353,262754455,4615429,2522533,-
2302295977,2271746638,4616280,2241663,-
1478280320,1405390287,4616596,816973,-
841798944,520410143,4616792,1059447,-
851784593,289581216,4617109,3435320,-
1589061613,1526630811,4617361,483315,-
6100808088,6096726671,4617480,955709,-
922206026,688956455,4617675,1271676,-
1045669153,870768528,4618170,2305405,-
1837816833,1785332200,4620412,2794943,-
1144715357,1012388683,4620665,1598571,-
921756122,118768103,4620942,4247625,-
782784041,284522439,4622107,671701,-
845178897,421808296,4625129,2903554,-
1028091464,841204447,4625145,2411008,-
1059906800,901505727,4626172,344113,-
2704293433,2664308471,4626365,4489499,-
1717642597,1659183971,4627351,2538287,-
1741454529,1684882847,4627727,2507145,-
1132276968,997655375,4627754,262143,-
2033760493,1996051645,4629366,166956,-
807641569,406318448,4629854,706163,-
1422363873,1332257240,4630482,2701261,-
1196855858,1030476215,4630512,3559143,-
3630287661,3618616795,4630945,425597,-
2781364393,2761384871,4632017,372305,-
857187241,546694774,4633146,1541811,-
8755649741,8753618955,4633483,1566085,-
2954952296,2933624959,4633972,3109857,-
6265823689,6261869593,4634478,1423404,-
1139062040,991494847,4634694,2542421,-
1947434097,1905988496,4635134,155793,-
942567297,718638616,4636342,1432379,-
820243645,295688077,4636794,2825808,-
2400282129,2370829583,4638147,2515733,-
5086048823,5080069511,4639866,184980,-
888134609,457703633,4640556,3445392,-
4501598265,4493954887,4640863,298787,-
3475587113,3459359870,4641333,3318426,-
811402600,410742479,4642337,820030,-
799352401,340360424,4642651,1611532,-
800640785,320974769,4642950,1982886,-
788182689,28175608,4643933,2225362,-
5145790197,5137591843,4644185,3688123,-
1392068161,1306292784,4644593,1337868,-
6947304413,6942645725,4644804,3800652,-
791895713,312110640,4645352,852121,-
1117228096,966290655,4645512,2269945,-
38766698657,38766595311,4646039,35419,-
16693019117,16692460971,4647607,291743,-
4631546096,4622879439,4649843,3073364,-
792696609,148969528,4652477,2263934,-
823530098,401999591,4652931,2232540,-
894104609,626356528,4653072,717383,-
1055020873,885150311,4653413,1857205,-
787083424,233639343,4653531,1557892,-
1203183729,1032283183,4654297,3624167,-
887109217,594591336,4655251,2067246,-
1148234048,1013489311,4657488,1233065,-
950561602,725702551,4658331,1553034,-
10244901442,10243395031,4659348,1311279,-
1302324296,1175640559,4659573,3256936,-
1466549137,1388408168,4660258,1573495,-
895824589,409038747,4662183,3652685,-
1123997352,976793551,4663219,1973516,-
815759927,57672071,4663632,2888658,-
1168309569,1028138728,4663823,2427952,-
881216129,581685504,4664005,1944370,-
7065527485,7061758619,4664995,3084773,-
11488410721,11487200689,4665192,1523706,-
1006379569,817000928,4665697,455774,-
782085121,17967560,4665884,1449025,-
1174090273,1045202040,4668254,1145859,-
1127643888,978462511,4668475,2168536,-
40402514761,40402404169,4668744,2855232,-
870237599,2808383,4669998,3680094,-
868012049,411033808,4671529,3225978,-
816827969,378168112,4674255,1918528,-
11799809857,11797787631,4675323,4376159,-
1055569607,651784391,4675476,4530756,-
1419761105,1313375472,4675577,3298838,-
877207985,565492239,4676003,2002925,-
13761852833,13761009280,4678247,708372,-
804743495,343290599,4679130,1077282,-
5846991680,5841780687,4680031,2713882,-
7684030465,7681319024,4680668,597055,-
939316677,497374211,4681173,3875291,-
783643313,91596520,4681811,281796,-
822993520,415314767,4683044,1482323,-
8678645616,8676513599,4683582,814283,-
2431051761,2396005144,4684114,3383503,-
2033878504,1987667007,4686225,2974492,-
3982740776,3972473055,4688960,1409657,-
2446242312,2416141711,4689149,2662808,-
5386187521,5379702480,4691163,2985310,-
1373453873,1222921416,4691231,4081790,-
14312022801,14311234264,4691701,110572,-
864144424,543252063,4692061,734166,-
1075629562,738436471,4692741,4346346,-
994293481,305506606,4693080,4654545,-
6038347569,6033776192,4693683,1945000,-
2664443633,2636049480,4693804,3259747,-
6507956113,6503281776,4698231,3210670,-
922426817,280056208,4698232,4074705,-
1177700349,1038846523,4698347,2236901,-
808408585,332344342,4699887,1385532,-
1349378560,1253367167,4700101,364462,-
3300147425,3285043312,4702259,1235934,-
2394608977,2360933281,4706508,2995542,-
896987541,596792419,4707143,2065709,-
983836321,584875249,4708218,4018716,-
972029048,239926095,4709794,4506817,-
1374073065,1280466407,4710831,1248337,-
1475307016,1378970015,4710992,3132695,-
2671993480,2625942767,4711778,4672297,-
789960304,16375967,4711955,302726,-
795244169,197666102,4712175,1211724,-
2289201017,2254024983,4713343,2672695,-
794838776,451119,4718329,1598534,-
1450036552,1365960927,4719340,1425465,-
1023123013,831481155,4719429,460261,-
800644817,149646928,4719850,1921209,-
797034749,160105003,4720539,1543097,-
1341634073,1151615390,4723104,4443891,-
931049738,676199735,4723704,291777,-
793855577,15611911,4724241,1214539,-
1360949313,1261646495,4724457,1944433,-
2440693200,2401994959,4725217,3673690,-
4417600273,4408967185,4725528,1550916,-
964912185,558789287,4726333,3872601,-
1019824449,608997808,4727188,4279601,-
860517969,213252344,4728025,3362250,-
1468681000,1313349567,4728591,4479524,-
1356542537,1259081751,4729349,455543,-
817999761,308220104,4729662,2049929,-
797753381,76064499,4729973,1610257,-
906896209,413607073,4730094,3634764,-
79025323416,79025294159,4730239,2625018,-
1670343728,1606552911,4730560,1899667,-
822440480,348384639,4731230,1897147,-
993495776,779335839,4731704,1565399,-
1866065329,1806128208,4732077,3199688,-
9843143713,9841395695,4732147,1598977,-
839522809,213002038,4732668,2993997,-
795137373,73707275,4732687,892653,-
1149699979,968930443,4733868,3222528,-
1082037333,671144275,4733959,4636993,-
982935247,479105311,4734426,4285452,-
804416304,192828367,4735795,1793732,-
1901168759,1853489783,4737228,852516,-
983991824,178274943,4737632,4588511,-
942996465,675570472,4737754,2266481,-
9352643053,9350701803,4738665,1501615,-
2532112769,2505603768,4739489,56288,-
838101704,99558463,4739829,3018238,-
1918376729,1851362967,4740085,3804451,-
9523085917,9521229613,4740330,298152,-
962751984,695196767,4741786,2670045,-
914821073,634134936,4744891,1389620,-
1216287128,1088660175,4746052,1139213,-
823288322,158156471,4747338,2606349,-
903295216,579336879,4748302,2419239,-
905871729,616477648,4748419,909268,-
800988544,98535887,4748705,1450954,-
12326453137,12324568656,4749513,4325318,-
1177345193,1039361990,4750164,434073,-
817232768,191972175,4750522,2329343,-
27390999389,27390577083,4751149,4582453,-
902496737,326243728,4751718,3715405,-
899648928,385681535,4752082,3561093,-
5986491405,5980752299,4752143,3212145,-
1446285477,1341842771,4752251,3155769,-
969233065,646161287,4752661,3379979,-
1208395537,1078325521,4753716,77172,-
1601302017,1489776496,4754074,4122149,-
952654752,703523951,4754487,1523258,-
991822970,747038567,4754667,2628048,-
799761256,9868479,4755761,121188,-
894512545,539393432,4756391,2618344,-
854263201,173940864,4756519,3210816,-
1002094448,790601935,4757052,427507,-
6275483729,6271105128,4757081,1483286,-
21571856781,21571451339,4757943,2704769,-
802993745,118917672,4758361,1360666,-
906755328,116095,4758532,3906143,-
808109441,120520239,4759723,1888913,-
967303829,131599923,4760479,4441727,-
881481245,553223179,4761205,1144359,-
801543949,86835627,4761523,734565,-
4785879489,4773748687,4762015,4220227,-
1177235872,1037485071,4763294,96561,-
814504495,4846207,4765008,2232162,-
7296771933,7293327755,4765743,2415187,-
8822822337,8820549896,4766536,1946193,-
1010507857,319581576,4767398,4687143,-
919918449,238985032,4767421,3969400,-
10877879101,10876090955,4767725,3295543,-
942550162,667898791,4768494,2175009,-
8063863451,8061195419,4768788,1330404,-
1001542184,540402783,4770244,4258969,-
897857553,432797240,4770741,3341836,-
1401338419,1275484723,4771176,3548952,-
1409828857,1275025703,4772065,3810427,-
1227272625,1004784904,4773887,4211890,-
1976247457,1929689903,4773923,1911455,-
1298942890,1186434727,4774551,1176186,-
1558873712,1483892703,4775680,878407,-
1103817401,937634295,4776625,63551,-
885548632,408395471,4778593,3200278,-
14900473569,14899687928,4779593,1086696,-
871814993,66262001,4780722,3439650,-
1301494656,1126406335,4782095,3986048,-
873379093,522867843,4782345,654875,-
898083617,548887216,4786301,2417898,-
857858065,415100159,4787755,2420833,-
1841499641,1775017639,4789413,3350689,-
5525929907,5519677571,4790226,2598372,-
6524605809,6518431808,4790447,4019838,-
808202433,107031808,4790575,60820,-
964285217,701401121,4790616,2233164,-
2536740897,2485956256,4791677,4563598,-
1083458241,869309624,4792512,3057391,-
1550133261,1473116155,4793485,566753,-
1070134475,877827947,4793586,2142138,-
3609082545,3592791104,4793709,3206240,-
110408812209,110408797568,4794636,1623853,-
814366925,190174877,4796274,1415064,-
1250077219,1082025763,4798092,3537936,-
1023882643,815907475,4798536,396564,-
25032626537,25032344071,4800341,304347,-
1136003306,858366599,4802442,4167519,-
1217461213,1007533611,4803405,3974023,-
6303364673,6298422161,4804638,2732820,-
1418258104,1321904783,4805276,1762301,-
5400680153,5391264686,4806081,4122750,-
816224117,70448563,4806461,1766205,-
911521544,139496127,4806890,3854549,-
7785085312,7782141983,4806970,1007411,-
1065659229,820622923,4808819,3328993,-
978381269,563327683,4809067,3863943,-
1564502653,1487637325,4809192,1221546,-
830059017,269956151,4810483,2022777,-
1289933928,1118032175,4811796,3819131,-
2689736489,2664069398,4812252,1984137,-
828059761,240887904,4815006,2009233,-
891435449,67842542,4815834,3611895,-
1056098849,857347167,4816909,1749355,-
24607122704,24606823887,4816991,1448810,-
967059361,714929984,4817507,769426,-
1136624051,926768819,4818936,3396924,-
928556977,449133313,4819290,3614016,-
2637431169,2610446768,4819542,2054971,-
860747987,429425363,4820100,2080596,-
828762293,70234995,4820111,2322439,-
3532198929,3517515263,4820707,1641273,-
2784651552,2761153391,4821126,1155959,-
815196785,62240832,4823663,572558,-
815770288,4984815,4824654,1011689,-
934436225,404271544,4825185,3796652,-
836398103,347339111,4827294,659040,-
1618646785,1478678832,4827457,4642872,-
3495444704,3473743263,4827638,3965779,-
883440392,509362191,4827914,1935857,-
816780049,103930352,4828789,537740,-
917435216,611241199,4829079,202502,-
1181773496,886698799,4829762,4497543,-
996166989,728312923,4829779,2760631,-
848852120,370538719,4830275,2012514,-
830519217,304217176,4831039,7706,-
4914573832,4901146991,4831753,4541002,-
18629890017,18629349248,4832695,2047908,-
974192385,431994472,4834433,4153796,-
1074455616,879825199,4834642,1899257,-
1922442040,1871813247,4835404,302433,-
3672469249,3657538127,4836265,2718427,-
1433123472,1336893071,4837924,1577091,-
861140170,379678087,4838547,2445336,-
1176951653,920097845,4838784,4172802,-
32348821642,32348644711,4838841,1638642,-
1092741169,909766928,4839202,1361377,-
939024289,644316913,4839852,1854354,-
927652114,346432807,4840776,3795795,-
2127866947,2085903331,4842102,1738314,-
1849873936,1791575775,4843005,2334646,-
13035731281,13034651424,4843737,108046,-
1008821240,779848767,4848053,205178,-
939086185,112382662,4848882,4068333,-
963787105,568074552,4849552,3549993,-
2392272554,2353796663,4850442,3134331,-
973359512,344927871,4852436,4251551,-
1029541261,80747979,4852909,4811853,-
843192529,294266328,4852988,2096901,-
28224742413,28224481771,4853113,2873465,-
6408473416,6399758319,4853493,4769288,-
6741847133,6735074155,4856277,4375231,-
9129454232,9127188351,4856891,1776622,-
1310484225,1192006847,4857819,179747,-
874328125,479871947,4858277,940241,-
2795293328,2758992703,4859730,4098485,-
848076808,373296575,4860017,481148,-
5150826577,5143217808,4860408,2613275,-
1431098693,1333779651,4860685,162947,-
37856598385,37856463167,4861087,2189101,-
829625056,232023359,4861318,418187,-
859225976,215531839,4861451,2847846,-
904195072,564563711,4863067,208606,-
1581445149,1491150443,4863871,2989413,-
1497775021,1409423259,4863993,840853,-
827421568,85804815,4865238,1534769,-
941222477,647717851,4867479,933293,-
1368833528,1256498895,4869043,2087632,-
832679729,124744408,4872984,1842739,-
985481841,731147360,4873105,1230606,-
896666557,120673403,4873823,3527945,-
1633270721,1559069304,4874692,1267601,-
1061629440,824239247,4876227,2904616,-
4436877969,4427118607,4876861,1752395,-
844755297,332854816,4877314,516691,-
1684123993,1600223086,4877535,3259974,-
1114267997,901828491,4879013,3021511,-
1159089001,996784630,4879374,205725,-
1934681245,1882062779,4879675,1679309,-
887008689,92314912,4880255,3375698,-
1222251973,1047225445,4880466,3239322,-
839363045,286936147,4881031,597579,-
2626073249,2597527552,4881373,2012850,-
1145119217,977392576,4881606,378511,-
2045566609,1997531343,4881743,2140767,-
1664018497,1586287631,4881791,2632819,-
1304288833,1066016895,4882319,4577889,-
857445505,394728744,4883814,186875,-
838021989,145170883,4884337,2010017,-
6593597729,6588970143,4885241,2407081,-
923500993,568117056,4885740,2422673,-
1208353873,1059412640,4886392,1510117,-
7144275824,7140509823,4886623,1574336,-
5339487176,5332651551,4887625,1907060,-
937186897,344517576,4888549,3811944,-
839933137,178613281,4889028,1985154,-
859371937,396398401,4890894,642054,-
12439558477,12438282781,4891002,2111976,-
866973456,144023359,4891403,2954746,-
888324746,433824215,4893015,2606388,-
1016537953,213893960,4893886,4648787,-
1002486736,422834895,4896397,4347060,-
6493548865,6489000337,4896804,200598,-
1759425573,1689452611,4897337,2646985,-
931079264,599478847,4898050,2004981,-
2032419949,1963211787,4898295,3988583,-
1349244944,1216749423,4900949,2971352,-
1609677233,1529051608,4903770,2048065,-
904823961,544557479,4904133,966617,-
1500152834,1406791127,4904175,1915356,-
969767520,643917839,4904346,2855665,-
1086032097,862613456,4904382,2789171,-
25517886064,25517423103,4904754,4248037,-
1783132297,1720259303,4904981,101035,-
843477863,275802215,4905348,583704,-
2969525505,2947194512,4905684,1635713,-
1236178841,1093385534,4906152,1262157,-
957142306,521631415,4906839,3529680,-
3904040641,3882843264,4906916,4427439,-
1501722545,1394773169,4914336,3080100,-
1172804337,1009529168,4914442,997455,-
1019517913,737201591,4914701,2948995,-
1614350362,1535972791,4914882,160053,-
901218871,529428871,4914990,231480,-
1040599697,681424656,4915063,3880694,-
865956320,72434527,4916976,2833639,-
1220216138,1071180215,4918614,1247547,-
932193441,166767055,4919425,3850181,-
900061715,232134419,4919652,3382200,-
1002436057,748290951,4923879,852659,-
1245916777,1097812921,4924236,2189946,-
3094724009,3074059478,4924812,1112361,-
1490523576,1307497919,4924972,4699791,-
1151024929,973802088,4925629,1893762,-
943026225,400884512,4926221,3689448,-
1291965312,1108129823,4926259,3792390,-
942801168,575369951,4926915,2763278,-
903458968,527512895,4926974,1081397,-
2427490449,2393585632,4930645,249728,-
928651793,590696176,4931890,1329303,-
1060634153,809039270,4932066,2911773,-
1070082449,857099343,4932151,1407511,-
1067906008,851895695,4933922,1627247,-
963453456,257209919,4936843,4102578,-
942413613,265945291,4937401,3868265,-
998559441,737350184,4937698,780807,-
1022694137,780269561,4938048,74628,-
883987784,451275727,4939085,1394508,-
2721040673,2693917656,4941082,804355,-
3834519505,3818572657,4942218,3192654,-
917228493,33713435,4943901,3633047,-
965549921,670815329,4945728,256548,-
1225537465,1074793657,4946268,857496,-
188784658369,188784652728,4947759,1400192,-
1930808477,1847043451,4947923,4152789,-
1572358737,1486643071,4948159,1223429,-
864949093,361140325,4949172,411576,-
10394130488,10390804863,4949680,4674145,-
1027382393,785210510,4949829,201624,-
885389645,292797627,4950971,2872937,-
2436081209,2397855878,4951437,2880564,-
1007781994,547093063,4951806,4009839,-
3274376881,3255575264,4951871,150686,-
1020285512,590795023,4952430,3993487,-
887899801,460607926,4952700,874245,-
1166122049,966291247,4954201,3000765,-
3394185457,3360815808,4954353,4819490,-
1757149856,1687487919,4955258,2033191,-
888087525,459630227,4956081,259667,-
9744681048,9741365455,4956979,4295488,-
1826998417,1759329656,4957291,2644588,-
1049149552,763418751,4958533,3203862,-
11098811504,11096421663,4958834,4084429,-
1002166753,577874520,4958982,3801293,-
873236713,220585990,4959027,2664222,-
997693594,574956727,4959318,3751755,-
1047020904,278527,4959560,4826753,-
2669993232,2641348751,4959642,998767,-
869325101,334731099,4960571,1932583,-
1206821081,1048304054,4960638,494889,-
2828977873,2803509680,4961531,8492,-
1138123049,714523478,4962564,4735671,-
895973176,483020399,4962709,245152,-
849398632,178339631,4963909,193952,-
1574011313,1487133000,4964246,1360577,-
1951854145,1863750872,4964672,4339633,-
860709416,303250719,4965299,1176338,-
1104369872,896858991,4965926,2042249,-
1147935121,941468880,4966388,2890965,-
4897156961,4886400840,4966505,3577196,-
1010969785,745946007,4966593,1766503,-
858711485,287874219,4968389,176905,-
1996386128,1918236351,4969643,4120790,-
2776176440,2742595407,4970036,3539411,-
3624744137,3609183038,4971210,231021,-
1075552706,837772535,4971225,2596848,-
928833373,282741085,4971852,3598524,-
4143052256,4129909359,4972727,2819206,-
903273213,474555451,4974431,2053975,-
2924824565,2900761059,4974595,562319,-
849377888,37112991,4975270,50707,-
1338565361,1213080879,4975723,744307,-
892685321,399926679,4976447,2416477,-
1162711401,985839335,4977343,210945,-
914864817,176219192,4978560,3475475,-
1344137074,1162979143,4980201,3937398,-
2321439847,2282199991,4980336,1708062,-
4276409197,4264217051,4980353,2682227,-
854039857,160980096,4981922,1286751,-
1344668167,1190343511,4984026,3361404,-
1029239977,222954313,4985838,4634370,-
889037417,384516713,4988760,2267448,-
959211997,509256363,4988805,3383551,-
1173957650,945827927,4991073,3506868,-
941907873,220540736,4991320,3780441,-
2070372458,2019195335,4992291,2135976,-
1016507447,255647447,4992330,4506570,-
3307400570,3276128279,4992900,4458441,-
8602309385,8598486617,4993098,3880356,-
19201372369,19200806432,4994939,1365700,-
1171889455,822743599,4996032,4552260,-
3242690933,3221666515,4996267,2445939,-
1644847672,1527678623,4997560,4019753,-
856399512,160935551,4997834,347973,-
1639687213,1501542155,5000383,4465999,-
2458559753,2423293865,5002914,1406034,-
906788137,58698886,5004114,3298371,-
1122663064,923261343,5005911,344908,-
2498109833,2463100526,5005950,2068563,-
1004822683,693640555,5006388,2693082,-
3295653689,3261189593,5006838,4687626,-
988673959,628751863,5007054,3074124,-
1212301425,1047975632,5007936,1153277,-
2333241333,2259285731,5008017,4822685,-
1031121089,710470623,5008163,3228061,-
859293001,66855070,5009001,1470600,-
901308289,143686623,5009239,3158991,-
857214141,48331259,5009527,261951,-
1186574961,929024240,5009820,3931453,-
1261040505,1109318327,5010229,1782387,-
8102070541,8097964235,5010755,3651869,-
871936453,90640995,5011957,2362749,-
5411649712,5402773343,5012030,3485219,-
1323042145,1119736232,5013442,4091437,-
869517491,215586995,5014080,1978344,-
1100790101,886406115,5017015,1401293,-
885894593,202707960,5017483,2699966,-
949717243,106391035,5018556,3855984,-
2593283817,2552800663,5021377,3601925,-
961368376,262636559,5022031,3912482,-
1381579600,1246791887,5022733,2812124,-
1831599816,1764157535,5022755,2048694,-
2966335873,2940443736,5023137,2528720,-
1045413493,338453315,5024351,4647397,-
1550819793,1456862656,5024900,597061,-
17135903377,17135175711,5024901,1362151,-
1489766897,1385066272,5025885,1830620,-
1337355201,1187853295,5025965,2969401,-
934735345,368718577,5026224,3365964,-
3315301025,3295467864,5026265,1854628,-
1061096017,489882536,5026966,4576217,-
1272996976,1125042639,5027292,642637,-
899577952,183018543,5027705,3017226,-
874143088,291291855,5028769,1389726,-
874566505,227928169,5030340,2023848,-
11061713633,11059953640,5030409,1539668,-
995064273,699163648,5031430,1273465,-
1038293783,634439015,5031942,3863664,-
991886753,208830040,5032242,4247453,-
943714304,570846207,5032706,1896475,-
930186549,323485523,5034257,3368079,-
914239733,484520595,5035631,1649327,-
863779665,89515184,5036300,801819,-
865468184,153662559,5038820,155545,-
1539259392,1398916031,5038869,4033574,-
901365745,407244672,5039837,2104764,-
870496881,242064800,5040300,480061,-
242265674231,242265667319,5040348,4889664,-
991244849,645130488,5040397,2783392,-
1093548121,871634014,5040498,101457,-
1625710889,1537927598,5041023,1911312,-
972521821,649399115,5041375,94963,-
1281222106,1133060119,5041431,1262316,-
1109624881,782981744,5042422,3934943,-
2378721288,2336264975,5044266,2788687,-
3604895233,3574806865,5044788,4765074,-
1092685957,850409331,5045121,2541869,-
1060266453,85726595,5045691,4827527,-
1339488248,1094793951,5048761,4583660,-
868417505,114439272,5049289,1358516,-
904768690,423342247,5049471,1957194,-
866676504,25172783,5051046,479033,-
3402816961,3382460984,5051119,2684572,-
52939609152,52939490783,5051808,4306375,-
887431741,352321549,5052138,1384116,-
972999777,100340936,5052333,4048246,-
1218046161,1049195984,5052636,811387,-
1007938241,576808680,5053406,3662645,-
920678465,297293344,5054452,3173775,-
1040537280,779595359,5054685,96758,-
1945425440,1856535007,5054798,4199427,-
889659449,171868553,5055894,2599524,-
910785005,445810587,5056283,1909657,-
1171688042,984531143,5057379,496080,-
990880241,675418840,5057880,1792483,-
1040244128,172792351,5058295,4645776,-
5111904545,5103431167,5058533,1701573,-
886075328,228696031,5058600,2318663,-
887807880,355164799,5058724,544865,-
1443590113,1330147695,5058737,499341,-
1511582289,1408930312,5061302,921305,-
1279539128,929243503,5061350,5022345,-
895653805,360033947,5062477,1967713,-
10176769192,10174273871,5064226,3291457,-
1748475957,1663314707,5064625,3042495,-
6984786785,6979944264,5065879,2654780,-
1782500424,1640399503,5066449,4929506,-
889117969,240251888,5066566,2341399,-
1537966961,1438393440,5067203,1261480,-
1709900512,1630932863,5068255,1071628,-
1241076568,874017695,5069912,4914281,-
881543825,287528079,5070325,786659,-
2519881169,2481959728,5071088,2662533,-
983203073,193006576,5071845,4096298,-
1788592368,1675768255,5074948,4333327,-
916131537,249677248,5076380,3073787,-
878711985,239641967,5076519,870823,-
1846875741,1763066459,5078433,3523481,-
941736357,553926131,5078591,86427,-
888066217,307124967,5080645,1503165,-
1210942519,1027345543,5080752,2236938,-
993326497,640508456,5081426,2667421,-
890634493,319267451,5083775,1563929,-
874247937,61836751,5083781,256297,-
877705640,197185999,5084001,803950,-
1147251320,753959007,5084323,4508486,-
13076624003,13075316771,5085114,1170870,-
933831041,3479791,5085385,3473325,-
925861249,486659648,5087173,1715798,-
901421073,331655560,5087243,2262464,-
943268480,553154559,5087681,360020,-
6833564161,6828628704,5087838,2136421,-
970603829,624638323,5088481,694551,-
1013413401,660048535,5088665,3015593,-
907906925,297070507,5089133,2677491,-
967677441,488689264,5090024,3297151,-
1019952961,83818544,5091919,4438868,-
1461977305,1335891382,5092308,2874891,-
5785729064,5779023007,5092695,357424,-
4383119649,4371400168,5094151,691352,-
922590121,370904494,5094204,2792481,-
1165554688,929411615,5094376,3216631,-
974801914,574141543,5096616,2809557,-
929138481,476738144,5096627,2088864,-
1053287009,692040888,5098006,3565613,-
1306144080,1157363599,5099230,1175407,-
1370052765,1237563547,5099459,314861,-
901207537,97658936,5099471,2720386,-
8789208800,8785293327,5099816,3896803,-
990275553,547331560,5100766,3378061,-
1873947976,1807102479,5101021,1236372,-
908573173,390167795,5101481,1910767,-
938190145,528841904,5101762,813035,-
3792125621,3772743509,5106438,3510942,-
30291018648,30290642735,5107122,4338937,-
1020833024,15448383,5107534,4424651,-
15144490970,15142568327,5108943,5032602,-
1094500521,856589879,5111443,261519,-
1299098288,1136623695,5112083,2531332,-
1112311991,710261255,5113770,4275108,-
19093267861,19092641715,5115455,312897,-
885909945,17857207,5115523,1799861,-
906153929,375109447,5115773,1587285,-
128924400557,128924383291,5116097,3641589,-
1761176057,1683031766,5116854,1771839,-
887873905,242790912,5117039,319722,-
920618905,236257767,5118021,2999447,-
882832912,120913263,5118345,118954,-
926618743,448148935,5118486,2094036,-
1049786253,631145851,5119985,3843901,-
1242949441,1038470024,5120594,3259243,-
1195541057,789795096,5123669,4791262,-
934593849,311595047,5124005,3136143,-
2633021249,2593258623,5124743,3342553,-
1258390449,1088299448,5125119,1927234,-
1567632736,1459390479,5125681,2709858,-
2726712314,2695252103,5126442,1315119,-
1462077898,1262703175,5127183,4529994,-
886336901,103261459,5128683,1350943,-
971651221,471098005,5129316,3313740,-
1765894545,1679767472,5130154,2937033,-
1831406497,1731749281,5130756,4000788,-
909176821,380247219,5137311,336887,-
1047294800,430338127,5138157,4391764,-
1602985905,1451536424,5138232,4366765,-
950753313,529778320,5138617,1916176,-
1287498864,1070286047,5138883,3810430,-
968657873,116399695,5139979,3803709,-
1285346904,1008838927,5140030,4468721,-
1015522424,704156527,5140280,75477,-
895012253,263302795,5140577,787059,-
5174846113,5161671841,5140860,4347468,-
1096607896,710761599,5141637,4018526,-
1077067355,350750507,5141874,4745904,-
1865503505,1765628152,5141963,4122528,-
964047011,272241779,5142306,3645144,-
892079585,218761312,5142342,655693,-
1010472357,630884003,5142565,3002373,-
1008734513,626153416,5143007,3002850,-
1017783256,266337135,5143689,4279510,-
993677417,490124366,5143953,3574584,-
1108833768,440595391,5144012,4902415,-
1538092592,1398558031,5144544,3773293,-
1304006301,1147721435,5145345,1465993,-
916216545,404984504,5146138,1080435,-
5344889168,5336680735,5146152,1016777,-
1402053713,1270535055,5146651,1368317,-
2127150405,2071349027,5148711,2432807,-
1082541081,641943719,5149169,4165587,-
2939367704,2911984767,5149445,396626,-
1131765921,883026824,5150456,2753127,-
1542020810,1429501847,5152014,2529891,-
899553728,187296591,5152028,2024365,-
1174746552,948089231,5153148,2826307,-
931026968,390459375,5154793,2537054,-
9358508673,9355541416,5155195,2924006,-
2165472385,2088631784,5155580,4283231,-
1964182946,1855037255,5156484,4698555,-
903067393,304964856,5158527,233020,-
1171702189,965323693,5159892,679836,-
1058016369,521680927,5162845,4268201,-
8762626561,8759539944,5163327,205804,-
1062557021,786400779,5167097,838523,-
1077331056,813023039,5167371,140986,-
32001198161,32000743144,5167771,5115336,-
995557624,648160703,5169002,860821,-
2972295026,2945107079,5169228,124347,-
895249809,149394368,5169546,140489,-
2718051689,2685420137,5170236,344760,-
1474852201,1304679719,5172391,4059271,-
1108155104,804694479,5173025,3334630,-
8594594713,8591203415,5173249,2432081,-
1342758353,1136781871,5173585,3917577,-
1176718456,787611359,5173664,4538617,-
67898429849,67898377982,5175246,333855,-
6634478498,6627396695,5175471,3836688,-
1091834065,709050672,5177274,3880007,-
1444005503,1318151375,5178498,1108416,-
13934448479,13933141247,5178750,2547498,-
4433819449,4413876743,5179237,4609129,-
88798001522,88797964343,5180202,3553155,-
902660641,223817040,5180995,1390794,-
938484672,343503631,5181452,2842211,-
896698400,27891007,5181807,210472,-
1101079777,544737288,5182515,4610638,-
1023600273,115375120,5183189,4322824,-
1087497058,826338775,5183403,234954,-
1026530385,248371727,5183909,4307421,-
934690065,367477424,5184026,2586345,-
1506466696,1379374959,5184216,2913067,-
4642692221,4631162619,5185327,2134391,-
2468340077,2414962251,5187199,3897329,-
3442143677,3421650891,5187229,538471,-
931368058,437386183,5187315,654780,-
1114493553,852999680,5188166,2501073,-
3821898970,3798959527,5190597,4065984,-
1069984157,793195563,5190695,99331,-
962926817,432785056,5191117,3041826,-
1254946993,1076425440,5192173,1243536,-
1621611437,1518867291,5194451,2382479,-
1002083456,586554319,5195103,2953082,-
2519573609,2480466782,5195280,1477791,-
1028945409,706434448,5196346,1666853,-
1052880736,632502815,5196595,3687478,-
1541550425,1431581287,5196843,39031,-
923972033,190538991,5197423,2687755,-
904021713,187586440,5197688,1238587,-
905810104,211886703,5197798,1393719,-
982987169,603288847,5198163,593975,-
1072882376,333026719,5198456,4650519,-
1581144079,1476937903,5199426,761166,-
1250458880,1069542847,5199716,946161,-
38889341953,38889180080,5200127,1337984,-
1928852258,1839270551,5201055,3861684,-
1675944865,1553837664,5201760,3867047,-
959324585,490136247,5202233,2391397,-
1164312145,933394544,5203030,2384039,-
3173276537,3139386871,5203623,4089449,-
907471825,229900872,5203961,1152534,-
2561355415,2523532519,5204070,394248,-
92530631984,92530603423,5204329,325104,-
1174870385,770710192,5204736,4553917,-
1246822009,1063860478,5205348,353013,-
7420027761,7415423360,5208515,2215128,-
3145255984,3119730447,5209278,1968625,-
943558793,442044566,5213775,1959288,-
904840541,102031419,5215213,300949,-
2589148569,2551827319,5215295,185255,-
991713617,241674136,5215326,3857447,-
1131070753,551436080,5215357,4819418,-
1614387657,1513551143,5215987,29475,-
911577369,102998183,5217787,1974087,-
998513345,333876024,5218543,3836680,-
5478984229,5470712403,5220737,980349,-
955905237,387754723,5221045,2913887,-
1596116089,1483891993,5222586,2721558,-
1373422305,1046807584,5223658,5141875,-
922751344,238480703,5224303,2283832,-
993776697,594726151,5226571,2233177,-
1069227597,760468123,5226571,2455985,-
3419459905,3398046384,5226920,422031,-
2126667761,2055128129,5226948,3722118,-
1669226976,1527565135,5227082,4294015,-
958477018,490774135,5227329,1989624,-
2172773642,2118601031,5229168,866019,-
2310178570,2241144727,5229273,4245324,-
1190380800,896425727,5230242,3842981,-
6862493353,6853901305,5230272,4641294,-
915954215,20559047,5230674,2111682,-
1056555144,754643503,5231114,963961,-
1234261893,834938035,5231387,4841081,-
908445392,69952623,5231570,735881,-
961193408,490707871,5231635,2134626,-
1124538617,499222903,5234713,4835625,-
910430784,151555663,5235199,79678,-
1063143328,687551471,5235223,3346670,-
2481140120,2439748447,5236184,379239,-
1195130928,984830303,5236440,13465,-
1075230752,661341343,5237395,3767274,-
916491345,239929952,5239522,1238937,-
1037344200,531065359,5239990,3818383,-
921434225,68365224,5241520,2284157,-
921792650,216956759,5242344,2053065,-
3277084669,3250713419,5242915,3055895,-
2742185753,2702312151,5244845,3375157,-
1598349584,1457413183,5246091,3895522,-
1277861457,1094352968,5246538,2070055,-
6295650593,6289247695,5247783,1211987,-
8086294195,8082419587,5248464,972246,-
1150335157,807551123,5249507,3920155,-
1044388984,724025183,5249881,46556,-
1712790689,1614529672,5250606,2736605,-
1460019393,1309322480,5251242,3218059,-
1127135090,324605207,5251407,5024304,-
984881033,149325830,5251617,3719352,-
1466135821,1336964365,5252640,852912,-
963799991,461705399,5252964,2440128,-
951517168,357589055,5253548,2711023,-
2772459720,2736176159,5254356,2823625,-
913863289,27878998,5254692,938829,-
2257781105,2206602112,5257347,1025548,-
2179042264,2119576703,5257624,2783711,-
1533988034,1279740023,5257923,5232294,-
1011801033,644055815,5258053,1439997,-
1114975561,853422839,5258341,55457,-
1138196245,891085299,5259745,1128849,-
1082359040,792930367,5261067,1349998,-
2111026837,2028106371,5262013,4158129,-
922391824,205319183,5262193,1748566,-
2061423050,1999394519,5262570,681261,-
1105864624,835887503,5263048,1021571,-
957411797,476166821,5263758,1181664,-
1509381146,1377317639,5264367,2758494,-
1166078392,515947343,5265196,5105965,-
1281070813,1079243115,5266927,2950821,-
928957216,248323919,5267756,2009939,-
924163953,238790735,5267863,1538961,-
31442858961,31442569544,5268537,3062062,-
1356402617,1197261367,5269155,1708085,-
1606788037,1416657651,5271219,4805297,-
12042969729,12040215608,5271429,4542758,-
1168410569,928090238,5271447,2201772,-
1417769853,1272630475,5271559,2013427,-
1068050153,738268375,5272553,2562867,-
1084414621,249352395,5273009,4696755,-
931562097,148348751,5273199,2377367,-
930004200,104405407,5276498,2302061,-
1156225001,899970350,5277210,2533749,-
1229319842,1024373831,5277369,1638426,-
3733850065,3708786289,5277630,4036446,-
1906295281,1770548360,5277923,4951360,-
1320489011,1124353235,5278350,3200454,-
1306096969,927564718,5278566,5056323,-
1273359600,1084680959,5279050,1856283,-
928585561,72398686,5279805,2195220,-
6643508216,6632823279,5279947,5020532,-
1149682256,905229855,5280311,816220,-
1058545469,739790667,5280817,1372955,-
934807221,338444099,5281551,309691,-
2168127040,2111074047,5282094,1506779,-
981724785,461590952,5282479,2883738,-
1677918865,1570293432,5283528,2919851,-
991947369,485809927,5284135,3006799,-
4248595739,4234094363,5284404,1293036,-
1005236737,616350896,5284507,1155998,-
1084073704,790326303,5285367,131336,-
954299545,115334809,5285556,3054540,-
1232726125,1029949899,5285915,280707,-
9386409825,9383390992,5286547,2018378,-
1046530921,688962839,5287697,2473163,-
1212068609,694916488,5287707,5074954,-
1451963105,1239041727,5288993,4404377,-
948175682,411861911,5288997,504546,-
2142842529,2081292632,5291650,2509533,-
1100715537,38170696,5292466,4840471,-
2067239181,1944672059,5292737,5135043,-
1135051825,207117992,5293546,5084321,-
1009863017,412089991,5294981,3631083,-
984777984,552165983,5295684,665497,-
1108727144,369447583,5295966,4788691,-
5128832232,5118843151,5295982,553073,-
3256996449,3218106688,5296109,4569998,-
2352958400,2303023407,5297042,2227463,-
970285025,209054952,5297092,3289033,-
2709685272,2660543551,5297294,4074101,-
1163552567,923484551,5297754,37896,-
2965028281,2933885255,5298115,2232673,-
937673869,330752619,5298605,422955,-
1197384737,871545336,5298626,4040317,-
952110632,350165151,5298839,2374868,-
1861821112,1777189023,5299084,2687895,-
924254273,8774896,5299472,947535,-
3053413297,3006710336,5299826,4722689,-
1133848737,358181048,5301091,4994070,-
962611917,453828731,5302773,1671479,-
19590199249,19589406063,5303053,3325581,-
980153689,28715998,5305446,3495633,-
2094296265,2006597767,5306819,4206811,-
1009316665,487078534,5307981,3301740,-
1081207729,240733823,5308417,4620851,-
1138347009,417126703,5308933,4965953,-
1184644833,645852680,5310116,4945143,-
965058637,79021451,5311097,3182831,-
1973266400,1901960527,5311487,1643754,-
963098329,126305662,5315709,3104340,-
949962233,388758350,5315832,32859,-
931805693,217872125,5315964,577848,-
1237403930,919408919,5316336,4225065,-
1017705489,387984767,5316371,3745545,-
2315759329,2263384863,5317311,2220049,-
1008079024,607170863,5317522,1015033,-
931332841,192629014,5317596,1022631,-
935356633,233606950,5318298,1537383,-
1855417701,1774447619,5318607,543311,-
1156161696,903346255,5321162,1600705,-
1844691665,1683452904,5321360,5151941,-
3877665344,3859195983,5324287,2248466,-
931834873,21182951,5325011,1500535,-
1208365144,986399583,5325987,178462,-
1444770545,1295929999,5327935,2406057,-
1089295201,692167400,5329982,3521875,-
1563459400,1423288559,5330194,3385175,-
1598964883,1485324691,5331420,1339752,-
1220601617,1000892896,5333328,1613131,-
1285502489,1084139702,5333541,2528100,-
938834217,257390231,5335291,642609,-
933127065,116415847,5336353,56333,-
1103206449,533087632,5337121,4414550,-
1252764409,1048170263,5338087,1264081,-
1423303721,1272101239,5338663,1877547,-
1185471457,841930801,5339244,4002006,-
2445557133,2399203051,5339945,1307863,-
3864708512,3840177183,5341427,4084130,-
1264012601,1000706009,5342478,3773598,-
2098745552,2001144703,5343172,4515105,-
2126602889,2064733118,5343417,17364,-
962392961,320386144,5346722,2534139,-
3160542160,3132963407,5347501,1115104,-
2791967800,2752225247,5347843,3148718,-
2336496706,2279682199,5348136,3079551,-
4663358424,4649879743,5348203,2767634,-
950485869,342450827,5348307,752165,-
1029644329,608443438,5348709,2630646,-
1038780241,204835784,5351333,4134656,-
1046644809,656217767,5352477,2563955,-
1550423353,1416566830,5353386,2817687,-
1288387247,1080984911,5353662,2710722,-
1967374353,1891929280,5354327,2140138,-
2762162865,2723007104,5354541,2800900,-
1357146048,1188159775,5354867,509194,-
2717219360,2676024127,5354958,2956619,-
35266909369,35266677783,5355143,2541183,-
1232296209,1012512872,5355396,1810315,-
2460466355,2414152067,5357298,1139292,-
2411787739,2363271547,5358294,1521510,-
1608481568,1494133935,5360708,561691,-
1009706345,521167454,5362062,2796795,-
1148194321,881992719,5362937,800073,-
1172076377,613867766,5365098,4843383,-
957842869,154087923,5366481,2600569,-
990696289,440792448,5366622,2750419,-
1785706505,1692230102,5367633,2063292,-
1167034945,911885377,5369412,81204,-
1988866896,1914725935,5369413,2006860,-
987505176,415938239,5370191,2775444,-
17216368585,17215404982,5371758,2216613,-
3501963664,3479177903,5372066,403879,-
3300555469,3274641517,5372658,1629330,-
1392097425,1229095952,5373001,1660398,-
15284556295,15283366567,5373522,307854,-
1168929538,179211895,5373744,5246343,-
1407494864,1147643263,5375583,4584476,-
1168631784,912831103,5375896,621919,-
1180398321,639414464,5376534,4837553,-
975367400,293441359,5376831,2859230,-
999443313,248032960,5379011,3475528,-
1091239489,625107168,5380011,3839858,-
1333370929,1063714328,5380019,4259564,-
966264961,238199759,5381117,2661553,-
964763605,365789557,5381694,1786866,-
65026806709,65026730643,5381873,3350271,-
2843763921,2799078704,5382584,3884859,-
963995266,380829799,5383821,812136,-
3928654465,3910281504,5383862,1600635,-
1536219376,1394488751,5384155,2926420,-
1524958433,1309344960,5384524,4633591,-
1037964008,645886191,5385248,1669835,-
2162627025,2076707024,5385826,4219065,-
1186313330,938765639,5385879,940650,-
1009409697,568812536,5387619,1177658,-
953474265,6202727,5388621,2205359,-
2205685040,2144549247,5388961,2222716,-
1075745841,737212304,5390029,651468,-
959505973,281115555,5390947,2016591,-
1305397465,868189462,5392572,5188011,-
3068368833,3023705080,5394386,4462219,-
1095453857,775878768,5394845,811034,-
1162651985,897852624,5396068,11365,-
1377235483,1119759595,5396748,4355958,-
1767037377,1670737016,5398731,1439686,-
1606509817,1392816663,5398739,4938285,-
2024212333,1952232395,5399579,1383997,-
6929166521,6923256329,5400354,472464,-
68354214625,68354149464,5402028,2803465,-
1130788129,537015888,5402109,4578454,-
949968353,156769215,5402239,1145159,-
1119508593,398471800,5402243,4700296,-
5924552105,5913653582,5405376,4133121,-
1589730048,1462063375,5407459,2470796,-
949624658,51151895,5407797,999522,-
1130114152,786255071,5408569,3174524,-
1281632121,974865319,5408629,4239217,-
1768314193,1671137816,5409620,1567259,-
1095561128,338058255,5410319,4525654,-
1070084193,18873311,5410675,4380699,-
1470602113,1311044495,5412121,2882011,-
2199696961,2130332184,5412572,3290481,-
4760346497,4746086568,5412577,3225740,-
1112932994,234332663,5413422,4744803,-
2491018505,2443207337,5413446,1942914,-
1526974573,1362299435,5414329,3625487,-
951199729,66572888,5415844,239267,-
1168864497,285943151,5416613,5166963,-
1165042737,721149311,5416991,4310541,-
1813550477,1718047373,5417436,2382600,-
1834946689,1745314368,5418262,330501,-
1984255169,1907954128,5418443,1499778,-
1866931229,1774316283,5418793,2770999,-
8956149320,8952533839,5418970,1646721,-
1020578953,583149335,5422627,497537,-
1109915089,387092888,5422862,4591687,-
1071160413,277700155,5423159,4302359,-
100524644512,100524615951,5424497,242658,-
2291111848,2231124495,5427276,2692061,-
2480029057,2429163776,5429368,2665439,-
1018224137,271041446,5431071,3587916,-
1300885928,1002946815,5431286,4237541,-
1422009496,1260840879,5431527,927422,-
1413098945,1172906064,5433553,4283080,-
1153299560,804703567,5433599,3447462,-
7539659853,7534542955,5434171,290483,-
967607377,109369056,5434434,2386279,-
1228443848,993678223,5435075,459900,-
4742947393,4728473840,5436431,3164716,-
975354461,221774859,5436691,2565361,-
1050223793,428341200,5437057,3787978,-
1925841200,1842112927,5440228,1992663,-
1126985160,816680719,5440285,1809236,-
1015153273,553938166,5440308,667155,-
2529518824,2482963199,5441720,803905,-
966673456,72122255,5441789,2258240,-
1778103713,1643827720,5443747,4167498,-
994331821,153320269,5443854,3171894,-
1075346472,647001311,5445053,3110562,-
1810383577,1648556951,5445791,4893967,-
13344286016,13342637535,5446595,836794,-
1370890802,1166644631,5448849,3216264,-
5709865649,5700832152,5449840,341011,-
976828954,176825623,5450922,2571411,-
970437137,234840456,5451403,2054272,-
1298590405,1090628197,5452086,1732134,-
2342424472,2286343263,5454480,2002393,-
1106149285,610924899,5455405,3934701,-
1001014953,463428055,5455787,2046127,-
1135688099,825895283,5456364,1970742,-
5917207205,5906135587,5456747,4069173,-
1909195520,1824114207,5458054,1198157,-
968086377,178723031,5458121,1936563,-
1155474273,616882160,5459181,4526342,-
1044994321,7654321,5460270,3985230,-
1242068416,1001170079,5460461,2204902,-
1148147157,579710611,5460781,4552339,-
1110671257,89066951,5461051,4680673,-
978503234,285764423,5462181,2199348,-
997545641,305481209,5462262,2932404,-
2171945809,2101566728,5462887,2927702,-
8192468272,8187751551,5465249,2747808,-
1086138082,730005031,5465424,373149,-
1512592511,1369265279,5466528,843984,-
1106869752,631038511,5466553,3814894,-
1562574321,1429155544,5466968,1308899,-
1619946493,1395941435,5467603,5024243,-
966434450,201231959,5468805,369006,-
1027781073,512808896,5469625,2733246,-
2647148629,2603813413,5471382,243264,-
3151922489,3121551998,5471481,695178,-
973356865,219478112,5472526,1957867,-
1001475784,424690623,5472789,2354806,-
12552664281,12550450775,5473835,3490173,-
5361194001,5342151440,5475126,5211305,-
1009381857,420282616,5475184,2729609,-
3823404154,3787589383,5477091,5061048,-
14527699265,14526119992,5478226,3155691,-
1541556545,1393175992,5479356,2758223,-
997990784,449463327,5480608,989815,-
1169419104,696173087,5480695,4354488,-
4578189715,4563750547,5481636,1212912,-
2571066457,2522531878,5482245,2532564,-
9637515576,9634270799,5482477,785316,-
1252091425,693624512,5482883,5189918,-
1266702760,1015280847,5483213,3009048,-
7870726845,7865395067,5483449,3046287,-
1963458976,1866357039,5484144,3577787,-
1186406449,818481072,5486732,3830835,-
1121790977,795443056,5489921,263712,-
9471038117,9467660803,5490137,152775,-
1194698345,926817447,5490421,777869,-
1037620889,381786663,5490563,3515359,-
4031730801,4009178984,5491773,3682972,-
1034470145,81082504,5492005,3745134,-
1087220865,149291824,5492165,4391618,-
982927221,301891555,5492245,1869863,-
1030716337,284607663,5495103,3557375,-
987425576,368805759,5495584,822559,-
1207749001,587196375,5496751,5042115,-
1270263113,1042679870,5496972,1318839,-
1037689505,549457344,5498077,2478190,-
975412360,220938927,5500628,1153509,-
1000764961,442534584,5500686,579709,-
1182361505,882064344,5500889,2672120,-
1041095313,72917096,5502366,3813065,-
992834282,58768823,5503068,2798655,-
973734072,177979711,5503349,753686,-
3525154497,3488774576,5503614,4539979,-
5090371424,5069850783,5505308,5087977,-
1001619025,12002399,5505865,3044299,-
9326974421,9320181139,5508417,5400983,-
974946705,145699064,5509803,1190780,-
976276832,35988031,5510133,1714178,-
992401905,329868232,5510429,2100368,-
1032588881,563146720,5510490,758311,-
1009694317,115838763,5511925,3199461,-
1152599905,650234192,5512282,4271891,-
1091524221,462503515,5512865,4082863,-
2015799973,1855429011,5514363,5444855,-
7079595557,7072187011,5515243,3700659,-
994145881,130893214,5515587,2721012,-
3526957224,3501942863,5515629,1083844,-
1191406345,914804494,5515689,386940,-
1179610117,571338963,5516011,4796145,-
1711057489,1596189152,5517184,2004325,-
1056645057,305658616,5517548,3870353,-
1496047569,1206826319,5517955,5075595,-
1582479297,1415004296,5518027,3772842,-
1064886167,220737431,5518248,4051872,-
6150892537,6142695526,5520273,839238,-
1222433602,281997223,5521200,5438877,-
1325854658,901886375,5522019,5082552,-
997262521,175796350,5524410,2722791,-
979205186,146836199,5524764,1421523,-
1276769088,824851471,5524816,4925155,-
1982705333,1896276931,5525881,2562045,-
990391649,339151503,5525927,187571,-
22771815689,22770992103,5526013,4321229,-
1904032333,1809115691,5528215,2628361,-
979355397,163846291,5528471,939731,-
1175902401,253663640,5530735,5095176,-
1176306359,128854103,5531742,5123622,-
979160128,124851935,5532302,529213,-
991031816,308026879,5532464,1640961,-
1026504480,53313119,5532920,3466023,-
3740630997,3717964931,5533863,1676069,-
24268489837,24267836221,5534052,3837618,-
1138181717,547257843,5534747,4392205,-
2147093600,2036625807,5535101,4756528,-
2056498673,1979553240,5535518,1057073,-
1019265625,490247929,5536338,1125330,-
1751731873,1640476736,5536615,2136512,-
2043906833,1955384176,5537788,3320715,-
1016739281,459532944,5538568,1899653,-
2665243320,2612214319,5538964,3591995,-
2022370145,1942342577,5539524,1180086,-
1047362401,42811151,5540425,3791165,-
1084972656,592695055,5541745,3349202,-
981870904,150204303,5541807,78166,-
43460307133,43460061325,5542734,4603224,-
5686803025,5674401327,5542929,4002391,-
1895895008,1799997295,5542974,2493641,-
1142085485,110354347,5543301,4829749,-
1424755343,1203100895,5543634,3789744,-
1681012721,1561169295,5544809,244865,-
1284718267,921640843,5544828,4450470,-
142656515560,142656499647,5544981,2261654,-
1164954911,856527215,5545596,1615770,-
1466906761,1302494055,5546285,875421,-
1260402632,914556783,5546972,4128875,-
1204260209,912799903,5547553,2495781,-
1726546913,1582879080,5550086,3902797,-
987988424,229113007,5550297,1355150,-
4357950377,4341174278,5551203,1261170,-
1436924289,1263106712,5553915,675586,-
5210137921,5198321544,5554731,1685546,-
19535360325,19534457107,5555911,3001811,-
13432888973,13431127723,5556555,247075,-
5473075032,5461931071,5557378,2597899,-
1267940721,990338575,5557637,3261205,-
1010065857,231036688,5558069,2826730,-
984997761,88887544,5558753,641348,-
1007961665,184990447,5559707,2809407,-
1411283816,1156943935,5560350,4183819,-
1521838737,1366676656,5560841,1989082,-
1175003344,271014047,5561666,5040595,-
4617301465,4602277607,5563093,85129,-
993139991,277083575,5563830,180858,-
8820848738,8816647511,5564160,2157777,-
1920644696,1808244879,5566417,3817774,-
1060274449,606604728,5566942,1697193,-
1259089864,897354239,5567120,4205825,-
205350609985,205350597807,5568633,4905341,-
1647216461,1387964619,5568893,5373619,-
1282071473,1046239456,5569374,288385,-
1064243040,18599327,5569939,3947682,-
1150159225,227907527,5570599,4835477,-
5558438400,5543421967,5570824,4540387,-
1196350192,488148831,5571314,5014947,-
1004012961,328177720,5572445,1880554,-
4722803697,4707340096,5572529,2861678,-
999489941,45823589,5572626,2414976,-
1626817769,1492692758,5572944,1965849,-
1136185759,713329903,5573616,3431814,-
1045062617,322127463,5573627,3457415,-
1446690527,1219478831,5574954,3969588,-
18574215359,18573281807,5575188,463950,-
2117589936,2042150639,5575209,1897982,-
2951418361,2913886390,5576880,1019379,-
1193084072,698451471,5578276,4441891,-
2022024064,1912343439,5578410,4180015,-
1019670631,181417399,5578716,3041946,-
998736600,134596399,5578951,2236730,-
1197044105,145299497,5579766,5220714,-
1001232937,319881111,5582049,517483,-
2223698369,2128443233,5583942,4418574,-
3805875857,3783032896,5584002,1948489,-
4001097176,3980748399,5584082,70007,-
1420786929,1212526304,5584200,3260195,-
994567905,86618864,5584503,1801540,-
1013646973,203450331,5584751,2786625,-
1006354826,33278039,5586441,2592744,-
1081073569,661281288,5586786,560483,-
1472801025,1132664192,5587649,5262216,-
2526604832,2474545791,5589023,954572,-
1099242568,516680975,5589316,3826333,-
1588242250,1447047127,5589609,626628,-
2040200377,1958659081,5589798,1153524,-
1292642521,1039798294,5590362,2771511,-
22941824936,22941201535,5591572,1613025,-
1357051625,1124329094,5591730,3163827,-
1297567525,1064588787,5592419,258249,-
4570954657,4555194431,5592593,1578343,-
2586329369,2513817494,5592840,4570245,-
1190466080,891507327,5592901,576698,-
2672203392,2625601391,5594347,1109484,-
1034418369,502816112,5594480,620271,-
2288793313,2217077336,5595575,3251536,-
13658337298,13656245095,5595918,3713361,-
2744202433,2700076808,5596405,339530,-
1130639784,740972063,5596851,2751146,-
1015209617,401615056,5597291,21684,-
1124621437,699389931,5597893,3148887,-
1439478753,1203624920,5598153,4003444,-
996741185,188950672,5598897,955744,-
1226936061,949825099,5599561,1623811,-
1277069296,1024258239,5600076,2229839,-
1126571689,760898782,5600751,1516680,-
2004039377,1896861041,5601174,3932838,-
5391883792,5370324783,5601450,5459399,-
6755796269,6747452523,5602061,3534893,-
2182048041,2110591015,5602717,1227755,-
1574888833,1388493320,5606654,3940603,-
4419283433,4394087006,5608980,4676031,-
1664838992,1398788367,5609260,5458205,-
3876122081,3854007784,5610252,800183,-
2017045531,1865609659,5610738,5183682,-
3812146401,3780716920,5610770,4379699,-
1006421949,292780523,5610921,1332107,-
1348526929,1131122312,5613413,1869820,-
1040504959,442609183,5614434,2606646,-
4020259955,3984994067,5615778,5144454,-
1201304336,194052799,5616753,5199824,-
1025493961,48165214,5616864,3018231,-
1159678241,721186480,5618406,3703165,-
2406820320,2347808959,5618690,1408619,-
1384844560,1183702287,5619599,329694,-
5985067693,5966966411,5620435,5539243,-
4622899017,4605006551,5620553,3468597,-
1188181745,719909112,5621519,4181374,-
1224530601,345322135,5623951,5309285,-
1293852888,568547711,5624865,5596748,-
54899437760,54899326479,5625245,1486288,-
1080532904,610952703,5625281,2382164,-
1680444541,1462847869,5627976,4973316,-
1092330449,62067328,5629767,4156882,-
1620196433,1423020760,5630631,4374902,-
6754058153,6746260985,5631744,2781846,-
1401431441,1171686760,5632585,3423306,-
1260734661,986115779,5633901,2474173,-
3471395881,3423516025,5634330,5142564,-
1074267969,566661008,5635151,2651508,-
1007424689,236550328,5636304,223891,-
1492249793,1322446416,5636534,948875,-
1587057181,1390535931,5636565,4159315,-
1338551288,1012500975,5637764,4325579,-
23462207714,23461594247,5641692,237525,-
2450392465,2355975279,5642605,4994691,-
2082679229,2001322923,5643083,1394407,-
2107052760,1955349679,5643484,5421925,-
1021367801,108159079,5644397,2648553,-
2530235225,2470285927,5645007,3230323,-
5810960689,5798516648,5647432,3938893,-
1217277925,869352899,5649475,3363707,-
2044917847,1897961383,5649588,5135430,-
1046470369,361987008,5649738,2987891,-
3426285523,3397030051,5650998,1156560,-
1591925282,1436838551,5651892,2625633,-
1006977176,33807039,5652559,617956,-
1348856232,912576511,5653477,5092558,-
4252610672,4228701711,5655292,4042333,-
3204861153,3171226015,5655901,1226651,-
2213527201,2141197544,5657639,1435876,-
2079971413,1964763251,5657905,4441681,-
1477468769,1165472223,5658253,4984091,-
5208447529,5195530918,5659098,2189277,-
2072238881,1972427784,5659276,3756487,-
1593044617,1442506846,5659938,1967139,-
1804368865,1622748152,5660512,4896247,-
3058898896,3021861279,5661143,381108,-
1206297457,261335336,5661224,5162563,-
2092068737,2009875368,5661344,1783585,-
1365728904,1038850207,5661545,4468892,-
6797684488,6787704591,5665265,4329426,-
1116160896,269776895,5667870,4290587,-
1397004490,1191683287,5668212,1167063,-
1336377537,1068541336,5668582,3402869,-
1705728048,1577915615,5668712,1105671,-
7138514001,7126843304,5669529,5229746,-
1149331873,740257880,5670496,2978137,-
1211462353,905512640,5671424,980293,-
1777784029,1658192363,5671487,2229547,-
1245603344,753651103,5671798,4655277,-
1304059913,1049825895,5672969,2233393,-
17462052874,17460906103,5675637,1833234,-
1392686369,1184744368,5676487,136164,-
16394103253,16392808035,5677237,1525311,-
1048181805,453775067,5677291,2096151,-
1339859608,1035748575,5678964,3992633,-
7040992261,7033260899,5679971,3221893,-
1095599473,552903848,5681105,3196450,-
2313551914,2246710039,5681955,746550,-
2473592129,2411564008,5683286,2861013,-
2800809778,2740156951,5685018,4331925,-
2967754699,2924834203,5685762,2919612,-
1424692681,1220995559,5686819,2249411,-
1748349561,1625496839,5687061,1340119,-
3505846945,3472825992,5687577,3554992,-
9499875681,9496007144,5687738,798483,-
1146556709,321626357,5688234,4545960,-
1018386337,193846081,5689134,1072182,-
2061967761,1943540440,5689520,4408171,-
1379614952,1064882511,5689919,4386322,-
1033631969,316552383,5691751,2192417,-
1125817615,671505247,5691954,2937792,-
9926774413,9923210845,5694846,1068936,-
8707111944,8701905263,5695147,3386328,-
9989594137,9986061351,5695251,1507951,-
1077752624,583928047,5695895,667674,-
3476613394,3420739783,5697048,5537397,-
1617654665,1413314777,5698932,4341414,-
1076321153,576670840,5699077,664338,-
1195523975,22363607,5699736,5055702,-
1437334101,1241508979,5699783,794377,-
2253488449,2166273023,5700911,3858527,-
1551814720,1350617439,5701920,3834521,-
1043795793,373358680,5702434,2295719,-
3510447584,3481603647,5702545,598196,-
1046556584,406804687,5705055,2104126,-
1023663937,184848176,5706197,1576106,-
1147393520,753219247,5707852,2160741,-
5022487848,5004678671,5708220,4095197,-
4601414021,4583078499,5709647,3140353,-
2495401633,2436052920,5710716,2087207,-
1153727873,778552248,5711035,155210,-
1663176145,1479808032,5711158,4148487,-
1172469227,817517291,5711244,1096536,-
1164678344,790616143,5711398,2155713,-
1194208113,635587096,5711990,4420463,-
1533907209,1360170727,5712215,2300431,-
1065727101,79477339,5712809,3468919,-
6302730368,6291531391,5712910,4042491,-
5364203723,5346422171,5712930,4642896,-
1082345089,582388383,5713649,1468953,-
1070099536,528978959,5713693,1844968,-
1274793413,990653731,5713947,2405315,-
2059735669,1929285493,5715072,4706244,-
1027323825,256719464,5715720,372653,-
1825724865,1642243912,5716472,4925777,-
3726291760,3700471599,5716830,83449,-
1217621672,242558911,5717163,5184722,-
1023538536,58957759,5717297,1378808,-
1023127200,66284959,5718020,1141033,-
1029271137,267900616,5718506,1159213,-
3706925641,3661495559,5721391,5282047,-
1023988249,29264158,5721633,1183686,-
1993554797,1891923051,5722123,2980597,-
1100662808,632541711,5722595,1675672,-
2246753601,2173542976,5723185,507100,-
14608008722,14606240951,5723271,2766936,-
1065384993,514301816,5723641,213060,-
1027309976,214759935,5724635,749174,-
1284622784,509173983,5725379,5497534,-
1885184185,1677924382,5725602,5478777,-
1056289585,469508737,5725854,644148,-
6258947017,6243594791,5727467,5186731,-
1804020161,1665760335,5730029,3616495,-
1482707939,1208111027,5730966,4520580,-
11840644681,11836691854,5731044,4914279,-
1762190433,1637706296,5732243,277470,-
3140484914,3102971303,5733549,2002248,-
1112943037,601250701,5733816,2993598,-
1026328225,28571552,5734018,426077,-
3001487133,2942042795,5734071,4714253,-
1534452329,1179979022,5734545,5459748,-
1142437757,742059403,5735873,402795,-
1198770053,796104435,5736077,3412159,-
3060914137,3019842903,5737735,2725257,-
1054543329,445568048,5738176,552183,-
2151099776,2069858415,5740220,92843,-
1141140849,736816072,5740576,135485,-
1091701985,598565752,5740851,824398,-
1028605201,95125345,5742474,355260,-
1777078645,1531815987,5743419,5521643,-
1444413865,1211540782,5743476,3482079,-
1439984021,1229412771,5743555,2506105,-
1200789649,534602912,5744260,4704533,-
2576479485,2519575067,5744393,2101959,-
3925514577,3901763936,5744539,1238988,-
1040596833,177582056,5746744,2350935,-
1849726189,1607171867,5747165,5741279,-
1106229193,459062710,5747493,3588222,-
1231141141,916869349,5749734,1239288,-
12721726160,12719378239,5750622,2606645,-
1364917168,819489455,5751112,5474981,-
6340267345,6331163377,5752542,1061994,-
1033115821,187630475,5752891,927235,-
14730766597,14727564323,5752915,5607653,-
12878309061,12876103219,5755327,621197,-
11035057344,11032046719,5758400,239455,-
1038378673,169116320,5759597,1945616,-
1179077578,805168375,5759631,2022228,-
1195157136,812738959,5759846,2889169,-
1127072961,467539760,5759850,3889547,-
2512356289,2442294672,5760442,3707445,-
1106540696,627639375,5760685,1588088,-
1173222721,784032944,5761244,2363953,-
1874138904,1747226047,5763836,3470705,-
1250835912,195930271,5764247,5392388,-
2518929199,2453091967,5765070,3282588,-
1979159105,1879730287,5769423,1284203,-
2535484169,2476193033,5769636,1723428,-
8701022177,8695857456,5769686,2830157,-
4889558256,4862320975,5770240,5374061,-
1881382377,1768963111,5770429,1971269,-
2510219642,2450072903,5771091,917640,-
3933118840,3908803359,5772855,1815544,-
1057321793,327974040,5776228,2406193,-
1829403149,1686771483,5776537,3806051,-
2481341240,2375359279,5777863,5251770,-
1202455752,163199231,5777947,4989462,-
1622698514,1467048887,5779011,383670,-
1143335033,722651030,5779041,1161174,-
2019936997,1921250691,5779783,2413929,-
1097159089,207390368,5780012,3740051,-
1056844721,254682160,5781238,2615745,-
2334629705,2263993142,5781243,1351638,-
4890343754,4874396663,5781732,2188977,-
1173345617,705911256,5784103,3466114,-
8091328891,8085076555,5784492,3219750,-
1138337208,705607231,5784608,1420975,-
1043029213,243006685,5785416,497688,-
29905703729,29905073104,5785940,4888845,-
1159461397,727835283,5786909,2681325,-
1072871401,158730695,5788505,3225407,-
1068048161,340749304,5789891,2723346,-
3120904937,3081865961,5791296,1132152,-
1177274482,723513751,5791797,3361434,-
123005087641,123005046790,5791956,5195925,-
2476893521,2373466464,5795678,5138009,-
1745435858,1600822535,5797068,3044091,-
1370366069,1118534947,5797413,2580775,-
1059920536,393091535,5797690,631903,-
1060209616,202469039,5797799,2704382,-
20028011609,20027064638,5800221,1664424,-
1610370487,1358074711,5800926,4818342,-
1077940559,78534047,5801328,3305250,-
1370008613,996477891,5803595,4599299,-
1048514385,254498464,5804135,1078778,-
9139721593,9130695831,5804415,5790889,-
1044765137,141351823,5805687,1102615,-
1571604433,1373079096,5807190,3532807,-
1260226841,952347974,5807721,381786,-
27323725072,27323131551,5808414,3717971,-
16305838025,16304199422,5808912,3601623,-
1104075789,589014427,5810795,1087841,-
2590867469,2532919963,5811681,696661,-
1106239896,525694639,5811929,2866466,-
1049790241,169865544,5812062,1818557,-
4969721809,4954231153,5812878,1252794,-
2427019277,2312421341,5813772,5299146,-
1927314497,1818579456,5813884,1204081,-
1690400689,1522332728,5814419,3552644,-
1059836738,134529863,5814555,2589720,-
1689684465,1543853807,5816133,496909,-
1494465504,1293711343,5816617,2296934,-
1148302569,595829783,5817007,3543381,-
1188643112,740229951,5817973,3363962,-
60188155713,60188019320,5818508,4281807,-
1206892512,687664351,5818582,4114307,-
1086382616,513604159,5819182,147189,-
13492851681,13490718800,5819786,2047155,-
1151358816,719280815,5819806,1623975,-
1250751240,676283279,5819887,4728930,-
1060519085,210330859,5820581,2443755,-
1987408737,1885331183,5821455,287027,-
1065061473,374050223,5821525,1642695,-
1047676305,58600792,5823061,12356,-
1084594186,284557159,5823126,3185799,-
1272926893,10653565,5824518,5494896,-
1052061225,142303319,5825411,1776585,-
1643524415,1457052047,5825952,3732462,-
1234461466,23845159,5826279,5195934,-
1146976981,678698675,5828239,2552255,-
1603571736,1312966319,5829607,5153142,-
2804440577,2751506016,5831398,2884133,-
3614364829,3582309997,5831880,3066402,-
1183770264,298694783,5833628,4666143,-
1125786569,415323878,5833932,3745521,-
1481572945,1043417592,5834917,5561964,-
11409767549,11406746299,5835215,2121255,-
4318474977,4296139376,5837194,3011187,-
1300721719,921716023,5837208,4002492,-
1480048928,1259231151,5838260,3023707,-
1081818016,291070095,5839730,2976081,-
1146719077,701170693,5839974,46110,-
1556686897,1376629416,5840216,479373,-
1461401217,1089193856,5840379,5079014,-
1216656545,860290687,5841123,643597,-
1117547399,605229527,5842386,1728540,-
1142888384,683973583,5843634,1612897,-
1416250181,1185278931,5846065,1652165,-
1382735777,1138204527,5846225,1004675,-
4406363025,4386201032,5847317,73512,-
1107081021,563373275,5848541,1684395,-
1054798064,31552543,5849719,1267536,-
1175154599,681174263,5849988,3412698,-
1932799072,1779168863,5850265,4519276,-
2332426313,2249896601,5850450,3365556,-
1220761073,52380840,5852963,5040604,-
3642628738,3612776215,5855199,1343292,-
1089460896,283604479,5855359,3120512,-
4846169261,4828541659,5856117,2798953,-
5895043969,5883433263,5857491,2357657,-
1069873864,5238863,5857666,2622209,-
10417977073,10411585823,5857855,5480645,-
2124419025,1935062927,5857863,5841721,-
1220380289,857021088,5858374,1786117,-
1659117792,1376574943,5859346,5284355,-
11501706746,11498385719,5861643,3421818,-
1160182408,724715855,5862143,511034,-
1576966705,1358567504,5862259,3907360,-
5254894640,5240587119,5863510,24311,-
1163029569,321752783,5864901,4345831,-
1200556912,812536287,5865735,1783900,-
1249039409,296505432,5866012,5213005,-
1108828225,424516392,5867477,3174558,-
2390092192,2318618351,5867573,1349008,-
2475871861,2370032819,5868187,5103787,-
4563169281,4544075984,5868872,1080321,-
9792279209,9788152313,5869224,366078,-
1197032767,60022591,5869356,4794108,-
1058763592,29513871,5869443,95932,-
1243026991,194386735,5869620,5191344,-
1313470282,910878871,5870268,4238553,-
1384043201,989996129,5870814,4712106,-
1533300149,1111786083,5873269,5679689,-
9862296504,9856823983,5874322,4486567,-
1166634801,416972864,5875894,4240287,-
12992940769,12990322448,5876044,3399817,-
1290850689,68019728,5876101,5563998,-
1174443257,57622358,5876397,4546500,-
1108044401,24538776,5877290,3595985,-
1294512193,183035520,5877361,5580636,-
1357860059,1082651003,5877786,2530434,-
1491342961,1285249295,5877845,672571,-
1736478744,1572645647,5878212,3515165,-
1213733649,329897128,5878306,4860457,-
2462986591,2352290479,5878596,5199918,-
1998332285,1779616507,5881047,5820401,-
20486349609,20484967463,5882451,4826629,-
1090987649,442459192,5884485,1894862,-
1169953216,734145279,5884581,1604062,-
181209090936,181209069839,5885058,5444623,-
1321210369,828325968,5886096,4815233,-
1436795861,860904869,5886096,5794902,-
1125668633,250986758,5886210,3807255,-
1664602225,1437597279,5886559,4581675,-
1460448792,1239625951,5887801,1700516,-
1122731629,241440443,5888603,3754751,-
1063638187,40112251,5889558,526128,-
1103354096,518752719,5890079,294542,-
1521541199,1062072047,5891430,5784726,-
1114437749,522704323,5892991,2437467,-
2819728113,2768127440,5894193,1097594,-
3152738456,3090961359,5894221,4947772,-
1162776034,206782903,5894487,4343952,-
1088225408,422839791,5894720,1545739,-
1558024931,1370519219,5895126,21972,-
1230326609,843789568,5895461,2705472,-
1093351969,459620648,5896643,983914,-
1230432009,643220567,5896745,4437189,-
1148708821,587598709,5897898,3184698,-
1108663361,73669384,5898408,3510479,-
1068416657,201189696,5899358,714313,-
1134745272,122485151,5899411,3968622,-
1091392753,425891160,5901022,1785969,-
1914611265,1776103144,5903350,3766123,-
1206095105,599047744,5903745,4244852,-
1074731747,112999091,5904636,2221962,-
4241874985,4219080359,5904895,1687169,-
1068255421,138446269,5905668,297576,-
1721738200,1538542287,5906253,3956752,-
1197245473,418198856,5906410,4543043,-
1257027681,899744959,5907337,2516399,-
1072508497,246872031,5908059,716167,-
1115306245,492968307,5908573,2642289,-
2226343729,2139918143,5908643,2031679,-
4980509249,4947811048,5909141,5883306,-
1534673449,1337918158,5909268,687009,-
1078905289,327326663,5909597,1041173,-
1504020321,1295540719,5910113,1664477,-
1193750049,759401608,5910713,2555368,-
1812269600,1591369807,5911827,5144636,-
23766337560,23765481599,5912801,3886260,-
2331638865,2254145912,5912866,3609,-
1282017569,912430128,5914052,3337927,-
1218481521,836163304,5914429,952552,-
8313259273,8307321190,5915361,1556124,-
9538321657,9533818791,5915899,1375167,-
1486742897,1272113103,5916131,1274195,-
1241139921,881713264,5916964,912901,-
1169062024,692845887,5917008,2505455,-
2515998288,2434547663,5917645,4057260,-
3876788171,3838349675,5919438,4700610,-
1111360738,40532935,5921703,3457686,-
1499687866,1289226295,5922108,503505,-
4042912840,4017173327,5924737,2164346,-
3535726293,3502502435,5926373,948927,-
7347730111,7338868495,5927496,3756270,-
1213251245,795434669,5930280,2601336,-
1318329305,179383742,5930799,5690034,-
11232155425,11228885384,5930870,203267,-
5406550433,5391680040,5931974,2808541,-
5607331425,5593954472,5932179,2125358,-
1194093922,753885463,5932518,2440485,-
2841345021,2757654955,5932705,5196163,-
1859477917,1730786667,5933085,1532105,-
3643953064,3603879743,5933462,4292107,-
4959977513,4943043950,5934732,1494081,-
3330271608,3292554031,5935033,323530,-
1472997049,1246609798,5935743,2040846,-
1275094975,104803519,5936640,5367252,-
1160156845,317530667,5937443,4114963,-
3182309216,3130003359,5937964,4229207,-
1510001253,1300261475,5939641,214911,-
6987876336,6979355519,5940456,1085599,-
3259889917,3216811611,5942033,3228609,-
2063822209,1943347112,5942110,3782149,-
41901672609,41901431552,5942745,2177092,-
4039783953,4008450760,5943904,4068469,-
10614581141,10609714339,5944047,4460731,-
4959122153,4942131350,5944842,722403,-
1077097186,4760839,5945001,819666,-
1248579496,741069455,5945105,4127638,-
1807966525,1643438859,5946065,3855669,-
1522760793,1308502615,5947099,2510029,-
1267974586,917766199,5947659,1941306,-
2594438249,2494643703,5947829,5119927,-
1653872721,1453281584,5948214,3772889,-
1105811169,252503048,5950846,3009741,-
3021031272,2973139951,5950987,2456488,-
1124240090,525531047,5953017,2112654,-
1175796113,717170520,5953066,929609,-
1120819841,378986319,5956909,3117151,-
1728297992,1548452463,5958364,3709355,-
1457868784,1221425903,5958952,1981237,-
1267914290,756578327,5959083,4307358,-
1461863480,1206319327,5959293,3219514,-
10594186909,10590438027,5960067,96625,-
1170756917,699420963,5960927,261235,-
1525846957,1046036653,5961420,5816952,-
1472086536,1244373295,5961529,589610,-
4543053093,4515722915,5961799,4523679,-
2989292649,2941213703,5962339,1456221,-
11605043025,11601865912,5963611,2072696,-
3042156112,2958505487,5964230,5614735,-
1594233745,1168547087,5964979,5873627,-
3706894003,3675924355,5965008,175446,-
1475798040,1248723007,5965024,1016879,-
1161444865,305389584,5965100,4061631,-
1772286705,1586814472,5967374,4172657,-
1427914664,1179329647,5967381,1332560,-
9001253000,8992930927,5967574,5237961,-
3350220595,3290946307,5968038,5129244,-
7248266801,7239676840,5968680,3019507,-
5791034266,5776572391,5971020,3663915,-
7990098192,7983409151,5971393,1711812,-
2647466589,2561357323,5973277,4679041,-
1086059208,167111951,5974388,1238685,-
1094712969,327442823,5974993,1226577,-
1285978113,116107711,5975273,5400055,-
1272923568,664448495,5975436,4715189,-
1102579857,361220456,5976334,2047689,-
1845626001,1702524904,5978974,2932663,-
9373689256,9368396159,5979608,3281761,-
1617345457,1434126888,5980845,1113256,-
1998065921,1884907144,5981119,677328,-
1226412161,282491184,5981563,4824902,-
1121486169,201286103,5982029,3322299,-
5289886561,5266976504,5982103,5018588,-
1361688865,875664272,5982589,4891238,-
4873703225,4855620569,5983302,1209930,-
1132215048,356610415,5984183,3334706,-
1357776992,962643103,5984791,4256220,-
1195431441,319268024,5984848,4451979,-
3048331570,2993811847,5984946,3805767,-
2526880928,2430066031,5985960,4729813,-
1124743496,509320719,5986316,1597661,-
2421988161,2295778144,5987057,5355256,-
1234227817,509261833,5987610,4637982,-
1177522505,511530569,5987964,3821280,-
3463302953,3411469406,5989035,4844538,-
20694068385,20693012927,5989089,2885399,-
4366284376,4342780799,5990561,2647916,-
8503935009,8497972687,5992895,1287899,-
1140874157,571178011,5993183,1707027,-
7066484833,7057852520,5994868,367913,-
1248730585,868467047,5995489,461891,-
11866997752,11862528671,5996206,4938157,-
1123024157,494358411,5997113,1191499,-
3852624097,3823219311,5998353,1479763,-
1500156769,953382488,5998999,5903188,-
1154917352,623927631,5999924,1132973,-
1426874785,1156642632,6000029,2802318,-
2304097269,2173945043,6001379,5070117,-
1384607361,531465535,6001445,5894371,-
12386355213,12381965195,6001449,5184719,-
1094622593,242835400,6001452,151711,-
1187169943,163439671,6001794,4389510,-
1102148093,143061915,6002467,2478763,-
1546488513,1314351416,6002524,3375825,-
4687273921,4667468840,6004466,343925,-
8747003949,8741332123,6005699,532847,-
1248153921,574234879,6006047,4615727,-
1951583281,1739092920,6006264,5433715,-
1138477577,554191961,6007476,1309074,-
3837337889,3781938408,6008936,5769977,-
1277506097,806723023,6009897,3997375,-
1370733393,559607768,6010215,5752970,-
1430040505,1173767062,6012867,641676,-
2798163208,2691346031,6014315,5766944,-
3953800393,3923730215,6017387,3066581,-
1106613616,265132991,6018470,2224405,-
6223023701,6211647379,6019009,1612599,-
1115657281,419957279,6021371,375781,-
1321186576,824311679,6022024,4556191,-
1304922737,455118328,6025770,5333807,-
1335786824,906264543,6026678,4229309,-
1104879889,283928928,6027022,1590441,-
1392963449,1007693078,6028083,4353276,-
1113464229,390471043,6028151,817879,-
2245434185,2154357687,6029473,957803,-
4733339856,4712898959,6030174,2600209,-
3564184808,3529127535,6030754,638729,-
4349368240,4311404367,6034562,5334207,-
3007876209,2948852648,6034641,3954682,-
1109594081,144827455,6035465,2452527,-
2099363186,1991082359,6036432,2366199,-
2534435872,2463388383,6040185,166312,-
1101597713,82713185,6040674,1475592,-
3355101777,3313820111,6040809,2595527,-
1282176013,913731435,6042259,1864587,-
2067895603,1866946051,6042282,5627040,-
1264031809,333026303,6042457,5048551,-
4206064993,4175864096,6044717,4001170,-
1768040369,1609741048,6046081,2095794,-
1131081089,477845872,6046380,1086433,-
2449349601,2307018976,6046880,5730935,-
1963807944,1785103247,6047037,4838300,-
1590658821,1387628515,6050713,1876775,-
5524985489,5510194032,6051640,1766101,-
1717720441,1548970441,6052500,1770450,-
1105718289,197532623,6052557,1210699,-
1629789149,1439945787,6053485,875381,-
1298484386,909116279,6053799,3120636,-
1797397733,1571815315,6054059,4907607,-
1831607395,1642100227,6055554,4391934,-
6052558381,6039481259,6055843,3072787,-
41945439517,41945099483,6056051,4604915,-
1259145013,637466195,6056221,4449611,-
1499839279,1191736447,6057114,4279200,-
1203211121,706525504,6057702,2555503,-
6760173504,6742274863,6058124,5759611,-
1262140243,799747315,6058626,3509346,-
1226280776,790734975,6061051,500110,-
1499368897,1263754976,6063313,961288,-
1289512117,925330931,6063689,451903,-
1125916321,421365599,6064031,728977,-
1248826586,836491415,6064179,1777170,-
1306063744,927613103,6064328,2964443,-
2342751698,2243722151,6064461,3806820,-
1118194448,322570671,6065696,1816165,-
1216944153,199426375,6065837,4581223,-
1274796621,894675371,6065965,1125045,-
1253685809,669709968,6066208,4215949,-
1478087712,1188166543,6067580,3743933,-
1605788833,1345464191,6067673,4323745,-
2198725153,2037584000,6068167,5341504,-
1192307489,693152928,6068999,1517048,-
1460365905,1105304552,6072048,4485349,-
1360676744,321713743,6073112,5792211,-
1125823485,403134059,6073683,878815,-
1313409488,285854815,6075276,5446631,-
1141228033,474477408,6076315,2009730,-
5943996533,5930694771,6077957,2546725,-
1390415217,720391448,6078717,5550020,-
17995274425,17993863702,6083139,1013832,-
2336162065,2170645352,6085003,5825284,-
1209131601,388360,6085924,4460635,-
1826507609,1677338873,6085938,1253718,-
2337838345,2250850007,6086027,1181273,-
1385027567,551267567,6086160,5781540,-
1833082769,1592235352,6087618,5232265,-
1136742929,431953073,6087798,1959654,-
1389487825,1088057439,6088995,2112479,-
1304164561,944411400,6090354,219385,-
1670930681,1483843145,6091080,2156802,-
1131225377,61490376,6091084,2901319,-
1275048865,740790744,6092061,4123090,-
2003639568,1868414095,6093251,3456304,-
1259239561,2858199,6094043,4985079,-
1113538433,63354160,6094566,957499,-
1347713185,236253984,6095395,5698242,-
1977856709,1788609173,6095538,5019276,-
1114325264,120744639,6097045,362930,-
1123235458,266941015,6097551,1992312,-
2821438321,2759359599,6098811,2857267,-
205782213489,205782202592,6099729,270890,-
1180913552,630596751,6100049,1840078,-
4129764041,4095260295,6100283,4373405,-
1115381713,115975201,6101550,511056,-
1249131536,663275359,6102684,4054489,-
1313479801,954699479,6102851,1718291,-
2586217569,2515027823,6104971,795063,-
25384614850,25383632887,6105447,4749048,-
10203672026,10199077895,6107907,2553720,-
1400770704,484531183,6108536,5937013,-
2060983296,1944490079,6108906,1753507,-
3043425837,2990656331,6109671,2627479,-
1159834729,549511177,6110670,81978,-
4263423031,4237530679,6111732,1686732,-
7248401001,7239399895,6114725,2087057,-
1118286401,36613944,6115151,469936,-
2588747889,2511438208,6117443,3222628,-
8375580792,8368886383,6118025,1608718,-
500927978842,500927976871,6119442,3003897,-
2932906973,2877517675,6119683,179481,-
3829125929,3792226838,6120192,3781431,-
1265853752,851452111,6121204,1636467,-
1377891592,1057016031,6121728,2352761,-
1858427689,1705429678,6121896,2707713,-
2528522225,2446294047,6121907,3322393,-
1360103189,1031151523,6121991,1967139,-
1368114193,45786720,6122037,5830892,-
5138370440,5118992607,6123778,3328957,-
1545855344,1214690703,6123982,4717679,-
2845214225,2784817169,6124260,2323164,-
2268655440,2139759247,6124477,4661888,-
1192772853,661888931,6124535,95691,-
3378584069,3336309413,6125106,2168586,-
1667996776,1459771679,6125129,3326896,-
3412796709,3362743843,6125249,4215367,-
19764796450,19763352247,6126018,4105299,-
6237406785,6215525672,6126344,5805903,-
1274451576,870863119,6126836,806557,-
1129030705,2589407,6127759,2325131,-
2688118184,2567207503,6127774,5752449,-
1184398120,115258767,6127992,3975427,-
1361489129,1036407063,6128111,667349,-
2167812505,2058651289,6129672,2673180,-
1136337024,377244623,6130034,1118817,-
2527494088,2374002831,6131528,6065085,-
1287822082,241015207,6133080,5156445,-
1158614585,344965479,6133645,3153337,-
1464340305,938857912,6134437,5471584,-
1162850728,205614191,6134485,3485428,-
6629095585,6618260312,6135581,1730074,-
1164138465,195484984,6136205,3513794,-
1218246205,698626587,6136389,2647421,-
2747016173,2682868875,6136621,797563,-
3621525248,3583454175,6138844,2806919,-
4592802432,4569159311,6142872,2834621,-
1791022405,1626667187,6143563,2011591,-
1152112145,441725112,6143822,2067689,-
1345540399,410913583,6144324,5539188,-
1357552378,1023555655,6144522,1423233,-
4104942737,4070709168,6144695,4128658,-
1865204673,1670177800,6144821,4484234,-
4213989285,4168006979,6145215,5619041,-
4973821249,4953814608,6146668,2677809,-
1407426889,1011770158,6146766,4244733,-
1867338545,1718241192,6148577,1743958,-
1294428849,901962248,6149889,1469114,-
11049756626,11043010919,6149934,5677329,-
1589689127,1371649223,6150414,1548150,-
2354357624,2259066303,6150712,3081137,-
2727604861,2651876125,6150930,3817254,-
5175085955,5154104147,6152874,3959268,-
2000488413,1837055435,6153693,4392431,-
1745865441,1434445264,6154264,5530313,-
2036101949,1911896333,6154782,2043816,-
2538538930,2461834279,6154785,1371762,-
57729632449,57729441008,6156364,4674769,-
7721209945,7713155559,6159069,437185,-
1301856017,912271128,6159916,1649675,-
1361034517,828702291,6160391,4756497,-
5267191960,5245126047,6160851,4438774,-
197015132120,197015119279,6161637,2709160,-
1567946669,1326520587,6163115,2969203,-
1876400600,1728413679,6163415,411734,-
1189502961,484956920,6163953,3346550,-
2888915057,2819187136,6164336,4015869,-
3063922213,3010381395,6165009,2468141,-
1297848176,3133759,6165468,5217617,-
1262479985,622915887,6165721,4246823,-
2785999658,2722467335,6166401,423966,-
1152535281,126631504,6166484,3018211,-
9649334625,9642394784,6166792,4706985,-
7097654962,7085806471,6166794,4298631,-
1175200049,560520688,6167347,674208,-
8689746609,8682790912,6169555,3347876,-
6386013481,6367769014,6169683,5279274,-
1193747121,421442144,6170826,3643649,-
1146652705,283513592,6171139,2424142,-
2798159233,2723764760,6173138,3973243,-
1132576609,50412632,6173612,393065,-
1251578579,597648083,6175224,4136976,-
1134400837,150462291,6177621,89407,-
1380209541,870705635,6177717,4758355,-
1171596154,529195063,6180369,992244,-
215102424576,215102413951,6181090,1972475,-
1227729776,663417039,6187072,3107507,-
1149070224,208690783,6187171,2555654,-
1433841968,734638095,6188323,5739052,-
20251053781,20249815669,6189102,2734386,-
1992197792,1852640191,6189624,2992561,-
1460311965,955510907,6189983,5273937,-
1137940149,142241603,6190091,1249791,-
4229722861,4185590379,6191763,5437603,-
2339343760,2198663247,6193709,5147136,-
3526651681,3459908744,6194311,5582552,-
1162313549,403113643,6194653,2382213,-
1186058089,545866678,6194856,2398233,-
1695109489,1494575568,6195378,2771153,-
1152134784,373838687,6195840,1362151,-
2880759721,2820306695,6195865,25441,-
1140639105,200400079,6196091,1200695,-
1719986320,1490678207,6196142,4168363,-
1781893208,1468519135,6196686,5646269,-
1254689073,73438448,6197280,4728115,-
1402639624,559711743,6197311,5770932,-
1952637901,1695865659,6197399,5749317,-
1291383481,44732919,6198103,5102199,-
1248341053,758156075,6198401,2405101,-
9274631065,9268710807,6200407,2642553,-
1196499841,232441344,6202416,3853151,-
1975617825,1831858592,6203082,3020291,-
3451561064,3409305439,6203815,1801020,-
7825358565,7817268019,6204125,1337239,-
3943112770,3910707559,6204255,2043558,-
2049165489,1924030448,6204543,537974,-
1219546128,316745503,6206780,4154615,-
1409808897,24131728,6207670,6024283,-
1186930826,38545415,6210849,3683490,-
11136343571,11132074979,6211146,3156348,-
1975867177,1839609166,6211212,81951,-
1144651288,119533071,6211313,1760070,-
1229601329,715344543,6211423,1452427,-
5141790912,5122943471,6212247,473966,-
5254193745,5229459592,6212699,4840684,-
1144085789,99265483,6213051,1592903,-
1408447349,177827093,6213102,6002526,-
1346890609,814675608,6213457,4505886,-
1402468105,412493607,6216027,5879989,-
5433982577,5416960216,6216428,1771197,-
1189403937,569463376,6216761,1438388,-
148253156088,148253123071,6217435,5111638,-
1956695872,1721825631,6219111,5463352,-
2416089917,2326528411,6219151,1969503,-
7263367777,7253770536,6220122,2115667,-
1307617605,42326467,6220237,5213443,-
1489614121,1207166014,6221679,2629788,-
1294115649,540704447,6221685,4754051,-
2474697969,2390236048,6221698,995057,-
1239053641,512618614,6223647,4043244,-
1940590624,1797256943,6225461,887624,-
1253866417,761357408,6225601,2295830,-
1173509026,284535079,6225948,3084381,-
1620166597,1394309221,6227106,2491302,-
123111761961,123111724535,6227679,3749005,-
1471507261,1078114619,6227909,4550437,-
1195941761,432326320,6229829,3333270,-
6735074137,6722593191,6230069,3706809,-
1160476561,357070064,6230122,1810103,-
1511501513,1248034406,6232800,627471,-
1415016520,804849519,6233865,5321114,-
1181249717,7577251,6235103,3420429,-
1264054397,400990541,6235776,4588374,-
1263462064,240708863,6238072,4701761,-
1564778097,1174201888,6238240,5140099,-
2838839248,2742296975,6238289,5217674,-
1152710776,254341695,6238968,510895,-
3747029105,3685697272,6240528,5657731,-
1242074687,609826703,6240882,3623700,-
1406799869,843365083,6240963,5082437,-
1218236576,659050879,6241228,1448097,-
3963644293,3931174741,6241566,646860,-
1717854609,1410897407,6246163,5213385,-
1174565249,432728752,6246177,2038120,-
11263700897,11259699583,6246387,488675,-
2892891425,2823741384,6247220,3620281,-
2688230377,2603753398,6247545,3980352,-
1178598056,482692431,6248740,515245,-
2371754770,2186310967,6248778,6079971,-
1161898481,26889520,6249373,2565000,-
1858793671,1697626135,6251970,1202784,-
1931693441,1657367215,6252181,5794575,-
3899306138,3863473655,6252918,3086469,-
1184515213,214578891,6254001,3325465,-
4003079649,3970985648,6254776,45321,-
2634729689,2558727783,6255079,1609307,-
2539130657,2403375328,6255686,5561085,-
1860544769,1691378488,6255871,2895204,-
1282006033,648053520,6255989,4172592,-
2314188689,2120569313,6256194,6034224,-
2530013325,2412889147,6256667,4978279,-
1154230889,46410062,6256764,1504815,-
1407653729,607269688,6257724,5667689,-
3403701161,3329272745,6257904,5619240,-
1183675425,479659264,6257978,1947715,-
3104304200,3010511647,6258404,5754231,-
1425999257,822752486,6258978,5331753,-
1498642392,1032713983,6259210,5197157,-
1542292505,1135904462,6260214,5082129,-
1320662408,586047775,6260946,4876621,-
11428876786,11424821575,6262347,2666160,-
1508680253,771555355,6262841,6156039,-
1660842752,1447055311,6263649,1858318,-
1404429840,1065761599,6264670,2096843,-
1896396545,1730657544,6264961,3129220,-
1183636245,456234499,6265501,2171375,-
1230005027,376306931,6266706,4036008,-
1229070048,679356175,6266894,903281,-
3120411923,3016797155,6267066,6100104,-
7429240609,7414985072,6267370,5339779,-
1319930663,793857911,6267810,3999852,-
3206373297,3155499248,6268796,164115,-
1244624001,725598304,6270512,208543,-
2843211581,2735690331,6273505,5568095,-
22293336501,22291649939,6275143,5571897,-
1358096945,485373759,6275785,5382517,-
1319210546,817742759,6276402,3747327,-
1620382101,1385702899,6277603,2526331,-
1182729967,436848703,6278334,2041140,-
1170755481,63020119,6279089,2658911,-
2689962309,2607385523,6279381,3679577,-
1361283973,968183845,6280182,2776914,-
22887296193,22885811000,6280309,5281542,-
1228206721,458773800,6280620,3761441,-
2050100905,1917158999,6280685,1927943,-
1173054881,11227584,6281831,2747548,-
1315394051,163246595,6281976,5169720,-
1445995874,1130715767,6282585,2110716,-
1325355493,10810035,6283941,5265631,-
1193190008,34878495,6283981,3435914,-
50119868737,50119534848,6284145,5561488,-
3678402401,3639164200,6285282,1974445,-
1408638349,1028951883,6286141,3465501,-
1951080832,1798662351,6286656,2607283,-
4538954401,4513433151,6286715,1594965,-
1281082305,603030352,6287669,4230106,-
1355841384,564736703,6287723,5231934,-
2173774877,2007025901,6287982,4997628,-
1396451752,1025792031,6289143,2984464,-
1292402913,840673456,6289210,460429,-
6461465984,6443879487,6289268,5014255,-
1162716928,160546431,6290209,1221360,-
1347445072,838548191,6290222,4131133,-
1399023320,741438927,6290404,5259059,-
1375475888,963268975,6291396,3450773,-
1326333717,914943043,6291995,331321,-
6841539553,6829401360,6292873,3397512,-
3745359569,3671252968,6294368,6210501,-
2650716977,2574008416,6294963,756376,-
1176893815,389083927,6295734,627822,-
4464279048,4437825151,6297010,85627,-
1560814693,963136275,6297699,6045697,-
2517227697,2399720416,6301697,4851706,-
1186024253,439144205,6301836,1596966,-
1188664641,382472080,6302635,2598742,-
3054433005,2996933659,6303925,97769,-
1293212645,659873427,6305083,4144519,-
1173077904,279222143,6305914,1833339,-
1189638994,430495303,6307221,2148624,-
1199500739,149895827,6309288,3426630,-
8959517005,8952929869,6309780,446352,-
3925784161,3877763904,6309847,4965684,-
1191855457,362080736,6311018,2774291,-
4256079568,4226470991,6311234,1832575,-
3108258869,3017860723,6311613,5562947,-
4243594069,4189776373,6311754,5985666,-
1394712704,446014687,6312688,5673735,-
1234172225,662453512,6313626,655531,-
1456663137,1138030168,6314470,2282669,-
1276769042,765420551,6315321,2548746,-
1190839481,428778679,6315327,2093663,-
1352360064,708069023,6317459,4787814,-
1226101648,614237631,6317532,2076175,-
1477883073,1178066840,6317556,215983,-
2195899571,2079691139,6317784,845046,-
1295605648,820664655,6318593,2302602,-
1197211091,91432355,6318720,3317394,-
1448997385,816885022,6319272,5481081,-
2180949112,2019379791,6319918,4828671,-
2092220245,1962691827,6322211,688149,-
11387532904,11382615743,6325756,4198991,-
1188852408,235893455,6325966,2847393,-
1172864626,222980839,6326319,854766,-
29900345041,29899424960,6326533,5424220,-
1208425001,312069929,6330132,3367584,-
4033434792,3989356591,6330844,4778683,-
3686351989,3622042083,6331263,5580019,-
1249883761,701624520,6331645,127704,-
5740436976,5724108799,6333889,582988,-
2695377120,2586962159,6334795,5066208,-
17870185896,17868267055,6335291,3882500,-
4626971279,4601589983,6336192,1751922,-
1173376785,106947632,6338636,175989,-
1363222847,125310863,6339330,5502024,-
2139992673,2008576111,6339563,3005975,-
37552193665,37551811224,6339835,1242426,-
1198198025,277307702,6340623,3014532,-
2456004272,2317896351,6340922,5223827,-
3012107729,2934332712,6341012,4595515,-
2310783729,2201463008,6342126,2683151,-
1643223547,1411819723,6345090,1194504,-
1258616752,719630303,6345272,483655,-
3585896337,3543338216,6346423,513498,-
1252685021,640631659,6347473,2986011,-
1906264913,1563732111,6348661,6201235,-
1947515621,1784786419,6351003,2935631,-
1412036033,985247800,6352047,3898496,-
3325121681,3274832784,6352363,1955468,-
1189079536,139856255,6352690,2657221,-
1469716408,1023844815,6353072,4662003,-
2201063632,1977860031,6353316,6001039,-
1484407001,603997049,6353682,6139518,-
1196404160,263280127,6354142,2829669,-
1356417281,951579264,6355048,1303871,-
1326823665,434483999,6358555,4988193,-
1182285517,259341771,6359013,773,-
2049181141,1910079891,6359175,927055,-
2315670360,2205943807,6359408,2622337,-
1353553715,929325827,6359598,2537976,-
1276377746,514338359,6359658,4187613,-
1904897041,1698254784,6360054,4409513,-
10878164009,10873214153,6360234,3309786,-
1284939137,776957896,6361562,1958853,-
1987639873,1703254175,6362353,5972887,-
1597272040,1326859647,6362844,3162079,-
1181632041,192958295,6364533,1163825,-
4562119105,4535495567,6366697,1759621,-
4380787440,4352052527,6367158,260281,-
2418583921,2298149760,6368687,4370430,-
5073715469,5051853163,6369937,2426943,-
4632664073,4602835310,6370104,4021641,-
1183087178,199070855,6371382,630849,-
1218100128,51377951,6373005,3543418,-
1889345536,1676954639,6373402,4410383,-
1329560305,645815192,6374488,4553251,-
1425718727,1076171543,6374760,704718,-
1279064563,761064595,6374982,551394,-
1219138032,530170591,6376322,1776061,-
1183623605,136918709,6376908,1190640,-
1204496896,447601119,6377228,1401081,-
1423438241,997976280,6377392,3919705,-
1321813019,773766587,6377490,3722178,-
1957438712,1801157311,6379953,154564,-
2767092969,2692880183,6382117,762999,-
1345356400,712582367,6382204,4511047,-
2417102465,2316910792,6389082,2059387,-
1573513169,1306120968,6389542,991879,-
8454655920,8446093439,6391854,3584645,-
11244889937,11240486561,6392352,365478,-
1512868898,1214110631,6394449,1006530,-
1569488152,999072591,6397362,5878207,-
1196913216,32766719,6397586,2506533,-
1694590090,1378465207,6398406,4888059,-
1812010000,1622752719,6398625,36298,-
3670054609,3627798984,6398855,1835730,-
3908130211,3871140211,6401130,88260,-
1651602059,1413704843,6401172,972852,-
2025030353,1878147000,6401287,393086,-
4692692577,4657068056,6406746,5050963,-
2225234136,2104405759,6408347,1888394,-
4250474145,4196778472,6411239,5866112,-
1444806097,1059233736,6412089,3421918,-
1690843018,1205268295,6412092,6108963,-
1427507482,1040548423,6413532,3082995,-
1285279489,695878832,6414043,3111550,-
2305613177,2194091486,6414507,967176,-
1443769313,852486960,6415342,5136499,-
2060425369,1846562878,6416124,5243853,-
1283799901,739467899,6417739,1972387,-
6509683048,6483802335,6418214,6304893,-
1544055545,1227580742,6418851,3400488,-
1339139599,821693023,6420144,3486366,-
1238660641,565429800,6420925,2112294,-
1272425313,65047040,6421139,4355478,-
1231823105,551818872,6421183,1019096,-
16791967680,16789182047,6421789,5059566,-
1490867633,1131909640,6421971,3571072,-
1332341840,871469647,6423487,932202,-
1853330087,1472900087,6425850,6187260,-
1195896049,79744112,6427790,1290383,-
1359461641,201057399,6431113,5307891,-
1287233489,748453672,6433794,666695,-
6179295769,6164095417,6434142,2192970,-
1474016976,114856351,6434345,6209900,-
1197771560,81671599,6436032,1192475,-
1777909873,1564362416,6438730,2921519,-
17724867073,17723042720,6439288,64897,-
1388669881,776657614,6439977,4703454,-
1612879154,1180436327,6441354,5366415,-
1248144490,520332247,6442227,3001134,-
2836335505,2762934384,6445065,867358,-
3167252690,3101371799,6445455,3832776,-
1791527208,1583287391,6445880,2719527,-
1294881547,422901211,6445908,4383258,-
2238542353,2088841825,6446094,4405704,-
3317226625,3225696399,6449815,5895957,-
1798917922,1544065543,6452277,4491600,-
1826138977,1438694856,6452398,6093357,-
1202466705,94107512,6453129,1388386,-
1904134232,1729060303,6453555,26764,-
5093135354,5052953063,6454167,6080694,-
1659079152,1201826431,6454843,5752214,-
1246081337,582494311,6455103,979877,-
1307689569,793501672,6455420,67241,-
1360990944,835688527,6455950,3761407,-
1202620512,96872111,6456804,771173,-
2745197641,2637632665,6457242,4947720,-
1640010448,1045373871,6458046,6253415,-
5472595033,5438323815,6458481,6027661,-
2008194121,1850514519,6458723,2157663,-
1231812589,498925453,6462918,696198,-
3175609200,3082953887,6463529,5590536,-
3288894448,3181695695,6463582,6345311,-
1640970445,1387330717,6464598,1205556,-
1472518173,1130561515,6465721,591763,-
1448416655,151393247,6466758,5988804,-
9139942082,9128016263,6466869,5929260,-
1212180266,107126615,6467565,2344758,-
1289121409,72503423,6467713,4449793,-
1442559802,564507031,6469998,5718957,-
36918777385,36918341497,6470802,2322912,-
1994416600,1829363039,6471385,2750828,-
40806956905,40806463102,6471963,5166246,-
1774503869,1564914317,6472656,471930,-
1692015293,1268104075,6473171,5691207,-
3571573781,3516816339,6473741,4186291,-
1857923025,1597933784,6474090,4899833,-
1253993729,207720792,6474725,3786118,-
1329093521,222414984,6475478,4904393,-
1228730257,39061208,6476215,3129946,-
1260824040,196636127,6476291,3925854,-
1243912705,380174064,6477697,3231840,-
1476475637,262662341,6480234,6157056,-
1280578241,343728879,6480361,4147139,-
1512961808,1096674255,6480397,4417072,-
2035456033,1830336056,6481042,4813565,-
4059509105,3989720992,6483198,6348719,-
1333584529,167810192,6483568,4949035,-
1442335281,1072105144,6483688,1008883,-
1259097777,114787768,6483724,3882925,-
1504649361,1178053024,6483977,1417898,-
3248753469,3139972283,6484679,6286689,-
1209531136,38419199,6485132,901247,-
1388161769,96129367,6485569,5484555,-
1460172601,178182334,6486267,6047532,-
2596044720,2504811887,6486504,1788373,-
1443231049,652739223,6487503,5561443,-
1824415505,1625832072,6488408,1267253,-
3798455128,3755429055,6488463,2881448,-
1946613368,1727467743,6491005,4595750,-
1386923592,956365391,6491969,2025894,-
2062047185,1896458752,6492276,3614011,-
1763656704,1479865727,6493980,4647329,-
1316346017,276612016,6494493,4682486,-
13185456737,13181960008,6494889,2573260,-
13369408089,13365752743,6498509,3642943,-
1251273624,559008143,6499412,62397,-
1228919120,349249647,6500501,2295232,-
1696395441,1265142319,6501547,5719453,-
4284924193,4250372271,6502575,3162131,-
1715217842,1480897991,6502746,1793463,-
1214399048,124384735,6503357,724698,-
1839970689,1603689088,6505247,4209436,-
3851595289,3785391527,6505895,5764837,-
5617631025,5592185519,6506373,4961645,-
1215383008,108641135,6507029,1053428,-
1684779009,1358240408,6507082,4689573,-
1658148737,1121176096,6507088,6069153,-
1334190128,820200511,6507430,2339019,-
14501141433,14498290471,6508057,1435325,-
7682606913,7671787360,6508529,3300352,-
1341986779,569390203,6509142,4572402,-
1874337864,1599434063,6509688,5138963,-
3622091873,3574612600,6509936,2636649,-
1528713113,1209947815,6510777,1438747,-
7419905405,7408920027,6512989,1874299,-
1216953936,139362319,6513166,260687,-
1222958385,239330392,6513229,1991896,-
1750157173,1333800755,6513343,5871127,-
4915018361,4890026270,6515145,727746,-
1293754977,577517816,6515362,3615507,-
2117393493,1972619251,6515645,1961653,-
2505611069,2403377323,6517843,2564577,-
1462517832,1097701871,6518411,682152,-
4246633329,4200710968,6520162,5050031,-
1365426787,685427251,6520374,4516524,-
1772100754,1397811607,6520719,5659500,-
5178650193,5153843960,6521606,3649191,-
1454934221,24163915,6521613,5970755,-
1226409289,319692022,6524283,487890,-
5710836200,5687504799,6524710,4633901,-
1360661120,480346239,6525872,4938145,-
1564848141,776772859,6526573,6273343,-
1248515965,503264459,6526717,1424695,-
2836487857,2747085471,6526747,4075857,-
2815094273,2662670335,6526821,6340691,-
1528359105,507401359,6527633,6347965,-
7059703041,7047534160,6528283,126710,-
2926178227,2853612163,6529950,316716,-
4482977201,4452314224,6530546,2037633,-
2538954952,2439155711,6531007,2445532,-
1611889537,1296718256,6532219,3697298,-
99022744481,99022682344,6532323,1627598,-
1505029991,116913335,6535344,6307950,-
1881711893,1644448435,6536073,4446439,-
1410516817,698421231,6536403,5030189,-
1289867765,205746819,6536839,4200925,-
1359574448,684820815,6537794,4370881,-
1524869016,784488239,6538427,5928384,-
7230273696,7216032815,6538680,4475141,-
1701419234,1454352359,6538785,2143350,-
1423903293,428539931,6539505,5594239,-
1570527985,1241384799,6540645,3380849,-
3119006961,3028461304,6542819,5205044,-
1233659681,350308384,6543357,1081766,-
1266121921,302725584,6544203,3599218,-
1411683325,609829117,6545496,5234772,-
1760621767,1535379991,6546234,1136604,-
6314749985,6299357352,6546691,129422,-
1459868609,1061170193,6546792,2984226,-
1469525129,885725918,6546966,5032419,-
1393545697,918605016,6547188,3110473,-
2983197769,2912635223,6547411,1186543,-
1229712456,275578559,6548203,410478,-
2809581024,2662628623,6548786,6183439,-
1412440544,945085183,6549631,3398868,-
1355056474,136661143,6550089,5039232,-
26283166685,26281676717,6552372,5939322,-
2426055640,2312326847,6553259,2904614,-
1235831025,323744552,6554654,1663887,-
1228084595,140097347,6555402,1285788,-
1238203077,371059123,6555475,828673,-
1426802645,578230229,6555480,5422416,-
2831824449,2733822832,6557425,4548572,-
1359469288,21053375,6557803,5074502,-
7979276721,7969567544,6560301,417232,-
1663924512,1263120943,6561467,5212100,-
1892366489,1507261358,6561468,6222147,-
1263031809,543888688,6561824,308353,-
1263379181,541476379,6565133,496497,-
2328826201,2169081430,6566160,4877643,-
1385498866,684561991,6566295,4680210,-
1384730321,646256184,6566777,4788398,-
1861196777,1661244902,6567900,1168215,-
1767824160,1416272159,6568170,5355917,-
1866556737,1664351696,6568497,2364884,-
1319157289,736658103,6569067,2408617,-
3251225313,3189029360,6569522,2914611,-
1336580993,138085600,6569984,4779681,-
1297212617,415493431,6569989,3968271,-
1235806696,277853135,6571891,857600,-
1384932209,876357007,6574863,3271705,-
1259840953,482359078,6576090,2038305,-
6326024561,6310397359,6577301,135693,-
1357798065,839877352,6578056,2490131,-
2342531917,2169415691,6578639,5270201,-
1328288657,772304016,6579056,1751957,-
2884300144,2806954047,6579765,1476838,-
1238341089,127544552,6580830,2150387,-
1298270289,551236952,6582565,3459516,-
1311058021,706174019,6582751,2205743,-
2019959003,1682922971,6584952,6319860,-
4534028577,4492248776,6585159,5092444,-
1534789303,1200634711,6585894,1344630,-
4770830698,4734962791,6587250,4838169,-
2142184858,1995182791,6587298,1506495,-
1312946232,570590351,6587837,3732072,-
1577087601,1254130424,6588028,2852931,-
7605616568,7586156175,6588163,6207244,-
1930182185,1720258039,6588429,3834335,-
1340663240,776678319,6590560,2717339,-
2581662032,2439749743,6590613,5314480,-
1545156433,1196553680,6592144,3058139,-
1565303157,743094083,6592447,6260475,-
1300690607,677082191,6593334,728766,-
1558066193,930469985,6594444,5740134,-
8704753514,8696394503,6595134,1593471,-
1276851333,326444131,6595583,3525745,-
3347432369,3257170728,6597569,5703866,-
3055403273,2922140295,6598547,6398363,-
1237769328,46048415,6598938,225811,-
2581943857,2388969576,6599024,6403827,-
3716472277,3669316691,6599239,2390881,-
1271574773,513172995,6599243,2219489,-
4254270161,4218967759,6599391,1428127,-
1469843849,200786798,6601491,5967594,-
1251187057,389757968,6601610,632687,-
2365063673,2241320486,6603510,2873937,-
3845853816,3783292799,6603643,5366442,-
6982595594,6969363623,6604782,2316489,-
1495114409,849581993,6604884,5360688,-
1764535489,1529925648,6605963,1714314,-
1291223256,201551119,6606001,3936922,-
1583583745,1146501104,6606145,4863788,-
2671365329,2579164648,6606587,1103316,-
1258982817,429542816,6606782,1821027,-
19505522449,19503849488,6608542,1193897,-
8067365213,8055835611,6609365,4292939,-
6685851301,6671579699,6610589,540487,-
1414153601,901861279,6611371,3682779,-
2112063689,1957659302,6611535,1689912,-
4099670232,4061374943,6612210,1085059,-
57610322856,57610097039,6615741,4271084,-
1405996641,719546960,6616169,4706640,-
4253057192,4216436991,6616408,2707519,-
1648864514,1342237367,6616728,3487305,-
1893577245,1693218187,6617017,2063243,-
1915624241,1697528095,6619017,3845005,-
1314257384,636731967,6619985,3091736,-
1365613304,763295023,6620004,3670139,-
13796517729,13793150152,6621203,860950,-
1339748170,587566807,6622158,4086291,-
1275174613,531594915,6622343,60333,-
1626105853,1304688395,6623671,3523219,-
5745613617,5725039423,6624281,3199195,-
1291190824,605356383,6625251,1425034,-
1314058898,237347255,6626214,4255293,-
2610780609,2456109359,6626985,5693005,-
1731510817,1483117688,6627220,198023,-
1449082017,1030304696,6627491,2110914,-
1748954072,1458168943,6628750,4224777,-
1288774400,532610847,6629111,2763412,-
1272081425,493968832,6629262,1602281,-
1519941613,943850475,6630939,5210821,-
1298745345,601514207,6632037,2489669,-
1593494017,1277157456,6632742,2292443,-
5147658205,5121679547,6632969,3303529,-
1753948833,1510140511,6636125,1879003,-
1458308768,796556175,6636346,5061457,-
28783563977,28782564518,6636501,4830030,-
2653846093,2516225355,6640541,5343117,-
1315136481,668540144,6640668,2362697,-
1632084192,1101958591,6640796,5711887,-
3094174377,3024804743,6641715,1215107,-
1261254323,168867155,6642234,2723646,-
1589890592,1147368783,6642625,4867682,-
1468262552,111716511,6645079,5902792,-
3535861168,3483060543,6645585,850420,-
1453137161,17670615,6646847,5780525,-
3109923985,3021381824,6648149,4827560,-
1317504913,449973296,6648280,3945109,-
2290135237,2149820773,6648834,3316410,-
1520698257,1147919288,6648956,2653995,-
1396635849,916203703,6649009,919259,-
2551472833,2445093920,6651158,2435339,-
1375055829,649164947,6651305,4383423,-
9229577429,9216004483,6652519,6228453,-
4064783032,4016181183,6653346,4529195,-
44469544833,44469211480,6654139,2034694,-
1486627609,963216598,6654789,4555344,-
468233177640,468233174639,6656853,1784260,-
1363523281,462752895,6656923,4661505,-
4841980537,4813099798,6657888,2714445,-
3276810141,3211683995,6659475,3077117,-
1620598824,1317918863,6659517,733328,-
1291762505,570712807,6660749,1069203,-
1257281585,264866032,6661042,688287,-
1741389665,1466251872,6663202,3540691,-
3027831538,2953191415,6665427,2316978,-
2399015216,2275234591,6665460,2722295,-
1277372769,462732608,6666562,1778259,-
3969104377,3926852806,6666984,170979,-
16447720898,16444464455,6667416,5080347,-
72579048800,72578918479,6668525,3008916,-
6656943928,6641772575,6668638,2427277,-
1776792641,1521066400,6668980,3253617,-
1712731521,1237887640,6669215,5822084,-
1256984897,169209016,6669297,1290944,-
1413351489,944252608,6671758,121387,-
2216280792,1965383711,6672212,6019017,-
1492408097,1041821176,6672441,3811588,-
3122001976,3051849519,6672618,2194361,-
1282933633,495021471,6672851,1663245,-
1754035954,1468192327,6672885,3972504,-
1429181328,978171551,6673132,721815,-
1560794496,1159772015,6674487,4006430,-
3516652577,3462066376,6674691,1735342,-
1580196705,1251466064,6675479,283860,-
5463160499,5439731843,6679038,3152496,-
1259015473,74942600,6681178,1282591,-
1486616401,626367839,6681403,5688199,-
1536094066,1177121479,6681963,291456,-
2818440953,2671144135,6682161,6046013,-
1333384969,720986103,6683067,1010863,-
4662945842,4630495271,6685056,3199821,-
1420674072,948261983,6686250,2002141,-
4576328797,4543541293,6686586,2607660,-
1586774457,476544871,6687067,6591263,-
1461346285,1037533117,6688098,1320792,-
2189729809,1979769312,6689060,5211957,-
1286840321,415685224,6690431,2729448,-
1279810657,79189856,6691411,3087962,-
1575346321,187474760,6692662,6599305,-
1263068889,76842103,6693047,1671937,-
1294377297,540335608,6694363,1259840,-
1906952328,1658411215,6694541,4370452,-
1677441813,1325341091,6696845,4417143,-
1648616512,1344498911,6699139,2455222,-
11190435793,11184898400,6702277,2799164,-
15165712737,15162778888,6703021,1510450,-
3822577568,3732200815,6703356,6558059,-
2671286210,2573264087,6703791,1276512,-
4882900961,4854045999,6704489,2364389,-
1970125841,1559985504,6704779,6540224,-
1638054501,1276832515,6706999,4127015,-
1678435001,1014882569,6707592,6381894,-
2032737117,1710235723,6708131,6086225,-
2039799249,1825212848,6708869,4417584,-
1312448135,85691687,6709662,3908334,-
2550960064,2430363407,6710068,3840355,-
1319141256,64156495,6710227,4045220,-
1286427233,313436440,6711644,2881623,-
3119965825,3047243809,6713070,2570694,-
2545542373,2408677861,6714684,4698240,-
1621764449,1306567968,6716311,632476,-
1321064969,178177838,6716346,4034829,-
1580184865,307560817,6716412,6586218,-
1481533633,787536360,6716602,5194869,-
1470699825,833215552,6716959,4879754,-
1530963597,1157312171,6717963,1100701,-
1364360225,794658784,6718480,831417,-
1311018689,377963064,6718790,3565045,-
2344567969,2209481328,6719651,2816946,-
1387747121,79544479,6719781,5016049,-
2704485648,2525672015,6720078,6354559,-
2398301505,2248918367,6720231,4417777,-
1586621320,622669647,6720897,6432742,-
1327198273,617135720,6723029,2780834,-
3151683949,3080831963,6724453,2102519,-
1371215077,810713221,6724998,57654,-
1748777441,1482911679,6725671,2530657,-
9592094417,9584386576,6726206,2981511,-
1282111082,210786263,6726480,2672631,-
14535790848,14530318415,6726591,6138854,-
4541443849,4507768153,6727626,2106456,-
2534242744,2423105183,6727661,647578,-
4415021057,4379065503,6728485,2447861,-
1537310257,1108282016,6728627,3860428,-
1832901448,1557557135,6729553,4256234,-
2822083105,2681649024,6730695,5809168,-
1330381368,573299135,6731074,3263829,-
1384715671,619867879,6732804,4362102,-
1287392041,425058454,6734451,371622,-
8819502761,8805850670,6734970,5789253,-
4931779387,4900944091,6735306,3652662,-
2511431869,2395223437,6735420,2524878,-
2638032993,2535216976,6735785,1529572,-
29608346977,29607563903,6736405,604379,-
1816422842,1578587591,6736461,326076,-
4802101352,4745408271,6737807,6527042,-
3252619584,3161368927,6738758,5239325,-
1450040677,22497541,6739242,5603814,-
1836272177,1536490488,6741235,4726784,-
1311227537,572881912,6741525,964460,-
7460201365,7447804787,6742177,300271,-
2644678089,2541587063,6742673,1898379,-
3452587357,3389677357,6743010,3449760,-
1475157521,433530120,6743962,5706025,-
1326757537,59440256,6745177,4035644,-
1292681077,334186261,6746046,2681442,-
1436079329,753019968,6747142,4636787,-
1341084509,320458603,6747977,4181037,-
1306523229,136157243,6750793,3504279,-
1439526129,967561183,6751013,455377,-
2302919280,2164158287,6751059,603316,-
2049406801,1867002360,6751450,2168601,-
2554274921,2443368199,6751577,25167,-
1276184944,46603103,6751961,29564,-
1399273584,775949023,6752711,3728492,-
1504781416,986015,6752840,6036631,-
3281076257,3190975416,6753112,5234887,-
1523720997,429497411,6753123,6093451,-
1367466369,695051168,6753498,3446459,-
1581168379,1231241467,6753540,1581876,-
1297257784,467394063,6754077,493352,-
1794760853,1546556035,6754797,718783,-
1650515777,762711928,6754929,6662720,-
1596240056,856260799,6755564,6068943,-
1798680128,1550590575,6757333,1569628,-
1718161640,1338162127,6757409,4930278,-
2258434289,2036372248,6757974,5607857,-
1317239167,574254031,6759252,1724778,-
1521079073,258952840,6759522,6132413,-
1766965704,1497534863,6759791,2896254,-
9631502736,9618449935,6762595,6260504,-
1284917008,281676815,6763313,1608674,-
2253017017,2106255767,6763355,527525,-
3329310641,3264240641,6764430,2300400,-
1425507377,709158888,6765134,4594145,-
3338847225,3274982807,6765639,383761,-
5093176021,5064819109,6765918,3153672,-
1280335944,142883743,6766138,381139,-
1427731033,916982185,6766854,2553372,-
5814792865,5793505992,6766876,2717913,-
4022477554,3965370583,6767301,5020974,-
12569525827,12565070611,6768408,1870854,-
1484753882,862440791,6768579,4804314,-
1321833105,588379759,6769031,1591745,-
1639502057,1320120326,6770214,1525107,-
8939491352,8926939983,6770944,5481875,-
1385016433,788402720,6773366,2805457,-
1421217385,905990182,6777357,2036622,-
1300784901,282360019,6779041,2856421,-
6106103393,6080293121,6779910,5253642,-
3267438833,3188238175,6781817,4356861,-
1642709833,871728910,6783084,6376743,-
9787455205,9777290307,6783549,5319397,-
1557633432,900945311,6783571,5522778,-
2156921021,1989090749,6784896,2599404,-
3034629785,2945595449,6785226,4048590,-
1358054081,175173264,6788218,4403317,-
1622008989,1156880603,6788613,4939253,-
1420850146,516144919,6789294,4962021,-
1287462248,150727855,6791526,1329127,-
2946296624,2852093727,6792280,3965111,-
4163479448,4121806975,6793638,1979579,-
1741008128,1407595695,6795928,4341467,-
1527967279,878011183,6796332,5245224,-
36731001761,36730443600,6798247,3331520,-
4705855041,4672945984,6798293,2433602,-
1555623473,211826991,6798869,6342595,-
2615156954,2505519863,6798879,2107416,-
2609282360,2460178239,6799372,5211055,-
1599593561,558750230,6799947,6495720,-
1642954765,1032610477,6802314,5876718,-
2481171059,2295093107,6803160,5683188,-
1384503545,754667417,6804654,2991522,-
1734358973,1417596955,6805077,3867149,-
1401222011,742152011,6807000,3739110,-
2945256601,2860290359,6807763,435187,-
2596124209,2416626008,6808543,5928502,-
1420574553,872079175,6808927,2712587,-
2387850160,2245017167,6809197,3501196,-
34402715285,34401690627,6809579,6210713,-
1843902141,1602836939,6810391,630861,-
4616593408,4582181775,6812369,2343114,-
2668914808,2559837071,6813490,3007343,-
24594063969,24592872248,6813719,1623792,-
1721754016,1406843391,6815400,3567745,-
1293618929,187428288,6815837,557128,-
1330187841,579447584,6816527,530076,-
1776451873,1286913216,6820217,6017400,-
1694947976,1334453295,6820475,4258832,-
1293944627,95614211,6821112,931614,-
1311244865,390975327,6821209,2336497,-
2334792720,2084153839,6821975,6232346,-
4867594453,4817798195,6822193,6047201,-
2320898993,2169142560,6822224,3371821,-
5234438321,5199178080,6823460,5163859,-
1543607937,1074457312,6823585,4052180,-
2804282845,2684805037,6824994,4799424,-
4912164369,4869507808,6825206,5463593,-
2824609487,2729361263,6826410,2382678,-
1486537080,505276847,6827022,5600231,-
1437481760,843796047,6827437,3745064,-
1496630613,1038668675,6827527,2768997,-
4133120376,4087176719,6828067,3527244,-
2177451449,2012153318,6830574,774561,-
1342276703,39419135,6830574,3942018,-
2104512697,1891719838,6831045,4396632,-
3861070653,3811298155,6831179,2109719,-
1473802048,1007699295,6831271,683316,-
1461732065,439011232,6832307,5414622,-
1485721265,916344384,6832850,4263233,-
1412816377,571689238,6834090,4610559,-
3035406881,2946870040,6835340,3730311,-
1356523797,192397891,6835721,4181333,-
1403234001,805159904,6836997,2736028,-
1553597192,1004799471,6837392,4842379,-
1577064961,1065928584,6838596,4784833,-
1428872285,847539867,6839771,3308971,-
1349895105,645801224,6841135,586824,-
1432417297,758185688,6841390,4204649,-
4207906145,4160475312,6841586,4162771,-
2045141696,1828517679,6842548,3969403,-
1725294047,1296521951,6842724,5257056,-
16837154528,16834559631,6842863,1933670,-
1304617609,109553113,6842946,2269176,-
1957958776,1522313679,6845824,6497037,-
1598425608,1232337935,6846371,1979796,-
1300402469,33772707,6847477,850645,-
2066871973,1860955475,6847931,3691769,-
13950006245,13946237107,6848547,265993,-
1309208089,257555902,6849537,2253870,-
15267504301,15261430619,6850121,6723637,-
7595412689,7582662447,6850969,402625,-
1302574336,190314095,6851050,580297,-
1302499128,171778751,6851170,1087851,-
1899849778,1666213351,6851601,2294970,-
2391919425,2255823247,6852433,912029,-
1557471794,567226247,6853755,6104784,-
2456564440,2309135967,6856044,4170727,-
1329724872,474946463,6856210,2420499,-
5643931185,5620606024,6856220,1781299,-
1344164865,396942392,6856658,3532827,-
1408471129,834331897,6858030,1060014,-
1856210337,1392459968,6858915,6205094,-
1316218645,245183509,6859260,2683656,-
1316516792,398905231,6862628,758589,-
2761673185,2645064552,6862899,4289786,-
1964392057,1720676638,6863940,4038933,-
1511744193,609234440,6864879,5634424,-
1838218936,1585747679,6865277,1256074,-
1371977189,711212547,6866245,519667,-
4566522761,4530673399,6867641,902883,-
5809260737,5784804016,6867759,3940108,-
1936405429,1693680003,6868241,3648501,-
1310477061,291679939,6868421,694379,-
1912315672,1682899391,6869099,895126,-
1689632273,1207809280,6869652,5374901,-
1634117625,1287633847,6869741,1114123,-
1758088145,1086550752,6869744,6622981,-
1380981665,218159232,6870496,4458407,-
1361035048,399761775,6871942,3882633,-
1414312053,797940035,6872527,3081237,-
28038037537,28037056416,6872838,3014333,-
1335259969,174618527,6873775,3457399,-
3969523345,3908085872,6873847,5003942,-
2226711943,2025067735,6875832,4730754,-
7638069720,7620348127,6877142,5411581,-
2165668529,1970898168,6877441,4031642,-
1697854945,1379577672,6877623,2365588,-
1785814089,1493207143,6877679,3365671,-
1308446098,458071,6879654,275835,-
1405273073,810059585,6879846,1339512,-
1656133681,647864504,6880141,6712136,-
1453720552,939596063,6880265,1149884,-
3752544513,3682548160,6880741,5069834,-
1385312472,561736847,6880780,3934845,-
1422716393,577473590,6880998,4593789,-
9690199615,9677142847,6881136,6150612,-
17742171792,17739739631,6881833,2705418,-
1683100769,1321138408,6883202,3839379,-
1340828433,190163816,6884661,3540160,-
11530454424,11524756063,6884692,2236697,-
1694427703,1212536455,6885012,5375598,-
1478926010,995496599,6885843,388170,-
2518204689,2365501583,6885937,4690767,-
1581832624,1195120143,6888048,161693,-
1412140849,826451768,6888397,376688,-
1488949465,993163607,6892873,2828039,-
1338516992,206635551,6893788,3381449,-
1467049832,924931903,6894486,3213835,-
2368786609,2064908928,6894573,6870016,-
32632713073,32631603296,6894929,5987470,-
2158067184,1961922127,6895444,3928685,-
1645462833,1092072056,6895455,5465006,-
1386744977,5105448,6895723,4487980,-
1317719960,234040927,6896232,1916327,-
1436334377,451506471,6896489,4967879,-
3241275504,3129059263,6896527,5827924,-
1607365624,1162196063,6896803,4231258,-
1484133802,75347431,6899766,5626503,-
2305016050,2152888519,6900873,811470,-
5472157169,5435025208,6901548,5684771,-
2139979297,1959678416,6901784,1508039,-
1573477128,453579215,6902259,6256936,-
2342536529,2195593168,6902862,108583,-
1690283609,1116058423,6904249,5844513,-
3958141104,3893076463,6904276,5208139,-
2652479557,2540101491,6904683,327799,-
1493522216,526300975,6904730,5496519,-
1450608465,899011967,6905481,2684573,-
1328668929,400541128,6905573,1642394,-
1485060685,992058397,6907302,2177316,-
2873196841,2775984279,6907419,2666159,-
34010807725,34010079947,6907547,3971731,-
1318197665,237449112,6907559,845312,-
1430608632,805551791,6907611,3366728,-
1658399289,1316998039,6907625,355345,-
1362322449,605356952,6908777,2305650,-
1596847569,1214128208,6909786,1255303,-
1403320768,662593215,6910982,3719979,-
2343916016,2115637135,6911535,5792758,-
1730591872,1055024271,6913234,6444207,-
1320296440,43088367,6915223,1956606,-
5096870169,5061771463,6915883,4550927,-
17073842576,17071226239,6915926,473979,-
1317995426,36620759,6916971,775386,-
1441792273,879282120,6917568,2289077,-
1404290848,759231375,6917841,2536822,-
18534392360,18530502879,6918265,6436888,-
1601882961,626749744,6919492,6296549,-
1319052577,34368816,6921411,144494,-
1610450393,1233565790,6924957,197028,-
1926778704,1600826927,6925922,5232825,-
1949060776,1711574159,6925969,3072374,-
1478757898,394390135,6926319,5432244,-
1676937409,1310185608,6926426,3584373,-
1686228545,1335785632,6926577,3233036,-
2278180705,2119439312,6927764,358121,-
1653180793,416334375,6928867,6802359,-
3183859552,3105288671,6928988,2255609,-
2704632965,2595168787,6929471,881973,-
1336174608,248099615,6929481,2834864,-
1704272864,1084245567,6929846,6083125,-
4411333352,4353726591,6931781,5638214,-
2711568600,2513976767,6932332,6457713,-
3338768818,3268079335,6932472,1466493,-
9445596305,9435604992,6932614,4360567,-
2948961149,2857579483,6933171,762347,-
1339779489,267622543,6934501,2926609,-
1488924528,993362735,6936967,1487154,-
1443279344,513698719,6938390,4849965,-
2341523025,2186780687,6938487,2817559,-
3946360061,3883702699,6938859,4871081,-
1661779053,1299665035,6940619,2924579,-
1449870137,133065511,6943309,5182359,-
3231592217,3155617431,6943627,622429,-
1701201633,849998296,6944326,6673805,-
1840325624,1436023263,6945772,5543033,-
1513365761,1042446024,6945791,1546556,-
1421237361,351201344,6947217,4724126,-
2806575824,2658066063,6947828,5618819,-
2832713617,2732341616,6948682,720311,-
1569414024,1001527103,6950538,4791563,-
1414376093,790374555,6951877,306523,-
8176430449,8161145048,6952082,5187247,-
1914656456,1474250719,6952588,6200583,-
1352991937,340816368,6955740,3132881,-
1891752314,1517062487,6956061,5533110,-
1384545313,469769615,6956327,3801379,-
1480350122,28897271,6957009,5479524,-
1513960282,1040602951,6957294,768417,-
3207022657,3129173096,6958222,366251,-
2571568675,2446710307,6960984,1813392,-
4219091925,4129173587,6963687,6961537,-
1382182280,245584959,6964619,4064530,-
1336804193,36049720,6964947,2442926,-
1354832864,414524463,6965144,2807557,-
1357908497,473884248,6965854,2560105,-
1345477361,218006304,6970564,2833949,-
2719581257,2608427751,6970691,1554947,-
1987654873,1756928535,6972177,2854943,-
3530999457,3466397368,6972466,1731235,-
1366732688,573070815,6973462,173891,-
2024232945,1809920192,6973469,869064,-
1978478561,1643649120,6975646,5531635,-
24638636725,24637241987,6976873,3613571,-
1664746273,1248401521,6977472,4154010,-
1917479591,1672303175,6979458,769770,-
1573087793,316172031,6981115,6208727,-
1545774609,280724248,6984139,5995444,-
3247773241,3170613694,6987141,911232,-
1396454913,291389480,6987788,4210113,-
1341689281,60563880,6992236,2227695,-
1341497185,285440504,6992612,451945,-
2085816425,1782842297,6992682,5646924,-
1489015905,825362752,6993239,4317268,-
3527189544,3459647743,6997541,2945614,-
26969860672,26968689423,6998610,3537521,-
1567899968,1042911391,6999955,4226538,-
1379411313,492554296,7001341,3180860,-
1394626013,659256171,7004441,2084995,-
1426495234,730415767,7005036,3202305,-
2479562781,2299170059,7006647,5108347,-
1589507737,988026071,7006969,5031431,-
433747483289,433747478487,7007455,4158511,-
1618952849,1222655592,7008137,1355290,-
2007457248,1783386623,7009650,1372645,-
1353631521,94021240,7010834,2823485,-
40431810000,40430843999,7015193,6936780,-
3159308576,3069345679,7015869,3736852,-
2367257928,2211528895,7017323,2230834,-
1390667521,637922240,7020962,199205,-
1359433745,317256832,7021451,2656704,-
1348430578,239299495,7021869,1623996,-
1741825728,1418142175,7022884,304889,-
3341889857,3267618111,7023299,809941,-
1458333945,744449479,7023985,3995459,-
1346751480,171697727,7026229,798138,-
1381792817,301444431,7026617,3627793,-
2321425921,2158524671,7028195,1907125,-
11498955761,11492562984,7029809,3099598,-
1438773905,53843704,7030312,4810155,-
3536734291,3470039539,7031142,1854954,-
1397307367,640187623,7031640,2143692,-
5173155328,5142243695,7031881,2162978,-
1593320309,1122596883,7033141,3680003,-
1526025593,1033967815,7033151,1111629,-
18371790289,18369369008,7033184,1459333,-
4369738257,4326475496,7033483,1598712,-
1429429608,771736015,7034066,1898849,-
1638861024,388085327,7034514,6597505,-
1352201234,273243623,7036431,899298,-
1406282496,186797615,7036487,4239810,-
166775116304,166775084703,7039081,3671836,-
14906435529,14902749383,7039131,1098829,-
2089493553,1857778240,7039693,3995876,-
1384875617,581289816,7040233,1308544,-
1572821297,25791336,7041712,6151603,-
4002612257,3934243536,7042109,5269226,-
2618328301,2492786939,7042721,406901,-
6473602533,6453956755,7042727,1227419,-
1477414273,139123023,7042785,5253805,-
2743269191,2629635479,7042986,608352,-
1748666216,1317807999,7044383,4941224,-
2938715073,2838922480,7044853,2441038,-
4818640233,4783007351,7045037,801135,-
1472603256,155483759,7045739,5189544,-
2030857329,1807419728,7046452,1580733,-
1432524256,776971599,7046508,1511981,-
1351510337,129799416,7046671,939568,-
2609237752,2481967311,7047132,1700749,-
22028812007,22026931943,7047912,4051200,-
1397077576,451469855,7049545,3584732,-
2837315505,2655998384,7049906,6358785,-
2873344065,2761432072,7049938,3737173,-
1417450704,131735423,7051717,4394274,-
4582068865,4541446032,7053407,2793972,-
2270789833,2072120566,7054236,4281345,-
2453814968,2299313695,7055246,3446643,-
1808913777,1385434376,7056206,5286063,-
1460352369,858691327,7056235,1210057,-
1374817928,491626191,7056700,315379,-
1373505353,191025991,7056753,3196145,-
1353898021,54526179,7057783,753057,-
21862771913,21861013430,7059174,2485083,-
5712521864,5663569567,7060435,6899778,-
5954651459,5930313443,7061454,3096402,-
3563598457,3496767598,7062840,1790043,-
1782523321,1034742094,7063029,6742908,-
1451304112,550876383,7063764,4472135,-
1743652055,1410092327,7064304,1629162,-
1357015000,64030479,7066959,1454230,-
1621833409,255345648,7067568,6471791,-
2725287121,2608337984,7067771,704924,-
1422730513,152473320,7068439,4415178,-
1601109264,1104670543,7069567,4010198,-
1513817400,936605087,7070086,3493203,-
6588834250,6569514967,7070592,1751511,-
2936662433,2746904335,7071613,6768057,-
9355352333,9336889611,7072279,6952465,-
1972485057,1591599856,7073024,5810351,-
1661931917,797734493,7073100,6304446,-
4139776648,4089910175,7074958,2290669,-
1419808570,537459559,7075308,3764715,-
2000839597,1765303851,7075329,1297639,-
5540852117,5513414883,7075849,1670845,-
1561699576,1090099695,7076510,1548393,-
35176785873,35176106536,7077575,1883438,-
1521576577,1004189768,7078180,476449,-
1599956465,1114241712,7079119,3764782,-
1460556317,787370571,7079741,3276673,-
6078055399,6055259623,7079748,1468836,-
1362627593,170425070,7081971,1762926,-
2428503496,2276960079,7082694,980351,-
2158185200,1898040559,7082790,5139817,-
14067466568,14059045135,7083741,7055944,-
1393597193,437569961,7084182,3194550,-
3452800985,3372427817,7085766,4117176,-
1619433473,108867616,7088805,6440506,-
1382998689,439696943,7089443,2417313,-
1597297505,1112490072,7090259,3617086,-
1687682321,1315589200,7090891,1164120,-
1412034160,60441647,7092136,4109563,-
4206315445,4117702227,7092441,6749047,-
1372578443,102342491,7092540,2714838,-
1403915485,387479019,7093623,3646765,-
7027989821,7009742619,7094059,3579373,-
4040334585,3986606167,7094347,2820853,-
5097964405,5059218757,7095222,4640376,-
4463781857,4419521008,7095972,3029065,-
3320984736,3228837215,7096022,4552605,-
1662986800,1272646719,7097640,394577,-
8275901978,8263236791,7097922,2785035,-
1717296544,1222814943,7097928,5139719,-
1844083936,1547662175,7099805,2193178,-
1863933617,1578149201,7100178,1403346,-
1364801008,40141535,7100402,785981,-
2620344968,2486270095,7102339,2975052,-
1596767713,1151430936,7102440,247177,-
3028160784,2932654223,7102659,767024,-
5197774861,5159195675,7103375,4859621,-
1375835953,327376440,7103832,2180557,-
7527855153,7511696336,7104205,3732108,-
1369518785,77861632,7104836,2116689,-
2691301869,2568233083,7105337,1492387,-
1505965169,640820848,7108796,4946109,-
54322714936,54322161359,7111949,6956876,-
1459349397,320742931,7112497,4765801,-
10009085029,10000551733,7114734,599136,-
71199762497,71199593616,7114768,1564849,-
1619813021,1186078795,7115913,2044555,-
1923899338,1657776295,7116267,889032,-
1603818488,230635951,7118745,6269506,-
27676618749,27675499883,7120743,444437,-
2704896487,2581744951,7121664,1759038,-
9979375768,9968800895,7122034,4914181,-
1646812763,540967931,7122378,6453450,-
3898577434,3840779047,7123995,2136696,-
1854330679,1560245383,7125576,258882,-
1621997498,327703655,7126056,6376683,-
11796318893,11789461325,7126482,4097178,-
1937961816,1335654335,7126955,6936942,-
1508603936,492492159,7129136,5199391,-
1448896522,418330903,7129800,4427769,-
6278872561,6256930304,7130624,950627,-
1703397872,1330760271,7130963,490168,-
2246293985,2060508312,7131209,29516,-
2672854449,2522170928,7131501,4641956,-
1733397560,498935407,7133532,7067221,-
2127995352,1887100031,7134267,4247594,-
2110366577,1880673473,7134600,3533814,-
1498768304,298522623,7134629,5231398,-
2170102305,1931452592,7134684,4535801,-
2550617161,2399202214,7136529,3709404,-
9219329445,9209012867,7137341,2389701,-
6477794113,6441034671,7137737,6692115,-
11802734561,11794125504,7137802,5622707,-
1404195185,104195344,7138173,3618020,-
5788165625,5759626382,7139538,4000281,-
3495673304,3423023887,7139613,1775900,-
8936389545,8925520039,7141175,732953,-
1494119080,542937647,7143239,4889966,-
1381481457,274551328,7145680,1714973,-
1468674133,823458755,7145731,1229777,-
2554891217,2413987471,7147501,150699,-
1385148616,356739999,7148717,865974,-
1448168729,374789993,7150356,4387038,-
6060726657,6029102783,7150545,5403329,-
1722159664,1355732783,7151557,2504,-
1386851232,161627231,7152146,2611869,-
2954825537,2824461096,7153429,5044738,-
4545788433,4488342760,7153448,5473931,-
2819995585,2638835087,7153583,6151043,-
1461675901,223903019,7153613,4711697,-
1903142629,1553341379,7154725,4785955,-
1384768769,298205823,7155071,1679713,-
1610985216,1057230319,7156198,4405417,-
1390369409,401038888,7156554,627451,-
1506234929,776539288,7159071,4236734,-
1738749065,851903582,7160217,6695688,-
1667175489,156671072,7161265,6687408,-
1467584925,803905307,7162533,1754459,-
3392201824,3260444687,7167517,6453760,-
7099471569,7078412512,7168090,4808903,-
2125824025,1905916342,7168542,2558823,-
1539971989,939394163,7168741,3673309,-
2136684272,1923088911,7168861,1117676,-
1592512058,612402311,7170129,5843550,-
22498305617,22496564256,7170178,987673,-
1471328001,798226144,7170778,2387941,-
1903716129,1616796448,7171001,2312908,-
1421059585,607735247,7171591,369461,-
1691644557,1299227083,7173221,671125,-
1930818433,1456630760,7174514,6179333,-
5248474497,5215805576,7174752,2398303,-
1559543867,1037708603,7174788,2251560,-
1623733901,550139499,7175263,6185489,-
2415392929,2126950223,7176071,6529523,-
1541904800,1003989679,7177380,456037,-
1420497233,469077936,7178780,3218021,-
3166240249,3009610198,7179327,6535914,-
1460657857,645470223,7179857,3712605,-
1627910033,217668840,7179977,6369706,-
1385981861,105069619,7181647,1034811,-
2254894640,2064645727,7183096,1157337,-
1628508401,1182895560,7184090,179407,-
1392723521,79531744,7184104,2469681,-
10848752833,10840233776,7184170,4299659,-
1552673698,1022916823,7185045,1666530,-
13576614720,13571773967,7185178,1801329,-
1388300193,166536280,7185251,1546946,-
1501931400,779537759,7189344,3947545,-
1788950145,1437142424,7191276,3014945,-
1737191792,433334751,7191751,7061216,-
2252264665,2037010007,7192573,4149077,-
1390444752,69315391,7193894,1759477,-
3376315749,3296046883,7195271,52879,-
4134933297,4081849823,7195735,1625571,-
4636823793,4594352456,7195848,2400605,-
1409395661,236087419,7196119,3200043,-
1473932913,470148800,7196732,4515267,-
1777031529,967199287,7196809,6707515,-
1479651701,807473619,7197413,2330429,-
1470168349,563304107,7198195,4210121,-
1615918181,1152129139,7199313,1393787,-
1622291953,1100849976,7200690,3964751,-
3097155025,3000749504,7200955,188612,-
4726625545,4665837934,7201944,6040905,-
2421510528,2255541775,7202618,2392207,-
5835753792,5784448591,7206548,7070099,-
3296958688,3203581071,7206834,4023215,-
1541504210,981164327,7207242,2120319,-
9605765741,9596002109,7207518,1071636,-
1416576273,65269376,7207548,3462155,-
1687123601,392422625,7209174,6721140,-
2513050977,2200150256,7213122,7080787,-
1403635657,381601703,7214689,832825,-
3362487089,3280605552,7215262,307745,-
1995202013,1733455531,7215779,2183625,-
1631858833,1174917320,7216048,1871317,-
1397228209,75008168,7218049,1894358,-
1600230705,1005694552,7218532,4372211,-
1453669345,708274944,7218660,1039177,-
3093396328,2969172575,7220249,5156668,-
1472601515,274195067,7220682,4617012,-
2787820097,2662906001,7222056,2822418,-
1538678320,866569007,7223419,4052116,-
1534763969,953953344,7223755,2213050,-
1618316951,455683559,7224024,6138894,-
1432256873,562135095,7225289,2434043,-
2305708256,2119580239,7225956,1731949,-
1941872536,1661685375,7231220,237471,-
1862670453,1305453475,7232599,6224843,-
3317899141,3231861699,7232813,2372109,-
1454505581,681431259,7233619,2184673,-
2886437553,2707985000,7233886,6172863,-
16636127025,16632827632,7234166,594017,-
1443783065,640859414,7234725,1613172,-
12258247653,12251086403,7235325,4694885,-
3260239065,3169952807,7235631,2771837,-
2089418693,1799636995,7236261,4845611,-
1707058785,65422352,7237026,6872723,-
1420407053,483946875,7237987,1674289,-
1609008369,1123041167,7239519,1230985,-
29303328961,29301722520,7241590,6103797,-
2463851237,2269301331,7241689,4776469,-
2125680808,1808234495,7241998,5539867,-
1429239563,77079563,7242840,3595740,-
1427564752,88507871,7243426,3532931,-
1498594296,609135919,7243876,4432507,-
1620217184,1144274287,7244840,295893,-
3780801968,3715376415,7246198,781427,-
1650961729,1081929432,7247820,4666033,-
1670937944,609370543,7248549,6400676,-
1706982520,577802927,7249112,6703579,-
8963220509,8940424733,7249764,7220268,-
4003588160,3901932927,7250527,6688676,-
1840058111,1441097039,7250652,4664694,-
42571369653,42570812051,7252065,4037201,-
1855518769,1535665537,7252704,276330,-
1549867173,977734595,7252867,2141931,-
3920753200,3839920239,7253675,5451204,-
1470947569,233056944,7253850,4475825,-
3567065965,3492965437,7254828,380802,-
200794322320,200794287599,7255718,6147415,-
1503720945,842345504,7256112,2347165,-
1439714237,595829851,7256427,479837,-
3102124297,3002200071,7256557,2115141,-
2159218800,1938766927,7256978,1553663,-
1520604218,904514951,7257603,1115280,-
1896610784,1593352063,7257652,1282527,-
2371353217,2128174856,7259461,5505646,-
5404187369,5371991273,7259676,2269236,-
1677422146,1228288999,7260096,3067053,-
2500869601,2338383839,7260193,2957921,-
1470284641,639038480,7260280,3432919,-
1483763753,787049575,7260543,599857,-
1507597472,645937791,7262564,4400609,-
1753544633,792755465,7262976,6778434,-
4406484082,4323653671,7263426,6646497,-
1584971025,1056911432,7263864,2030923,-
2256037389,1976721643,7264859,5585251,-
1455391585,538212192,7265024,3446313,-
1643415925,1182289667,7265119,345323,-
2438143992,2228794543,7265140,5022053,-
2082347161,1832641335,7266653,3045795,-
1698026833,328550735,7267037,6746443,-
1669917313,1152811296,7269940,4266591,-
1585462721,188685329,7271688,5864238,-
20403861017,20401339406,7272828,4329027,-
1472755312,729539711,7272863,1697588,-
3522041664,3432783503,7274799,4573198,-
3003006225,2895596479,7276337,110005,-
1431147097,320414806,7276521,3121074,-
1438295073,543120880,7277246,1804291,-
1423063589,424769923,7277659,49923,-
12657505337,12651656983,7279923,981245,-
1935570633,1221031655,7283359,7152393,-
1831355181,1492521259,7283549,1319437,-
2287599169,1931486017,7283892,6645840,-
1567459928,544809631,7284141,5437550,-
2343514840,2158055087,7285223,1350922,-
4375658216,4295452879,7286177,6425502,-
4169262936,4114484159,7286742,102421,-
1835188825,1333116022,7287189,5611584,-
1454816241,636175160,7287490,1051983,-
1430747993,388273015,7288747,2630907,-
1540768457,854776838,7289781,3803310,-
1461135107,665646851,7290048,550824,-
2446157568,2274286943,7291450,2618595,-
1676590865,684613864,7294340,6285579,-
4513394945,4455669912,7294811,5051246,-
2597959658,2380632311,7295115,5898378,-
1419587237,73872723,7295863,2279435,-
1774454221,872846029,7298472,6757164,-
3275982095,3154800479,7298712,5509230,-
1463262705,401659439,7299255,3892553,-
5060170384,5014128623,7299787,5078468,-
1525772169,786579703,7300913,3868933,-
1842970193,1448135520,7302119,4414334,-
3749330921,3680602070,7303716,463065,-
2767614165,2501984387,7303827,7202447,-
2464151777,2237088351,7304597,5507107,-
2435043673,2255974246,7305222,3230265,-
2345303809,2080037328,7305418,5695899,-
11246269669,11238015877,7305990,4091826,-
10839312617,10831190983,7306185,1822993,-
1434130901,448362099,7306811,1734509,-
1950456325,1659161987,7307977,820271,-
1770829493,1163285635,7309343,5790747,-
2839012752,2714043071,7311473,2396472,-
5821360408,5786413151,7311655,5094512,-
2915240088,2792042575,7312406,3505343,-
1517714881,522286079,7312567,4714679,-
1421443785,223003159,7313515,408167,-
2029686449,1563770968,7314442,6397569,-
4214767417,4157380078,7314450,3525609,-
178629404701,178629374219,7317113,2676971,-
1482921849,727268567,7317141,1768085,-
1633789713,1120714088,7318170,3038185,-
3368300849,3273958992,7319263,3984430,-
2816279051,2582196395,7319274,6887070,-
1470124728,43572655,7319444,4186021,-
1568869809,996860848,7319908,127123,-
2769275824,2535711663,7320834,6737561,-
1560791481,476187095,7321015,5353761,-
2451771672,2106416591,7321104,7084531,-
1499527144,364043823,7323372,4598587,-
2263295341,2035483659,7323911,4101993,-
1720600625,443331384,7327265,6788858,-
1837505825,1491783247,7327713,1040411,-
3811899225,3742060727,7328973,3191651,-
1692059001,828400759,7329661,6105653,-
2860811325,2735597227,7332913,2663971,-
3442641629,3329830747,7333035,5608523,-
3434387192,3269294911,7333551,7190404,-
2625532393,2475939406,7334577,2273040,-
1594085617,767117976,7335226,5151537,-
1919131489,1599116672,7336169,3014180,-
13855106065,13848289184,7336750,5660183,-
1561956953,970100078,7336890,564705,-
1913294624,1523677183,7337594,4881573,-
2012153285,1737716739,7337995,259579,-
2295790128,2094966095,7337996,1586733,-
3023259121,2913514175,7338737,927715,-
6804741841,6783476184,7340536,2537157,-
1522386184,512545103,7341988,4700077,-
9793131504,9782896943,7342188,2441467,-
1711313169,1277564303,7342523,2113773,-
1759694673,1303287760,7342868,4256027,-
2163731825,1867233967,7343867,5163939,-
1664727937,634140816,7345412,6167967,-
1731678685,1056262667,7345913,5762149,-
5481195793,5448692856,7346052,255115,-
8562343425,8548977112,7346536,2172671,-
6845967837,6825145003,7347655,1425107,-
1540407392,896001631,7348323,2116546,-
1599204801,1053977264,7350398,243723,-
2145575393,1869221496,7352969,4534960,-
2133854945,1818338872,7353267,5285522,-
1730182305,353286952,7353497,6857416,-
5562642521,5530922894,7355373,936288,-
1468345224,214031983,7356023,3885806,-
1667827201,1151372384,7356287,3685784,-
7678852856,7662124255,7356989,2194830,-
1511003345,648437232,7357561,3963214,-
1752454778,691274615,7357686,6786309,-
4481023728,4431790031,7358840,949491,-
7860750784,7841867663,7359004,4863043,-
2829905248,2676954623,7359380,4834495,-
1520570501,104062805,7359450,4909932,-
1872787744,1508105903,7359752,3781723,-
1913791537,1425351231,7359821,5860497,-
1510797573,628256323,7362785,4021865,-
1488708280,425861199,7363007,4101450,-
1435402609,189408128,7363951,1779574,-
2239203209,1821257438,7364583,6883188,-
1787800337,1404790416,7364672,626101,-
1435397065,213340887,7366527,1312003,-
1777133561,1344658550,7366830,3919521,-
5784942705,5754693952,7367057,2946814,-
2286689089,2079227343,7367399,2163909,-
887390979801,887390978551,7371125,962395,-
3637857457,3561781056,7371136,1532691,-
1464752600,527514799,7371268,2567835,-
1885844081,1224730239,7371601,6616819,-
3845145993,3777328135,7372943,744721,-
28890940417,28889414792,7372955,5423170,-
1519196917,602368611,7374311,4263573,-
1435588437,105013043,7374455,166167,-
1658225376,850468319,7376804,5599737,-
1772057621,1358242229,7376886,3142422,-
2107335331,1855637875,7379460,1336914,-
2699764681,2437454999,7379543,6872539,-
1595068459,26565883,7381494,5745156,-
12909372707,12903431411,7381566,598776,-
3159878449,3037306047,7387149,4849615,-
1441846465,261822992,7387381,1063898,-
6584287585,6559108352,7387757,4103002,-
1704186457,1030655878,7394730,5422311,-
193849423025,193849381072,7398376,6452499,-
3486196513,3357394920,7405488,6241159,-
6549335905,6519631992,7406739,5310694,-
9618602225,9607735697,7406862,1297086,-
27855309320,27853823167,7407866,4600107,-
4719416101,4673133939,7408107,2665297,-
2955604104,2835318479,7408810,1890975,-
2092022680,1503831599,7409093,7235980,-
1524689664,164932703,7409373,4789126,-
1500160881,708567040,7413265,589898,-
2710411217,2556747376,7416398,3626169,-
10162187025,10151439472,7416983,4161446,-
1823349535,1443209839,7417050,2331096,-
1782550571,990760235,7418412,6385800,-
1893806481,1133043320,7420752,6929045,-
1987441801,1675577734,7421793,3251856,-
3830969176,3760723119,7422821,907116,-
1563743621,119709955,7425475,5288013,-
10855184929,10846576928,7425602,658819,-
1628802928,70420031,7426187,5980850,-
1911974744,1347476863,7428449,6221112,-
6867448609,6843322607,7432441,4325045,-
1835291400,922064159,7432606,6959565,-
1906122079,1568035423,7432908,2053368,-
2411743733,2135190725,7433124,5935062,-
1464044200,438439967,7433779,224278,-
5286347077,5249644451,7434749,753179,-
1607531693,1031781965,7434858,620838,-
3655002816,3577077935,7435431,792910,-
9212647448,9193600351,7436189,6497190,-
42201293760,42200707807,7437703,2896376,-
1779716977,1189385736,7438211,5467212,-
1857300283,1495232011,7439178,1066020,-
2889870433,2738602040,7439657,4801516,-
1948670205,1629978107,7441507,1274547,-
1494816521,648846014,7441776,374361,-
6331122496,6301109999,7442089,4785458,-
8567607288,8547031855,7442864,6172229,-
1875744977,1399064688,7443335,5304338,-
1761196913,33027471,7443587,6994115,-
1626822040,555416607,7444234,5710131,-
13665204976,13656719295,7445490,6400043,-
1674764701,758973579,7449319,5862027,-
2456535153,2270668000,7449674,2461649,-
2113623353,1802174870,7450659,4746636,-
1575711717,929428483,7450715,2294099,-
1455845873,137082376,7450895,1015302,-
2018618264,1697887647,7451242,3969235,-
4870601393,4814906760,7451969,5375138,-
1601764896,245295679,7452362,5637941,-
1500149002,219117127,7452465,4093830,-
8860769169,8841426943,7453043,6181801,-
59925550753,59925180000,7456103,5482608,-
2010372397,1649569021,7456704,4831422,-
2494062137,2313520887,7457065,2496745,-
1799450625,1398211144,7457614,403685,-
1704956921,1120835671,7458685,4613715,-
2852932905,2662823767,7463393,5930309,-
1696062016,56628975,7465065,6489206,-
27860089632,27858744031,7465927,2262388,-
2440538072,2252544031,7465993,399696,-
4418588913,4364866880,7466851,105492,-
3349738321,3252507696,7467060,2893285,-
4382349433,4327136566,7468302,2345535,-
1626739967,256940111,7468542,5856684,-
180171247032,180171214511,7469607,2710466,-
4651591579,4584651883,7469676,5848218,-
2888517009,2747530448,7471113,3952018,-
1467050570,345029687,7471551,445992,-
4545802633,4493692633,7476120,2888430,-
1754696281,1078492054,7476777,5655666,-
1752785845,618080389,7478478,6704880,-
2191877098,1844813671,7478565,5790072,-
2719898624,2565788463,7481401,3140918,-
1872258488,1381491375,7481573,5307028,-
2746489573,2595251125,7482294,3187092,-
1464763965,190902347,7483119,516347,-
1693850337,2794616,7483188,6443767,-
1891294481,1530337824,7483381,2591308,-
2163030397,1777016763,7484095,6085449,-
3957490177,3865764552,7485380,5720895,-
5297907824,5259635983,7485622,2777679,-
2319757408,2066520495,7493802,4739417,-
11097338784,11088786943,7494847,1140436,-
5960033953,5928746280,7495732,3555801,-
1855975041,1479121360,7495900,175967,-
1563738421,841669235,7496687,2882695,-
1518912240,577708447,7499194,3492397,-
8992811464,8979754767,7499215,783078,-
2237124104,1963656367,7499685,4633432,-
1750186816,1270441359,7499971,3479388,-
1586798978,558677831,7500750,5060391,-
3674654705,3591069184,7501556,3457245,-
2029018128,1674222815,7503111,4707512,-
1798798776,1361334175,7504532,3348695,-
1688867201,1166123664,7505669,2756366,-
1805570050,1204557367,7506519,5571336,-
7118531688,7096282751,7508283,3730490,-
1947629981,1613982219,7511161,883211,-
2810056690,2630231047,7512162,5332377,-
1845520161,1197147224,7512579,6100118,-
32274422881,32273403440,7512710,166061,-
1628439469,577359627,7512785,5537343,-
1709688160,1214954367,7513377,2041444,-
1482549767,35404631,7513716,2905434,-
8985641777,8967791152,7514910,5792735,-
2975437553,2776453776,7515299,6467320,-
1801907699,1121483507,7515480,5945772,-
1757560961,1298732319,7517257,2594017,-
2745338497,2595504416,7517432,1888799,-
4800735193,4754087831,7517677,366325,-
1636568824,1055289023,7519787,1801142,-
1843914745,1452271294,7524414,977655,-
3754390465,3662554544,7525039,4913080,-
1487169617,228443992,7525170,2897255,-
1775773809,1334559088,7526686,1914223,-
1509506465,557148207,7526717,2750591,-
2054369889,1659834008,7526829,5458618,-
1527705309,699450043,7527241,1899241,-
3904730913,3833062240,7528376,1575431,-
6608898521,6564551129,7530216,7110816,-
2431412456,2220841839,7530754,3780023,-
5543799649,5508561503,7531033,1846807,-
1797523521,1360990799,7531057,2894637,-
1853514049,1464922088,7531243,1623118,-
2034826432,1727426543,7531888,2690165,-
9657634949,9646105347,7533799,933695,-
3967457507,3897718451,7534386,1905768,-
31061454705,31060335839,7534653,1981945,-
1508021554,482977543,7535844,3095259,-
1502597789,385590077,7536810,3228162,-
10355279801,10339337894,7538061,6595032,-
1565846399,746172623,7538148,3736302,-
1534904800,723595967,7540336,1463183,-
7109110016,7087719679,7540764,254977,-
1708907338,980518375,7541736,5339547,-
38503028536,38502271599,7541784,3384469,-
2653744113,2346175120,7542832,7097117,-
1491690674,389965367,7545213,2084130,-
1794033653,295228661,7546500,7074744,-
1537557458,731258375,7546503,884454,-
1735203721,1212042279,7546563,3763709,-
1591773339241,1591773338809,7546602,2519424,-
4895048273,4845885496,7547303,3992250,-
2673165089,2392007152,7547641,6825480,-
1873394145,1493043632,7548429,420526,-
1508845969,455627952,7550082,3089015,-
1623678448,696114975,7550316,5131529,-
2857729573,2661288323,7553795,5926565,-
1506154129,516375488,7554548,2163307,-
4782685197,4688187883,7555559,7460825,-
5917875777,5884125152,7556885,4033290,-
2199488210,1889567927,7557561,5013168,-
1496597737,445385271,7557803,999513,-
8069752321,8052286959,7559657,3432147,-
1977951467,1276524731,7559658,6993624,-
1492352905,381039574,7560132,1117425,-
5158572257,5117283136,7561032,1122487,-
1666896853,1085586853,7563630,2984820,-
1948425784,1562469023,7564534,4189549,-
1668625377,916859168,7565193,4948640,-
1853955545,1366197062,7565307,4835256,-
1808137784,916828767,7565405,6571498,-
1643491937,1049039776,7569299,1202718,-
1548036877,598615643,7571185,3803701,-
1515402789,253267267,7572685,3638597,-
5535012097,5485864568,7572830,5871323,-
1620910993,984155360,7572907,2018204,-
1903507368,1291250575,7573454,6175343,-
2389402305,2067433984,7574383,6237200,-
2938415893,2804696341,7574916,2002980,-
1835306417,1404402408,7576520,3287507,-
2647395673,2428991350,7578372,5515413,-
1608719633,471841120,7579177,5247906,-
1513368801,543552104,7582418,209613,-
13333677992,13327476831,7582621,579298,-
1881319409,1496652353,7582806,546372,-
2392129025,2180558704,7585409,1758600,-
17895185759,17891687423,7586034,2638674,-
2801209432,2652680511,7587339,715942,-
1550238649,743411878,7587699,514008,-
2066865146,1745332919,7588416,3746289,-
1833958826,1417667399,7588611,1302816,-
74428488424,74428287263,7589299,2248882,-
2411801800,2096616207,7589604,6217757,-
8264246521,8247927479,7589957,2072419,-
1664763512,881908111,7590333,4966868,-
1625305437,650680171,7590427,5140943,-
6784257448,6760110591,7591458,1015525,-
1765166528,1269512335,7592303,3384294,-
2479286008,2280628095,7592574,2716741,-
1523013240,515299327,7593856,2897281,-
1661495528,1079662495,7595394,204397,-
1883510834,825412343,7599213,7264362,-
5685721185,5650334767,7600267,2931527,-
1702629384,741906847,7600297,5874260,-
1494541489,55410968,7600616,951443,-
1498743232,305182191,7600848,792053,-
3486284152,3387639183,7601356,3542205,-
2924884145,2788413617,7602216,1107576,-
7879186265,7861200377,7603362,325422,-
1497358928,99306655,7603904,1904169,-
4402388609,4343580168,7604108,2347999,-
1980039393,1617549935,7604139,3698423,-
1697070961,1149573279,7604397,2225287,-
3646281413,3544691955,7604581,4940743,-
4016044849,3899831768,7604959,6783122,-
1641107432,545621983,7605447,5494880,-
1498777135,267742159,7605606,1104270,-
1495866477,82393531,7605811,654343,-
1585471001,157112870,7606251,5018580,-
2219642377,1694527126,7606347,7223526,-
1888168115,1455496787,7606746,4162314,-
1593188697,297850903,7606795,5086381,-
52462907456,52462500079,7608504,1881781,-
5718702440,5681268559,7608630,4152319,-
3307934560,3188311167,7608671,4567296,-
2180699729,1892914104,7609300,3915685,-
2443538241,2187781679,7609769,5259309,-
2612342896,2411854319,7610281,4588646,-
1759131904,502041087,7611020,6655041,-
1731646397,345804221,7611468,6508812,-
1872084368,661512735,7614029,7345126,-
1615549965,948932347,7614469,797321,-
3362889705,3253688887,7614701,3867617,-
2196515849,1735816793,7615254,6690984,-
21622882017,21620390816,7615608,3377719,-
1540071072,653315711,7615711,1779624,-
6574399809,6548264527,7617481,1704565,-
10197298993,10186493400,7617628,284301,-
1559219009,710957808,7618372,2814641,-
2438454624,2102409727,7618798,6546715,-
1522612449,415994848,7618807,3067972,-
1537270457,595693831,7620059,2658039,-
2765146288,2609559855,7620192,154693,-
1590394885,865106259,7621719,915875,-
5410977557,5344390291,7624033,6998151,-
21042508129,21039958248,7626844,1332201,-
1926102631,1478653879,7627578,4792956,-
1522773840,84703247,7628064,3468259,-
2218884537,1959546391,7628621,1916707,-
2318490173,2079976875,7629497,2951413,-
1548953025,173697152,7629858,4236533,-
1609965533,794211115,7630153,4099971,-
2776661325,2579267899,7630285,5413793,-
1545072297,52209031,7631201,4151303,-
1522079856,80699231,7631385,3402640,-
13040926113,13034274880,7631408,154151,-
5015326008,4947011695,7632376,6413291,-
1504618376,166120975,7633905,1533818,-
1514388064,420078863,7634708,1076707,-
1705608671,1156512479,7637496,1875852,-
1657082352,404575183,7642081,5723710,-
1524315346,504009079,7643784,294441,-
1531355785,470697639,7645555,2891379,-
1701424261,1142953011,7646995,1890255,-
1937853609,1565116183,7647413,2190721,-
8695898129,8680472248,7648162,2909463,-
1643117458,998390695,7648644,2074227,-
1513856633,208953950,7649754,2446647,-
1676176656,758142559,7651598,5392867,-
3950935768,3853748655,7652466,5638681,-
10080446153,10067941481,7654110,4400634,-
2377705653,2150185315,7654877,2868991,-
1535995592,533399631,7657436,2412397,-
1845336288,1410743215,7657436,2482597,-
1738945481,624363559,7657477,6301467,-
4247579733,4183064515,7657841,686557,-
7178899439,7152709439,7657980,4939470,-
2382314515,2124745747,7658088,4702464,-
1531345609,531418503,7658961,180737,-
4292415281,4226179656,7659200,3576115,-
1598179568,840735295,7659637,2598606,-
3851486803,3761454115,7660086,4657884,-
1695024218,875969255,7660599,5240022,-
1742563037,365180251,7661459,6511011,-
3695049968,3608867535,7662131,1141112,-
1512062981,13450659,7663159,1711001,-
1565086357,710509091,7663333,2261743,-
1783433633,898317160,7663376,6221913,-
3140242801,2982598719,7663737,5600629,-
2269180381,2015088349,7664208,2680044,-
1646833225,97210967,7664311,5644117,-
1763076737,915388608,7664510,5960773,-
1943669585,1435492672,7665194,5526297,-
4270970129,4199151208,7665291,4505636,-
1682220161,320351704,7665759,5974828,-
1953281729,1580878063,7666769,2610933,-
99336896029,99336779307,7666865,656667,-
3806291041,3724894799,7669771,1221889,-
5105481297,5020360376,7669851,7452908,-
23935875232,23933111631,7671763,5987748,-
7913890096,7890633935,7672010,5465441,-
4280810973,4216499435,7675903,1830891,-
61070432369,61070120688,7678909,1794476,-
1631120989,116353083,7679647,5415057,-
8868266353,8849976495,7680267,5362579,-
1725143377,600072776,7681829,6155768,-
1914946037,1355790051,7682111,5688659,-
9710260945,9697736192,7682468,2721787,-
1517214680,182579887,7683194,1148007,-
1555872365,480284779,7683815,3609441,-
32229240037,32228120293,7684020,1313892,-
2694659845,2423988947,7686409,6543389,-
1758819343,1244890975,7687734,2076144,-
3452905320,3297023327,7688157,6543998,-
5493627489,5454724927,7688263,1360705,-
1520277481,263329849,7689096,439866,-
1655881169,1013490367,7689917,1242585,-
1559995769,667322103,7691003,746701,-
3375061921,3269388824,7691218,61213,-
3535328161,3436483344,7691788,3187737,-
1551268897,507119616,7693959,3148964,-
6807840609,6778603087,7694585,4825757,-
1592419137,346934216,7697082,4696021,-
4724806640,4671664767,7698746,1571003,-
2001908337,1639663616,7699139,3169836,-
1607593687,639173671,7699542,4412244,-
1731509896,86953919,7700209,6397348,-
1591563889,800674128,7701616,118653,-
5488171368,5447445743,7703605,3382080,-
1585728129,589700728,7705121,4006372,-
2708478888,2476099375,7705349,5839508,-
1592670368,626316831,7705660,4048439,-
4912384289,4859740168,7706819,3946914,-
1742693113,1204778535,7707891,1936441,-
5011936378,4960642615,7709877,4135962,-
3083508769,2947881528,7710083,3596034,-
1553785929,382710263,7711011,3554999,-
1613627081,843354854,7714959,2771664,-
104368879561,104368763799,7715679,3931507,-
3102081760,2973959679,7717787,635070,-
18008306776,18002023359,7718193,7114744,-
2656519741,2472312555,7718815,3044733,-
1670730761,1025221214,7718973,2447994,-
1550619857,450329896,7721017,3019962,-
5051242633,5004244631,7722131,1692655,-
2010829425,1278668344,7723400,7058173,-
1688312521,1076752599,7723619,1520673,-
1585649650,573932407,7724136,3928311,-
6744477359,6718287359,7724430,145020,-
1791936224,1298918527,7725445,818286,-
2089917136,1759862175,7725997,3272790,-
2031850925,1689726427,7726277,757593,-
1845497618,1194297335,7726512,5648631,-
2710818672,2523873071,7726734,4087943,-
1691216629,1083218723,7727713,465187,-
1628961837,25342843,7729135,5239531,-
2910536181,2762560979,7729561,1320537,-
1850423921,1096293199,7731097,6166497,-
11648651157,11639825603,7731735,2009611,-
2785620433,2621845280,7733497,1996778,-
21424600568,21421092991,7735912,5943585,-
1577702205,625743467,7736673,3157219,-
3525260609,3426403008,7736684,834097,-
1546402529,470766904,7739575,1534320,-
2113390989,1799400283,7740533,2194991,-
1947855752,1479760591,7741334,4862049,-
2611631696,2247791295,7741391,7315700,-
1864624713,1179762791,7743293,5941155,-
204596315776,204596287119,7743761,1295226,-
1574580769,655445144,7745795,2180350,-
1724897497,1149951046,7747854,1673721,-
2208476369,1818331248,7749049,5828198,-
1603522370,802459127,7749273,688632,-
15820404685,15815078557,7749582,4446996,-
27902387288,27900767055,7749688,3648109,-
1602331325,768062587,7751351,2669919,-
1784580672,322568863,7754540,6715543,-
1922689457,1214236783,7761953,6409425,-
1869355069,30774603,7762789,7339023,-
2343681025,2098455192,7763598,113381,-
1806989525,1136530707,7764809,5313281,-
11786799920,11777869599,7764968,3025225,-
4090808488,4002312863,7765975,5162120,-
1538510865,159221999,7766045,643251,-
1909373057,1453610016,7766764,3979297,-
2909365657,2758253326,7767759,911646,-
26907651674,26905915223,7767768,3381447,-
1558489042,520862167,7768800,1097535,-
4254264581,4186076899,7768829,888891,-
1948264481,1354947039,7769161,5962921,-
1941579361,685041384,7769517,7609978,-
2120104609,1801252368,7771194,2486557,-
3747866496,3637030559,7771987,5454558,-
1819873858,1333529095,7772016,1639701,-
4089554269,4015446603,7773049,897003,-
1559588938,5403031,7773270,3454371,-
1652068513,943817888,7776295,1844780,-
1849625353,1359468406,7776405,3547362,-
1944138997,1287225541,7776876,6282174,-
5831290872,5795194943,7777736,453585,-
1888179433,1453611191,7777927,855125,-
2604608160,2378250047,7778592,4858129,-
2143637575,1832306839,7779240,2457222,-
2110067481,1784066231,7779885,2696525,-
2789376083,2620926755,7780506,2425536,-
2052040488,1477768255,7781116,6465937,-
1564931856,115832399,7781514,3580993,-
3214489549,3090411003,7782193,2376819,-
2085415473,1667641855,7783147,5253991,-
1616214761,587801079,7786103,4305109,-
1945962679,659044183,7786518,7639818,-
1799381045,1230975749,7786530,4107624,-
1663381009,973651263,7788259,354633,-
1719270945,10007992,7789532,6117241,-
2028703425,1670758384,7789969,1326440,-
7967412785,7937492152,7790268,6682061,-
2386282401,2147420584,7790749,1139806,-
3130764464,3000041247,7791433,788480,-
7999949569,7980674928,7791717,1562966,-
1548845137,272229408,7794048,1507355,-
1548486025,146843017,7794984,2054424,-
1548753713,280149520,7795469,102468,-
2520175073,2292493560,7796002,4031501,-
1788964105,1191994647,7796373,4284937,-
1710435296,396883215,7796450,5942159,-
2342062328,2090997615,7796782,1732151,-
3698652256,3605213679,7797446,2545833,-
1649012026,891632839,7798131,2964612,-
1647346929,63827648,7799709,5266484,-
8270640937,8251695831,7800069,3648511,-
1988076749,1600775403,7801493,2678531,-
3937484389,3824351267,7801753,6124975,-
2337777845,2084095347,7804609,1934423,-
1725343969,927100008,7807113,4998284,-
14132633976,14125451519,7807852,4918143,-
1637486725,869784707,7808411,1974011,-
3214245297,3055974991,7808683,5551547,-
3651341200,3489331967,7810226,7053787,-
2063648289,1709346688,7810408,2918599,-
1581919933,617313515,7811207,894491,-
1689539165,609330219,7812155,5434111,-
1884882321,1437224984,7813826,128247,-
2154815543,1829584775,7815378,3500832,-
3979074344,3898161903,7815563,2423756,-
3937663569,3855668728,7817668,325979,-
1744249536,220166015,7818650,6283653,-
2416645944,2030361823,7819982,6690877,-
5763666777,5718509383,7820119,5189645,-
1656720033,704013496,7820126,4627235,-
5869574762,5833111991,7820256,1507713,-
1835805165,1339834619,7821811,2494185,-
2212621281,1920770320,7822861,949310,-
5320685264,5258398447,7824058,6203415,-
3538563441,3356274415,7825067,7242595,-
1636329521,857018319,7825631,1112503,-
1554848589,188420683,7826531,584563,-
1848897325,1341812027,7828063,3495947,-
4792365722,4725736391,7829037,5268264,-
1570358856,468193439,7831234,1720659,-
1583571577,592598326,7831551,1058646,-
1593994441,457682566,7831830,3721845,-
1684415675,1003575899,7833918,1195470,-
3533588984,3350309343,7834276,7240583,-
2087479873,1673651240,7835762,5026603,-
2465838713,2198656190,7837158,4932951,-
1942401209,1518473102,7837365,2715192,-
2830471991,2663802935,7838220,244608,-
1741793265,1146472424,7839651,493100,-
1729077392,481606351,7841122,5978529,-
2550254777,2313957878,7841265,4516278,-
2249959693,1939514125,7841772,4205076,-
2888317016,2701428159,7844437,4938046,-
2143070989,1620187403,7846019,6513517,-
4210211147,4137696491,7846062,797298,-
6197726393,6149943305,7846086,6396636,-
1561642648,141234255,7847612,1894803,-
1563590105,157739822,7848216,2233389,-
6211168232,6176857983,7848530,3525829,-
2101574426,1649377319,7851483,5615808,-
1785293000,1235496927,7853507,634714,-
2615071912,2378940671,7855814,4972901,-
1819203048,1289222495,7857622,2847459,-
9459194033,9434435160,7859137,7283074,-
2487778321,2219511824,7860866,5038999,-
2518167360,2296777567,7861543,2387116,-
1864387896,841602271,7862275,6739670,-
1737546629,367507683,7862699,6088499,-
6059657217,6013563536,7863013,5905794,-
2074648193,1668337800,7863052,4639711,-
1749037521,804504719,7865713,5626239,-
1714947104,1065494847,7867940,1179473,-
5194548632,5146243311,7868683,2521964,-
1794644605,510198347,7869271,6524867,-
1588892241,435560104,7871783,3071434,-
2919265633,2760562320,7871849,1022484,-
1956093634,1527730183,7871979,2980416,-
5448424825,5403942887,7873387,3048287,-
1827714949,354010453,7873734,6862416,-
1727647504,1062248943,7875339,3248864,-
7653255097,7622757303,7876025,6212631,-
13371863113,13364555590,7876152,2888079,-
1940823569,110323048,7876393,7669914,-
1826530837,1198931603,7878415,4770007,-
3124655736,2985403439,7880517,2560148,-
3273726528,3090595055,7881398,6427113,-
5015991249,4964114768,7881786,2002951,-
17100616849,17096216207,7882015,147679,-
1612926233,629239671,7883057,3038455,-
2175799925,1810935317,7884762,4720374,-
13139670193,13130702880,7884883,5278284,-
12273424928,12264579775,7885937,3356952,-
2990347341,2700868939,7886639,7503209,-
2821168507,2578294651,7887036,6165132,-
36606025680,36605016127,7888522,3692363,-
1712299729,552764568,7890732,5587579,-
70444421301,70444160659,7892087,946409,-
1574648453,200233251,7893049,1968745,-
2447618805,2100750307,7894153,6232507,-
1833584480,1312650687,7895537,2018212,-
2526035771,2302542299,7897074,2156838,-
1657594033,583544655,7899969,4633111,-
6173398385,6138688032,7900547,2661332,-
2175240289,1827167448,7900974,4146157,-
1773554081,583436304,7901572,6204569,-
1676787344,354440127,7901782,5270165,-
4060919601,3980474464,7903238,634081,-
5931137856,5875750399,7906636,6587201,-
1711094459,183476363,7906902,5752464,-
2890915968,2588639375,7907133,7341416,-
2394749741,2133516139,7909279,3228183,-
1625982109,194393963,7910251,4404047,-
11967129361,11953223279,7910773,6729899,-
2818276922,2643246263,7910955,754626,-
64492218256,64491807455,7911485,5895602,-
1576672985,32730014,7911996,912285,-
1597418257,363186608,7913815,3208478,-
1680768130,914256247,7914621,2783406,-
2877276019,2674584643,7915062,5255664,-
1994670129,1405378208,7916301,5925968,-
1931003813,1483602435,7918841,1252313,-
8075817442,8055635671,7922127,264912,-
2915960625,2653328272,7922209,6829186,-
11552629025,11542739632,7923773,1938414,-
1615807601,465926849,7924098,3635616,-
10342910201,10328998694,7925571,4758912,-
1709482648,1016006015,7925638,1016197,-
1581168730,186659959,7926015,58092,-
1600183488,519048415,7926023,1820672,-
2435547602,2115294311,7926678,5671569,-
4712501265,4647832607,7927353,4162949,-
4988797978,4935328231,7927560,62187,-
6068683209,6016749143,7927941,6457337,-
4478506248,4411711711,7931960,1007737,-
3070619698,2871058135,7932933,6033906,-
1670980682,329984183,7933665,5083704,-
18293718992,18289757871,7933861,1927712,-
1798935613,1229521595,7934233,229057,-
3150716786,2965766759,7934307,5919576,-
1794691415,163963559,7934730,6524556,-
1877744005,1179825587,7936067,5639999,-
1685325770,770859719,7936548,4359555,-
8296317144,8273899007,7936705,5046636,-
10113347545,10100394457,7937436,505236,-
1587988055,316995239,7938204,1139310,-
1746419201,1102522560,7938526,1962085,-
1733779317,350743603,7939505,5879609,-
1602516449,154137112,7940256,3419255,-
12468843658,12460279015,7941861,1924656,-
1981283105,1556927777,7942236,2224524,-
8474078936,8439985039,7944111,7597942,-
1925419896,1437596719,7944517,3679972,-
2028809592,1593167711,7944702,4239523,-
1916037816,626770799,7945642,7275657,-
1819454000,1248557679,7945984,3082475,-
2475896587,2201407243,7945992,4780920,-
1595457025,374351192,7946497,2146472,-
1850250129,1254759208,7946761,4387666,-
2233912200,1898650127,7947226,4211727,-
1587603480,197091727,7948874,1121327,-
23189912081,23187429784,7951318,1632087,-
1639917160,406276239,7951805,4309872,-
1589203249,220479272,7953485,1079224,-
4610186504,4546518703,7954292,864027,-
1645464065,192852712,7954314,4592347,-
1641401761,718365104,7954909,2620022,-
7395626749,7353881293,7955046,7278516,-
1614404786,343935959,7955262,3566523,-
3656425657,3508120791,7956127,6424329,-
1756595267,1121720291,7956222,1143534,-
2136619761,1242067640,7956546,7866865,-
4137775377,4057757696,7958679,2087702,-
4602962605,4488338507,7958693,7457971,-
2188463681,1850441215,7959823,3382335,-
1711869752,441994623,7960220,5500127,-
2276935073,1935068335,7960291,4828353,-
2074256016,1699109119,7960682,1339237,-
1736932977,975588383,7962481,4133685,-
3315460889,3184975262,7965480,3239373,-
1923429905,1446269967,7967273,2798617,-
1663481169,830059919,7967645,1020795,-
3711889161,3609928295,7968779,2864715,-
1613449473,528835400,7971426,1950427,-
2128559041,1296813584,7972118,7649461,-
1597695041,310388704,7976612,574833,-
1714187265,995132287,7977737,992359,-
3414984242,3176355191,7978701,7813086,-
2455738241,2085770224,7982058,6398651,-
6390681912,6339025231,7982804,6861997,-
1596528840,113841647,7982871,1620242,-
1752790921,440495879,7983539,5930747,-
1821104145,1250111824,7984757,2141360,-
2010693416,1595811535,7984865,121158,-
1596656433,131205560,7986018,906913,-
2948152977,2780308928,7986160,2832171,-
2817471537,2574279856,7986262,5931743,-
8313482009,8293464398,7986897,2905578,-
2080170785,1701927112,7987268,1090617,-
1752488849,1091596792,7987700,1807659,-
19529641745,19524665112,7988326,6344983,-
6475077248,6435674895,7989149,5402852,-
5811996681,5771505719,7989603,180649,-
7895510637,7873519387,7990115,2247295,-
1969040801,1326190104,7990183,5917048,-
2159531992,1809880191,7992018,2816261,-
1871645296,1352171279,7994206,507151,-
1627654855,606102727,7994316,1499196,-
2263236353,1955471200,7994824,2339649,-
2797466960,2611289407,7995247,712368,-
24736243057,24734012528,7996625,1495214,-
2003438458,1580163751,7996965,1565484,-
1864750769,1312619808,7997972,3382061,-
7587551449,7554793623,8000151,6261353,-
4128430226,4046639639,8001141,1098594,-
4268981153,4173260560,8002269,5646022,-
4527365521,4458365904,8002837,2959512,-
1768394424,995555743,8002958,4583533,-
1902615321,1029202295,8003685,6415109,-
2053360192,1596668303,8004130,4687087,-
11135012368,11123615951,8005025,3366446,-
2058501337,1456113543,8005569,6252155,-
1635489376,643393775,8006005,113932,-
1965981613,1106792365,8006208,6796824,-
1936230537,899230423,8007263,7014445,-
1626717295,399643327,8009676,3343386,-
1670795978,817663991,8009835,1063122,-
1952435928,532385951,8010135,7506476,-
2223288256,1900924479,8010512,1332177,-
1664548297,338501401,8013318,4605444,-
1625936640,21228287,8013887,3631488,-
2051100792,1375843231,8018846,6593389,-
1814438344,1160737167,8019567,4066210,-
1831371607,1260847351,8020362,214578,-
2956422017,2789182536,8022292,232991,-
1874156824,625245663,8024131,6843078,-
3298834225,3159939312,8024318,3761631,-
2098279457,1566593248,8026130,5938557,-
7045663857,7003918232,8029050,6707665,-
1866241217,946342696,8029359,6219052,-
4623660681,4557062839,8031139,2657303,-
2382290609,2107312872,8032090,419071,-
1732184513,907000000,8032203,4122614,-
1609138328,153715215,8032433,593554,-
2078714528,946548111,8032465,7938394,-
1687698293,862432035,8033717,628937,-
2263948553,1603263895,8035117,7587471,-
4171902770,4089756647,8035311,2458038,-
2222018225,1839434872,8036737,4897686,-
3185612567,2989476791,8037498,6157782,-
2498371937,2059899688,8039904,7192105,-
6913308857,6878045318,8042184,5395245,-
3407773025,3282873792,8042387,1791418,-
474547039433,474547032926,8042562,3816525,-
1819298317,1224074461,8044302,306852,-
5185952593,5129653921,8044410,4180608,-
164450354533,164450302835,8045069,1514711,-
1637084293,580206435,8045451,1225997,-
2069022984,1667247823,8045638,2386657,-
2375611544,2096346543,8047463,344002,-
1786995181,1093557179,8048779,3769681,-
7784985098,7759565975,8050077,4491726,-
1930001553,1440124640,8050294,1236471,-
1636114097,407307976,8050338,3253313,-
1717188392,701957503,8050655,4768212,-
1804457641,4552535,8050675,6397081,-
2010298199,1530922487,8050890,4277994,-
4714652017,4649992976,8052296,2641597,-
2557435921,2288930664,8052688,4797429,-
1649422681,652458599,8054893,523439,-
1979338725,586578547,8055457,7603307,-
1841882794,992467303,8055828,5705307,-
5301577653,5225885731,8055991,6753125,-
3298504312,3117626031,8056423,6087558,-
24185267600,24182073727,8057266,6105147,-
1683315169,362350527,8058585,4740193,-
6816321289,6782569863,8058637,4640763,-
1782463233,107889776,8058945,6164288,-
1774613501,458893659,8059397,5973277,-
13847081169,13839681368,8060167,2408622,-
1643253801,67419319,8060279,3834059,-
1947237706,545060935,8061789,7399260,-
4206250736,4124426319,8062082,2423167,-
1936248538,1396127335,8066628,4174389,-
4657630296,4591079519,8066834,2431773,-
2024393184,1465728383,8067041,5495928,-
2353486545,1970420704,8068540,5819909,-
5782611041,5738068024,8068691,3739434,-
1703911221,610476899,8069163,4680649,-
3964065329,3867225903,8069659,3824749,-
2057235001,1645769689,8073258,972462,-
1898805696,1245605999,8073387,5078332,-
1950703728,1469253103,8074640,674315,-
1871748753,1295467615,8075303,3383467,-
3469181673,3306531895,8075887,6059197,-
8644818709,8624396773,8076648,4204542,-
1868727040,1291749599,8076968,3271175,-
2132282961,1357822280,8077797,7359560,-
2452338337,2145078337,8077890,4990230,-
1716115265,926801112,8077937,44816,-
1839349393,1119893160,8078327,4863702,-
2625831946,2244255175,8078787,7100400,-
3483734177,3362478136,8080292,398247,-
2432054160,1852333567,8080538,7833893,-
1709943557,91879491,8081083,5205643,-
2274483097,1530523558,8081175,7910862,-
1663472053,666187715,8082061,2526359,-
4664685448,4585904975,8082274,5300161,-
2012867581,644470429,8083026,7756182,-
3333933105,3193762264,8084129,3803350,-
6909187696,6863662239,8084186,6853101,-
1622755221,65300579,8085041,366741,-
2383323953,1767216880,8085148,7823091,-
1663183789,507766957,8085660,3739176,-
6711973249,6680117408,8085782,1797691,-
2036008597,1383203893,8089398,6235050,-
2702045288,2482512111,8089589,3474820,-
8464052656,8443635375,8090736,3101275,-
2266206289,1742223768,8092378,6738471,-
26228596655,26225824079,8092410,6152562,-
9804854161,9789953904,8092684,1132971,-
1758599465,59567657,8093004,5821776,-
691243158817,691243155536,8093063,4508608,-
19871084792,19864602703,8094125,7626984,-
2542510328,2297437135,8094264,2025587,-
1709403626,869081735,8094495,2598318,-
1782331581,1106406955,8095711,1860755,-
4579697928,4508244655,8095717,3380204,-
1730105944,661573407,8097060,4929911,-
2983185136,2745038399,8097146,6290101,-
2228614560,1885382959,8097256,2873275,-
2118311745,1730719679,8097641,2154375,-
2032766317,1597329803,8097791,2217215,-
1656625581,456225355,8098711,3497095,-
9216852497,9196811071,8100411,5303167,-
16645116144,16637347343,8100964,6807459,-
2399590537,2118641038,8101080,612471,-
1639356513,457702360,8101847,1061452,-
2451687235,1946772547,8103012,7429848,-
1661242353,281171728,8103380,3978275,-
2038514953,880901806,8103987,7677510,-
1753682729,923318343,8104571,4132843,-
3269128513,3122596175,8106311,3624197,-
3436624880,3310107087,8106334,1110113,-
4644874337,4572521928,8106874,4130605,-
1640949617,357473992,8107040,2701635,-
21374997449,21371726743,8107479,3566437,-
45519163946,45518450039,8108751,3269436,-
1640683077,334635571,8109221,2719273,-
2319850633,2007892390,8109882,2827941,-
1761626594,1044695783,8110221,737052,-
3874497817,3775890361,8111286,421002,-
1726338016,629218079,8111404,4879351,-
31985902569,31984027783,8111531,6143707,-
1637571897,73407751,8111863,2795141,-
1657093529,477835783,8112579,3236569,-
1646332081,389211504,8113407,2892826,-
2146483528,1770687903,8115625,275220,-
2136912161,1498035569,8116644,6733782,-
3060835041,2897673584,8118636,1068407,-
1803320402,201664391,8118756,6235173,-
3740016881,3611504344,8118927,5422498,-
7123186721,7079481064,8120829,6897166,-
2237987617,1776845816,8121991,5943328,-
1694234369,115835368,8122687,4748736,-
1934419001,1393436359,8122983,3658907,-
1638216797,117245021,8124336,2488056,-
1850990845,677927677,8124444,6395844,-
1746222216,2545535,8126981,5569830,-
1655138047,29635663,8129220,3595218,-
3391862145,3242494952,8129242,4874181,-
1839063057,864335416,8129257,5894306,-
5153323706,5051487239,8129757,7738308,-
8137360465,8100307104,8129895,7375166,-
1952555681,147209104,8130147,7444694,-
6475960175,6439381439,8130630,3788604,-
7321833440,7293077967,8133382,3896287,-
4283191201,4193940264,8134182,4560803,-
1681173889,210597073,8135376,4361526,-
1731843576,452987951,8135380,5181765,-
2989700800,2805999647,8135386,3972659,-
1741314194,820008503,8135463,4319208,-
2029019978,1569754055,8135502,3198063,-
1654760913,476531695,8135783,2540657,-
1761961744,983780063,8136701,3406634,-
1716577896,646391839,8137993,4477864,-
11504846832,11489547343,8138038,6403135,-
2293033880,1971789279,8139005,1240738,-
3054582440,2887312927,8140151,2510736,-
4724813032,4656187151,8141617,3413242,-
1715487985,168687672,8142148,5046813,-
9758139733,9738060035,8142551,6037163,-
1784105184,379619567,8142552,5920075,-
1659096673,113005825,8142954,3603834,-
1650263809,448129103,8143073,1644787,-
3516378400,3347735567,8144861,6284356,-
6575742949,6532317877,8145936,5876910,-
3372497013,3237683251,8146333,1953475,-
4088453137,3998555233,8148498,989040,-
4424493419,4289297723,8148696,7573866,-
1665585921,593801824,8149439,849392,-
1874385712,1247684271,8150516,3894171,-
2224479345,1456521344,8150680,7693827,-
19698642737,19694808376,8151073,2638638,-
3149448625,2989261512,8151822,3256577,-
1684590512,701391583,8153277,2015710,-
2343114409,2030172718,8153889,2954472,-
3538834453,3416743203,8155405,1619415,-
3843058728,3736290271,8156564,3633145,-
1996929633,506102200,8158966,7637293,-
3861667649,3751812408,8159573,4304906,-
1895125937,677136168,8160083,6738680,-
1974261688,1224926975,8163908,6133249,-
2133875985,1740598784,8164290,318167,-
4618844800,4543652607,8164927,4127064,-
1649750048,347444415,8166632,510223,-
1995701729,873178673,8167362,7295688,-
2019176666,1556715239,8167851,1737732,-
1899501377,1338808096,8167957,1310706,-
5659213105,5609299992,8170739,4149444,-
6274022177,6234260256,8172419,3784342,-
2028695231,790921055,8172510,7632498,-
1855095269,1188140083,8172879,3956789,-
6114059747,6073271171,8174202,2983242,-
2457344737,1849498976,8176168,7974199,-
125524535637,125524441091,8176269,285841,-
1907312297,1351549191,8176463,578423,-
1752768920,949929807,8176961,2748302,-
3803534693,3697572195,8177551,58697,-
1718757984,376831183,8178806,4841119,-
2465121328,1834294415,8179139,8113288,-
3262668370,3001214167,8180517,7532886,-
3212031873,3038760640,8180816,4948897,-
1658733333,426241075,8181247,1590079,-
10117334769,10101212128,8182066,4634383,-
1700325345,747173224,8184265,1864468,-
2111759696,1034185519,8186254,7861881,-
1715963048,182068815,8186689,4853126,-
1997359321,1028884599,8187099,6989291,-
1750273000,124947647,8189458,5418347,-
2893125857,2696062336,8190729,3297004,-
3139143121,2827379184,8190843,7867072,-
2968413105,2787086992,8193281,101714,-
1653307953,32177615,8193501,1871299,-
1905814696,372597519,8193507,6972524,-
1973224533,176824051,8194805,7502141,-
2025221557,643068611,8195419,7707727,-
1670818552,473204031,8198639,2517024,-
1839012077,23320827,8198645,6422305,-
1781340032,869670223,8198926,4670655,-
6450385511,6403314359,8199486,6019212,-
38578388193,38577362920,8199757,2746654,-
2447679367,2160575623,8200056,2751060,-
3740711688,3592275055,8200702,6186103,-
12754217952,12744460111,8201056,3914221,-
2454409520,2171530207,8201162,2164419,-
1691177504,10591903,8201766,4202093,-
3092920985,2853818839,8205075,6524971,-
11236851136,11223074015,8205704,5103865,-
2057920481,1395052384,8206473,6186544,-
3375665938,3214523431,8207571,5165580,-
4362001425,4280972872,8207797,1083956,-
5931235960,5886314319,8209520,3572589,-
448559619425,448559611792,8211607,2789388,-
2082825809,1510141743,8211839,5684729,-
4874233573,4806425331,8212051,3843465,-
4132490033,4039281640,8212944,3299789,-
1754298649,728029918,8213727,4634982,-
1706343984,697172687,8214157,2960580,-
1683245793,418972040,8214643,3452154,-
9534167529,9517262903,8216153,2587029,-
3013124729,2834987863,8216751,1876727,-
1851021685,310484867,8217443,6470041,-
2654952749,2417889883,8218131,2041711,-
2114715704,1687487167,8219910,3049301,-
2225083320,1500826559,8220444,7443215,-
1849943352,957717727,8220995,5454110,-
3568352565,3443961667,8223979,1920703,-
3632824541,3485879595,8226035,5632967,-
2179444680,1769211407,8227107,3907772,-
2133666721,1632739825,8228316,5279610,-
1814413761,608534095,8228497,5840365,-
3708933657,3516206071,8228863,7377433,-
2503536069,2190850963,8229287,4927501,-
2237796133,1876344995,8229791,1899193,-
8418464578,8380107703,8231415,7706460,-
1717497777,777842096,8231469,1466576,-
1670667009,397091023,8234593,1249363,-
20990190575,20985752639,8234772,5965290,-
2853455445,2466064307,8235489,7765327,-
1667762579,336065123,8235708,755982,-
1703459121,678976840,8235763,2329100,-
1802262865,784095984,8236140,5268581,-
2252742401,1592383824,8236882,7268699,-
2172448264,1780948383,8237052,906839,-
3712080353,3510322920,8237389,7574134,-
4016776537,3919240198,8237913,1185030,-
1990348765,808703917,8237934,7241832,-
4999285005,4937079707,8238219,642113,-
1898001405,1256508907,8238307,3965521,-
1664652792,12561983,8238970,1501749,-
5772733533,5723697995,8239971,3979153,-
1804146281,1079761769,8241348,802464,-
1947023777,1294161856,8242238,4945821,-
8371069981,8348985995,8242525,1955377,-
1711599784,327924207,8243241,4360870,-
3965577737,3793064743,8243719,7504335,-
3021330969,2842110247,8244137,1346635,-
2384193901,2052628285,8245320,4099218,-
6885067472,6844339231,8245773,5804098,-
7623331177,7592668151,8249863,5129467,-
1967514448,784750335,8250751,7070364,-
1905069272,1315073647,8250795,1527500,-
4629262129,4553499697,8253120,3511164,-
1973577008,1409704975,8254991,3943782,-
2688997809,2454475688,8255166,1875583,-
1689097080,551391647,8255699,1572726,-
3953750165,3849744437,8257494,3169818,-
1670912623,174000655,8258154,1731534,-
2559142373,2292553445,8258436,2779368,-
2224720961,1386784824,8258453,7795226,-
2045820112,1571744271,8259427,2258424,-
2408328453,1972766035,8260123,6359359,-
1836608920,707393439,8261271,5865040,-
5873159773,5820002605,8261676,5305602,-
12608448689,12597931488,8262163,4330816,-
4287285416,4186994895,8262175,5219158,-
7012599864,6967519663,8262562,6642841,-
4809059537,4706522176,8263226,6926151,-
3272196584,3119998687,8264432,55815,-
1720907069,382863883,8265229,4396377,-
1760582497,761891711,8265373,4318493,-
1707910088,16259791,8266170,4206049,-
2037237041,77970024,8269811,7839772,-
1795314525,305869787,8270313,5732209,-
2589738449,2292300168,8272922,5028359,-
1726344571,491898955,8275230,4283016,-
1711070277,255653651,8275913,4168419,-
2162751144,1695975823,8277827,4826668,-
1843695880,453860607,8278721,6198576,-
7289520233,7241084366,8279880,7382289,-
14166825309,14158969787,8280395,2258349,-
4662682231,4589179159,8281482,1974762,-
3020689705,2813391454,8281938,4927125,-
24223144197,24220456531,8283173,2191423,-
2903913789,2557208123,8283501,7435907,-
1975480416,1175937359,8286317,6082344,-
2530504569,2224382503,8287309,4683431,-
1981006456,1169544719,8287402,6178673,-
1931548769,128239567,8288395,7060383,-
1819672352,1001948911,8289254,4155369,-
8091718322,8067607511,8289531,144858,-
1907677601,742330800,8289575,6523832,-
13070444273,13061223648,8289700,289565,-
4695444648,4622496671,8289872,2292375,-
4709615879,4636175879,8291220,3038280,-
6823316437,6789105061,8291532,2300142,-
1812022401,1044595184,8291899,3013506,-
4937009453,4868009515,8291997,3967117,-
1678784216,109728559,8292999,654914,-
3344437064,3129497583,8293079,6711382,-
1829145097,1114101303,8295135,1236869,-
2060938561,145262504,8295326,7960427,-
1746527665,461204112,8296813,4707012,-
2796617768,2559092143,8300820,4372315,-
2002286930,154403447,8301186,7565037,-
1698344279,464462423,8301552,2646828,-
20422650937,20418817126,8301726,2609793,-
121207488528,121207380671,8301786,1390805,-
2650222817,2398527192,8301875,2846290,-
72825804256,72825463119,8301889,5101998,-
2537183025,2262424712,8302797,163664,-
2239093298,1862552135,8307888,841653,-
3523845824,3321576543,8308313,6959504,-
1733849291,463613339,8308758,4315428,-
9311876753,9289384431,8308925,5720141,-
1867531320,59560927,8309362,6464003,-
1955531032,691359231,8311958,6980571,-
1766518224,755044463,8312201,4190382,-
1947904473,1238297095,8312569,5175667,-
2100956533,1189335411,8313279,7284025,-
1824193313,602647816,8316025,5717832,-
1734099697,744996168,8316714,2029105,-
2732978833,2413719440,8320552,6282283,-
4498450065,4417508584,8320640,2391467,-
10438552369,10421785167,8321481,5101055,-
1727017994,703791623,8321697,1610862,-
1687121096,148025775,8322980,758363,-
2355689473,1926708696,8323440,5785471,-
2481174512,2145002511,8323568,4960483,-
54574264721,54573353904,8324836,7599403,-
3562012961,3427238040,8325703,3399140,-
1722934257,663149791,8332051,1351831,-
2612158584,2302888783,8333311,5298826,-
1736697833,627790958,8333490,3598965,-
3509822337,3327500776,8334854,6292667,-
1690522937,136940966,8335494,1044159,-
90337595697,90337396856,8337234,2459231,-
2657682849,2404787312,8338294,2360355,-
1899241368,1203162671,8342792,4033275,-
1706197153,462202880,8343076,2191399,-
2446614961,1931724824,8344019,7133584,-
4263742741,4172932885,8344260,405156,-
2371542481,2014599344,8344978,4202951,-
1711522569,425364023,8345673,3040451,-
4012956842,3818626583,8346915,7995618,-
2936225025,2653893904,8348470,6481637,-
7801553937,7774430296,8348816,2961397,-
1698141561,314293735,8349095,1611197,-
1924130449,983291247,8349975,6018193,-
2334214529,1984632353,8350458,2495898,-
2758910161,2452811024,8351042,6094087,-
1694833953,118810880,8352336,7559,-
2655991992,2219273071,8354039,7360538,-
12030372557,12018332443,8357605,4305087,-
2396732233,1744224215,8359109,7734457,-
4324509144,4235644063,8359378,959021,-
3740616584,3571135407,8361509,6609740,-
3399857993,3245176135,8361849,3914071,-
3389540837,3233871091,8362353,3905957,-
1926529301,447474499,8363409,6823789,-
7141682248,7102265135,8363771,5765084,-
4007233368,3902373695,8364132,2263121,-
8048603735,8023325687,8364858,1047774,-
2633821821,2235661115,8365035,6848891,-
18205493690,18196017527,8365407,8199552,-
2202026721,1329095744,8366194,7653171,-
88206504616,88206228959,8366632,6258361,-
2024451969,1502572808,8367562,1241541,-
1753960657,720685208,8367815,3300646,-
1739265288,658222895,8369148,2894597,-
2389294273,1768512975,8369151,7522723,-
4676800040,4599178527,8369816,3175753,-
1768589315,852648659,8370792,1227990,-
2704836689,2414921743,8371181,5309589,-
5805343464,5755933487,8373435,2469952,-
2136452737,1672917471,8373669,3518117,-
3071773121,2887046104,8374191,1334216,-
2524743648,2178480751,8375048,5375765,-
1944152096,1343459775,8376238,989525,-
6199821697,6153280256,8379974,4458821,-
1797596857,948181366,8380323,2213028,-
3617576161,3466278120,8380403,5255130,-
1976911752,1395291071,8381186,2947371,-
2005500817,1454214216,8381692,2728917,-
3227290593,3053698520,8381897,3768276,-
2165045208,1352651135,8382096,7233121,-
2988590533,2772479941,8382348,4593060,-
1714970296,460817535,8384187,1476550,-
1817512024,963425903,8385097,3590314,-
4828897121,4757105424,8385751,1300088,-
1856557537,540500616,8386953,5997032,-
3097140586,2914394839,8388297,1379904,-
2065573690,1568439079,8389812,106875,-
4280913497,4187047646,8391471,3078078,-
1734606833,594404800,8391782,2658063,-
5056759917,4991177723,8392015,1577733,-
2140056241,257185320,8392094,8334015,-
1757403608,392191215,8392264,4491467,-
6138546256,6092090559,8393487,3971024,-
10485504841,10457101030,8394165,8134458,-
1867845264,877198543,8394494,5440289,-
9582148037,9563924691,8397319,2479037,-
31275901392,31274205023,8398790,1182819,-
2124532211,1550033555,8400330,5455422,-
1843301981,1084833099,8401873,1342301,-
1715007029,382957987,8403955,227841,-
2604442394,2314174007,8404011,4107630,-
2229550321,1297814784,8404273,7906614,-
2020734544,1475951583,8405127,2593772,-
5025920011,4958289115,8405796,2827530,-
2048489834,323306663,8407326,7727721,-
7247325313,7212948440,8407391,4457788,-
1913855281,741111504,8408159,6329502,-
11184410401,11170680879,8408439,3483467,-
1726826642,253660823,8408469,3403170,-
1914116721,906177584,8408562,5969519,-
2516913153,2072221456,8408788,6725825,-
4077643505,3965781264,8410510,4539121,-
3497897624,3353605503,8411899,2932042,-
1977295825,1391298992,8412866,2304199,-
5883168359,5819632823,8412942,6240636,-
6097054369,6051792632,8413277,459470,-
1786496401,883530879,8414011,266319,-
1945015592,1328646991,8414253,569716,-
1715295624,319325023,8414938,398819,-
3323960481,3163647424,8415001,2621464,-
3561018225,3373771232,8416232,6456771,-
3030428057,2835800366,8418708,1168893,-
3705136112,3574056511,8419723,3683154,-
3859838737,3743910241,8419842,1096488,-
1939516115,1311660707,8421012,1802406,-
1868643257,403087063,8421095,6150033,-
2654294032,2269807023,8423643,6663140,-
2266326632,1746048031,8423991,5983036,-
2099459057,1599513233,8425410,3325854,-
7727005375,7683652447,8426226,7195518,-
2154021739,1686842683,8426586,3513552,-
1834670333,267586635,8428823,5770717,-
4346613289,4248530038,8429421,4432302,-
1784966072,587274271,8429616,4567543,-
4386046625,4231773552,8429981,7715542,-
3248860272,3080346431,8430033,1925684,-
2147256112,1691404431,8431101,1715516,-
1848253249,1078871952,8433195,490186,-
3204638289,2968353368,8434971,6415496,-
2138004713,1191106910,8435592,7412799,-
2070466295,1561618247,8436018,1298076,-
5131435849,5065342873,8436162,3071892,-
3550900176,3411030959,8436313,2108262,-
12881745217,12869901711,8436609,5358419,-
1765595216,758679759,8436956,760819,-
1722773453,83284075,8438987,2526339,-
11275496673,11249508016,8441306,8328845,-
2563764089,2266298582,8442015,3391482,-
6616865393,6567932176,8442321,6004730,-
1828093757,381867691,8442543,5585533,-
2025567265,1435961064,8443197,4045690,-
1842169145,1018612742,8443251,3257712,-
1752065128,587859551,8445410,3062557,-
1726594861,381300155,8445815,1371853,-
1721258993,222662440,8445967,16566,-
5019523393,4950137840,8446997,3003682,-
2747314305,2442366104,8447291,5726190,-
2197700568,1766845615,8448667,1405988,-
204158267088,204158226271,8449063,1669780,-
2144750365,843953437,8449308,8034924,-
23104982952,23101797823,8450225,1104248,-
2749899433,2494154110,8450502,3659883,-
1780412437,815440851,8450621,1130781,-
1732685537,454621936,8450953,1643052,-
1925799379,1239845587,8451420,3405888,-
1755166682,670469303,8452140,1204527,-
1861466698,253251415,8452407,6038652,-
1721906831,92063279,8452458,773646,-
1726491761,343265824,8453103,393518,-
9431281185,9410376064,8454530,4623229,-
1759370375,121239767,8456748,4260606,-
2199131945,1767260222,8457144,738897,-
5004747265,4933070607,8457841,3722067,-
1745508737,49564351,8460029,3739419,-
1762341770,340582007,8460753,4195176,-
9842100704,9821210623,8460763,5527434,-
1759050721,78549744,8462528,4209033,-
11813686737,11793535616,8463239,7574886,-
2290922113,1902953135,8464091,495263,-
4249117759,4151817103,8464836,2009634,-
2967131905,2758119912,8466378,1275877,-
1742270641,391471544,8466494,3083839,-
1736482709,118243923,8467699,3108109,-
1929351080,1167267487,8467976,4604631,-
1826674672,929959071,8470322,3460179,-
11984142257,11971960408,8471070,3113471,-
1735555682,379541783,8471397,2188350,-
1848889816,880134191,8473415,4688930,-
4218396081,4112554120,8473555,4338664,-
3377035665,3216933407,8474757,2824921,-
1738003037,339147451,8477979,2585981,-
1894229312,1107166831,8478933,4057364,-
2012308969,129671518,8479167,7386828,-
1729612541,33768315,8481119,777145,-
1874659488,1096272095,8482887,3101588,-
2594138121,2051748055,8482991,7768355,-
1878026077,246964443,8483995,6147099,-
2802863841,2319896464,8487283,8118922,-
1880479181,371834525,8487714,6126060,-
1733350952,200882671,8488501,1675644,-
2631421762,2183925463,8489397,7148010,-
12919684369,12909219368,8489438,2545577,-
2548894593,2248009000,8489989,1404686,-
2130683387,1387000571,8491284,6518928,-
1954634056,1302676719,8492631,2726738,-
2390728322,2036971703,8493645,1682958,-
2088861472,1134119583,8497065,7030288,-
1880401105,847402752,8498046,5359609,-
1749905400,521991439,8498447,407810,-
16361156992,16354658751,8498517,40814,-
2029064256,1453716239,8499806,2807793,-
1952143810,743249239,8500245,6520878,-
1785773673,774034535,8500591,1757871,-
3254681209,3061614334,8503755,4841400,-
1859618825,1005533079,8504845,3674159,-
1736583632,28547103,8506573,946810,-
2371647913,1843703351,8506955,6545417,-
3988891595,3861268427,8508216,5066328,-
2528709829,2219001347,8509411,283555,-
3698304897,3529277576,8511201,6090308,-
3030497841,2826412216,8513260,434125,-
2155154272,1680968591,8514754,1394833,-
1919026837,1217428083,8517311,401265,-
10183619189,10166044997,8518680,3723006,-
3750071713,3552658081,8519472,7161180,-
1743953944,132699743,8519552,2404441,-
3482625249,3306894448,8519942,5331059,-
2448028933,2109202035,8520663,2011643,-
1798017632,131531871,8522851,4807246,-
2265211128,1770785935,8525324,5298301,-
1846227745,733772432,8528057,4966804,-
1744331024,33970863,8528219,2050904,-
2010502657,707048591,8528317,7059199,-
30939239013,30937391971,8528813,1885885,-
2086004648,1505188591,8529456,4398005,-
1831558560,934782527,8531409,2334104,-
2515632577,2166424736,8532043,4613018,-
1784136433,414624216,8532111,4190930,-
1788803441,293587720,8533056,4463165,-
1818456839,28248407,8534190,5159532,-
1820900869,900255683,8534443,1283717,-
2150225504,1566232383,8534606,5307979,-
2344937920,1965052367,8534624,893837,-
2079008369,567848088,8535121,7689446,-
2027164802,1001373863,8535810,6702159,-
1930861109,1235219523,8537251,1166809,-
2258597189,1033811443,8537283,8452577,-
1746793397,243113971,8538219,1004123,-
1924349669,1057116403,8540323,4999911,-
1906441649,688159728,8542286,5979521,-
3738541664,3606901039,8543000,1030725,-
1812332695,801894199,8543226,3238470,-
4585042513,4484166575,8546023,5460479,-
2481362897,2144984856,8548256,2887813,-
1777616120,387543487,8548437,3846238,-
2232893529,1296770503,8549357,7751209,-
1907066017,1004270936,8549479,4908032,-
18738934401,18733443544,8550412,4573729,-
1782420621,397049371,8550635,3994655,-
1957386545,1054466712,8551201,5595106,-
1801298585,752647287,8551841,2889337,-
2516762659,1938414883,8553384,7582428,-
1754778673,363270120,8554573,453732,-
1782544200,28503727,8556398,4175449,-
2408950017,1593869648,8556558,8221915,-
1793696773,730463475,8556993,2106989,-
9351121640,9310450687,8558274,8515483,-
2777248481,2520331024,8558967,2596844,-
3081037825,2879690544,8559348,562625,-
2049947377,1408849616,8561288,4595107,-
2065855649,1509101688,8562946,1352867,-
3489342145,3293352152,8563036,6103343,-
8183984293,8154486901,8564304,4788630,-
3377465953,3158363136,8564883,6364610,-
1752464101,31102645,8565174,223920,-
1754062949,238322693,8565414,893526,-
10852926457,10836858983,8567153,4098565,-
1754752197,188386163,8567265,1741501,-
2773565129,2200046023,8567991,8531687,-
1754432522,191707271,8568513,1287282,-
2065657777,1030923456,8569146,6944959,-
1757940568,340596015,8569592,390459,-
1789289064,582563087,8573580,3361123,-
3403008881,3225604735,8573775,4590061,-
6384244705,6339707312,8573879,1415452,-
2494626575,2156429327,8577012,3034896,-
3983636033,3860683680,8577406,4022827,-
4411371673,4238841430,8577414,8084007,-
1958839680,897441887,8577881,6094224,-
7116547493,7075866485,8578032,5200122,-
2121279008,1150766671,8578451,7144860,-
155066230616,155066153599,8579167,3430368,-
1928390009,1141315543,8580143,4033431,-
3751772369,3533575008,8581691,7558984,-
4123455169,3999073608,8583051,5194358,-
4579111769,4484978942,8583645,4391508,-
14599011361,14590512744,8584451,640494,-
1885132193,918637120,8584544,4712409,-
1927611333,957403075,8585123,5403469,-
1978643937,1309903496,8585353,2849712,-
2009032345,222374062,8585553,7184598,-
1867651760,491961967,8587186,5563383,-
1837653341,912429869,8590338,855432,-
4716055681,4612515039,8591003,6017061,-
1817857664,509037087,8591027,4548730,-
13194955283,13184514275,8591796,86178,-
2771976865,2506413992,8591944,3195623,-
3512914789,3359052867,8592247,218775,-
2011956297,1236809783,8592465,5320709,-
1761600696,241423679,8592693,1019042,-
4980897168,4831966495,8595853,8531126,-
1915474024,1055518847,8596630,4445243,-
3426314353,3247213736,8597117,4777600,-
2603860784,2085297663,8598592,7473791,-
17951017224,17944946623,8601841,4449044,-
1998950425,1348682857,8602098,2769252,-
2506224888,1950538255,8604047,7300502,-
20295391096,20288165679,8604492,7660549,-
2397193296,1721915695,8604562,7514375,-
2442670688,2085932415,8605727,1925296,-
1954474273,1255831280,8606009,494428,-
2022297297,1269924488,8606250,5209543,-
2296649429,1875091587,8606465,2425187,-
1944101600,1204650687,8606827,3254254,-
2709009485,2426672907,8607463,3174481,-
1854678253,257224635,8607471,5436683,-
1817529136,622322495,8607605,4066954,-
1953885717,1253370131,8607707,883131,-
1936550325,72179347,8608307,6487051,-
1786186877,323788011,8608421,3628169,-
2033085816,1425020639,8608953,2029708,-
2012013288,947865535,8610514,6510421,-
2094060553,1151567655,8611407,6814457,-
1861777008,983226415,8612338,1059143,-
2206317680,1730578879,8613525,2691866,-
1818344577,640573952,8613665,3953700,-
1773203677,412344843,8613775,523443,-
2021085405,1346319067,8614369,4191527,-
2156319029,758523603,8615783,7991927,-
1936026648,1175849551,8616502,3300545,-
2197091440,1614560847,8617724,5449107,-
4437473649,4342018024,8618045,1235840,-
24021509201,24015277264,8618267,8519688,-
10980231377,10956847888,8618425,7352634,-
6214112305,6166055304,8620109,1296420,-
2345854029,1590583403,8624429,7609371,-
1899648993,955521320,8625052,4602423,-
1984523336,1137187711,8625980,5332575,-
2882063737,2627288231,8626139,4042817,-
4169615263,3987905263,8626590,7709340,-
1884565681,1048328544,8627748,521389,-
1849192677,640391731,8628559,4769803,-
3693652536,3466631695,8628596,7514845,-
1846792201,745709655,8629755,4287401,-
2346210949,1773607667,8632225,6498541,-
1914855405,1135229387,8632423,1501479,-
1794752869,407076003,8632477,3559389,-
2153660891,1397101019,8632728,6429072,-
1931826985,1182652967,8632883,1030811,-
1828495784,822180543,8634188,398159,-
4857576101,4777445285,8634720,2122668,-
3962042505,3749174647,8636257,7919093,-
3700294681,3530607430,8636427,5748600,-
2327431937,1916161551,8637881,1490629,-
2101528104,1546708463,8638026,1918889,-
1825852762,802093303,8638815,1083732,-
1773389443,161735251,8640054,682980,-
1841218952,410111823,8640386,4947905,-
2582449216,2150389199,8640653,6425336,-
2347019553,1930727840,8640654,3540419,-
2545244216,2212431919,8642171,3000696,-
1828606861,109700699,8642171,4809407,-
1776797757,208587371,8644143,2031571,-
6517019025,6457680352,8646583,6604294,-
5694969369,5635608503,8647137,3341719,-
2460601377,1663585903,8647453,8280785,-
2269960925,1206688027,8647927,8119551,-
3509078597,3264947091,8649443,7279849,-
2802609821,2541491309,8649648,19902,-
2349360329,1914774998,8650656,4315743,-
1977789112,1286778911,8652791,605416,-
2528885313,2193674816,8653590,1720043,-
3721869685,3574655987,8655151,4043081,-
4684310901,4580620499,8657211,5704163,-
14904323000,14895886879,8657862,181555,-
2600619957,2201216291,8658849,6006419,-
2225293099,529413163,8659848,8511012,-
2062155585,1347765592,8660081,5137352,-
2109936585,1042828519,8661305,7162127,-
2105927633,1547870095,8662291,947307,-
2577810833,1839239040,8664533,8521036,-
1788843041,295187424,8666318,2756483,-
1839811345,532351784,8667415,4561894,-
4042696448,3924026095,8668149,1392964,-
2198450866,1703890759,8668902,2363607,-
1978890872,295622431,8668978,6749901,-
2056995025,1109345912,8669516,6411013,-
17683291109,17677262803,8671089,190141,-
2805423793,2400989135,8671571,7129907,-
2013584649,699231703,8671769,6823051,-
1971139573,473720005,8672166,6599004,-
2025348496,1306911519,8673353,4518144,-
5942254589,5888285403,8674969,1177817,-
3061807912,2778307311,8675403,6317864,-
5150351525,5077289139,8676025,2850371,-
4932936721,4853856529,8676552,1915572,-
5418610768,5342197215,8677383,5576012,-
4500290401,4403285919,8677719,3139433,-
2677257729,2382034408,8678747,924742,-
11337145377,11317038296,8679997,6739398,-
1803548689,573997992,8680346,498345,-
2284354017,1840634008,8681399,1440020,-
26970886378,26966159191,8681904,8250135,-
1794362665,274862902,8682282,2934573,-
3110839448,2901295615,8682433,467844,-
3163648185,2810644999,8683205,7838807,-
2625279218,2308230935,8683947,3229374,-
6985485481,6946296574,8683989,2055774,-
2031280705,813855984,8684495,6812544,-
1900432184,104606703,8684777,5852962,-
1799545629,514431707,8685667,599805,-
1801665969,496952872,8685887,2407370,-
2448988553,2012111678,8686110,5398275,-
1786417321,11596071,8687935,1387455,-
2823836088,2350892671,8688709,7864490,-
3575617448,3420374655,8688799,466436,-
2056417153,1036066671,8689645,6586839,-
1982235045,1276886707,8690143,1392971,-
3194888073,2860471415,8690147,7693209,-
1987690817,1290340056,8690756,615857,-
5174790417,5055226568,8691972,7787125,-
2243664601,1626518905,8692170,5985174,-
2164011824,435381103,8692626,8117431,-
2148616513,1608082320,8694714,2600747,-
1855861081,876878854,8695323,1019688,-
2285002961,1651386184,8695496,6430533,-
4371446218,4266271255,8695929,3596832,-
6335179657,6251368606,8697699,8067174,-
3760214360,3619414927,8697782,2308527,-
2568831093,2222234371,8698195,3988631,-
3187151365,2774026179,8698465,8533641,-
3769856400,3630432767,8699346,81179,-
14750513061,14737807139,8699361,7112519,-
2041547304,1405141679,8701080,1297115,-
1799622781,8132699,8701727,3120401,-
3403577741,3221388939,8701901,4033757,-
2001607885,1053631227,8702317,5777967,-
2847651283,2458580851,8704038,7064790,-
2154922634,323795783,8704386,8065743,-
2528120581,2183852595,8704545,1189277,-
1904813976,1053139855,8705405,119168,-
1863620624,899536383,8705626,952613,-
1792065073,120892415,8708269,1276769,-
1921339625,456644489,8708454,5941530,-
3283408426,3085564279,8709522,4041621,-
2729919680,2436557439,8710075,3334822,-
1956838225,1194549384,8711000,2351781,-
2058562360,1096959279,8713738,6362055,-
1845797903,458807471,8713950,4543602,-
2083241681,1377312624,8713979,5073212,-
14697200033,14687796120,8714009,4242932,-
5139325289,5063397063,8716081,3536951,-
1795975725,107853659,8717295,2032019,-
1939670893,1149297515,8719127,486289,-
2208000520,1696367327,8719498,3181949,-
1811217232,543762543,8719516,784725,-
1972972961,1107253615,8720055,4821797,-
2258948160,1757888287,8722676,4182281,-
3240942613,3039834085,8723088,3567738,-
4265734304,4156808623,8724647,1102602,-
2180292641,1119680369,8725422,7500228,-
10520171037,10491205211,8727669,7845499,-
3840332049,3704434592,8727760,16437,-
2631928097,2267833176,8728772,5255239,-
1963369665,1206936824,8728840,1493649,-
2010314232,1323500431,8728849,931426,-
4266288789,4077571283,8730829,7974957,-
2238534513,1750940440,8730961,2489246,-
2875389461,2618749059,8731943,937451,-
3574157232,3326587711,8731954,7420597,-
2475540221,2090605819,8732673,3842759,-
2984856033,2720980976,8733538,5009805,-
1870253857,797427936,8734744,3823623,-
2764869969,2483195728,8735833,542338,-
4512068213,4397742355,8736509,5597109,-
2423065265,2032824319,8736573,561935,-
2070520361,373910750,8738022,7397355,-
12032363561,12018766519,8740249,2820069,-
1824361850,562880567,8741214,2727819,-
2121547665,1512504239,8743671,3952385,-
28314782961,28312351264,8744674,884209,-
1802524689,201950872,8744908,627125,-
4456753649,4254176712,8745220,8682019,-
3624367136,3469225519,8747512,919941,-
11066180613,11049538675,8747561,3974203,-
2730027776,2419125199,8747832,4274701,-
2743239121,2432012544,8748386,4477113,-
1814831269,304902483,8750253,3049777,-
2559575521,2135321840,8753587,5837530,-
22624140017,22620045016,8753821,4513212,-
1969420216,762155439,8756434,6023961,-
2630468817,2262186223,8758415,5215769,-
3713945255,3542617079,8760216,5443950,-
2313845425,1742351184,8761310,5893569,-
2392866149,1939165493,8761908,4764558,-
2122450649,493483382,8762229,7716960,-
4311624025,4203060022,8763243,1570968,-
3641224845,3486422507,8763947,286707,-
1974390217,421996678,8764875,6439638,-
5397218049,5328643088,8765029,1959594,-
17045309896,17038425839,8765266,3122647,-
4586187341,4425559659,8766059,7892221,-
2294315021,1170620539,8766573,8220449,-
2975357921,2599277784,8767394,7319437,-
1825936560,560742719,8767889,1113480,-
10103237160,10081811887,8768228,5022373,-
2009688029,1300233963,8770871,911213,-
1829050249,582000358,8770971,1377246,-
1822256417,502754136,8771911,1336364,-
2114697549,1519586587,8772275,2261017,-
2458843217,2071720536,8772632,2677147,-
2015883041,251376480,8772925,6889342,-
1822447387,52701931,8773026,3370212,-
2039493785,1206604022,8774139,5318112,-
13653680992,13643062911,8776581,783262,-
2690372296,2379966015,8778159,2721520,-
2441221319,2049579623,8778558,503142,-
13052139280,13029179247,8779447,8716494,-
2757374801,2418189904,8779557,5450416,-
2037791025,1026905152,8779676,6157427,-
1849755037,87816251,8780623,4427087,-
2942745202,2687780071,8781324,3311619,-
2092422041,972805670,8781408,6920715,-
2881239192,2409286063,8781977,7945570,-
1989460081,670038399,8782127,6349107,-
1847830313,530697926,8783358,3798525,-
10543263717,10518333571,8785837,6951877,-
2147719937,1048359096,8786684,7270271,-
1920439528,977981135,8787212,3688973,-
2708561009,2401999553,8787978,2632044,-
4605807057,4499388968,8789563,5046660,-
2371430281,1496727479,8789941,7959473,-
6418492289,6368636863,8790807,3452119,-
2532250097,2054913576,8791696,6310627,-
1989773352,607826543,8793801,6395750,-
6401214233,6327085495,8795383,7414911,-
24365115985,24361142264,8795728,5746715,-
1975523233,1185821135,8795821,2745529,-
28589427065,28586534839,8796465,5764097,-
2033128433,1331368575,8796791,2736107,-
1852285585,347817632,8799158,4224137,-
2445231449,1863746007,8799545,6810121,-
5947023545,5889236822,8799636,2951613,-
1906526528,969065935,8800566,2150561,-
3078147985,2615279567,8801723,8522717,-
3163154018,2947321175,8801937,2580444,-
3044509579,2811211867,8802168,474690,-
10597064145,10571409632,8802183,7153766,-
2148952137,1512278471,8803281,4629617,-
7444753697,7408439368,8803602,1175875,-
5093032048,5014548735,8804114,1533093,-
2020805505,330037304,8804575,6854016,-
4192085101,4064923355,8805805,4704799,-
6849249535,6795805519,8806110,6170136,-
2145389960,1458237279,8806816,5247335,-
1973678965,875565637,8806902,5625204,-
1823484881,344262639,8807683,1459651,-
9318710269,9294475547,8809585,4068463,-
1996147552,1199560991,8814067,3724186,-
3325831393,3115906760,8814088,4729033,-
7251262298,7206871031,8814960,5510049,-
2470396717,2035615691,8815661,4952699,-
2416252841,1665609209,8815716,7661778,-
1965114097,279682968,8816410,6249039,-
8005427933,7959244155,8816629,7265021,-
17685672353,17679229080,8816921,889108,-
2062307656,1315849695,8818173,4596130,-
9297529521,9268368280,8818450,6214337,-
2212558528,1632876735,8818703,4552608,-
2556561413,2096056371,8819509,6171305,-
1920753025,990999169,8820336,2787780,-
46670160353,46668650616,8821160,7856503,-
1852295881,669546359,8821231,441589,-
2263994313,1486381591,8824099,6893105,-
2547921320,2111800287,8824288,5705159,-
2766096200,2134886847,8824427,8560438,-
2229775817,1695704126,8824512,3477993,-
2680364208,2361206735,8824706,2293473,-
1828866888,363025535,8825019,1398374,-
2309192377,1841697543,8825307,827785,-
1856564912,350594287,8825650,4123095,-
6717290328,6658400815,8826373,6543016,-
2777253753,2467219111,8828719,4253525,-
2211558801,903495215,8830601,7951905,-
16049565424,16041674943,8832079,1761084,-
2335932482,1880765591,8834274,1255269,-
2161805640,392678639,8835990,7926121,-
14848591873,14839363921,8837100,1054722,-
2802545337,2514596903,8839799,1527795,-
29149397600,29146999167,8841083,1370102,-
5233766737,5157490928,8842250,2831207,-
4700309752,4559597471,8842903,7360448,-
1956323705,1104613214,8842935,2226654,-
3664719781,3501703285,8843010,3584736,-
7899521480,7864367887,8844829,4558164,-
1851176664,597241039,8848435,881600,-
2982908449,2723348593,8848698,3817068,-
1912130458,646539991,8849127,4926300,-
4385705504,4276611663,8850866,1311871,-
14361153105,14342952152,8852346,8453287,-
2302602019,1790229283,8853264,4253496,-
2191063265,801149489,8853372,7882590,-
1838559473,398946280,8854054,1546959,-
2288486113,736100456,8854775,8587628,-
2721581649,2273911808,8856066,6887143,-
8459786344,8429514623,8856827,4238918,-
13372967000,13356636207,8857288,7138181,-
1833970825,203305079,8859235,264409,-
2496580145,1679240152,8859297,8264666,-
4165381897,4039930023,8861055,3611447,-
1895671282,650970823,8861193,4388370,-
2186156425,1013785294,8863305,7541652,-
1842647897,305751926,8865207,2674542,-
2986010297,2654242071,8865941,6464299,-
2074482461,1024492059,8866499,6394451,-
1873566025,14823527,8866849,4459273,-
3083466849,2849377592,8867440,340887,-
2321438077,1845291051,8869941,2468233,-
5089901256,5008925359,8871397,199828,-
2206276352,1613099503,8872855,4306446,-
1982856943,1075138111,8873010,4340076,-
3525533633,3241883320,8874912,7716143,-
3185776701,2946978859,8876033,4803757,-
3489814557,3303981563,8876969,3873015,-
7047031585,7004732744,8877635,2693314,-
2148631545,995066999,8878249,7222425,-
2127703673,1503540615,8878703,2088787,-
64620569875,64620054499,8879682,3932580,-
1900538504,62637343,8880397,5040426,-
2026331773,419014251,8882361,6705685,-
16230914341,16219286979,8884521,7371143,-
2874222512,2595121887,8884930,2437565,-
9729002160,9692828047,8885629,7952744,-
3289944113,3077855441,8886774,3830730,-
1923899777,757878576,8887519,4597288,-
1901325329,377198272,8890985,4888002,-
3596149421,3427006779,8893513,1250291,-
4568724577,4466529216,8893934,693651,-
3804488513,3649994400,8896556,3638449,-
2211209280,1654478767,8896997,2031272,-
6398479793,6338164456,8899027,5715240,-
2324893546,1784000359,8901906,4967463,-
12293204672,12277364271,8902009,5465626,-
1921183129,674781879,8904115,4723725,-
1984937573,485386435,8904557,6137739,-
4659923609,4548496023,8904647,5317271,-
1921002549,914102003,8904959,2465559,-
6235301089,6147756552,8905060,7840887,-
2371056010,1913766487,8905902,2336397,-
9411933824,9376731903,8909477,7412578,-
3440345488,3219860735,8909674,5673883,-
3760261725,3560618027,8910073,6443949,-
2178520640,1529406079,8911905,4615688,-
64684200589,64683696013,8912112,2236284,-
2715191269,2112208803,8914609,8087481,-
4865836880,4775200927,8915668,556311,-
1862934955,48727627,8915742,3479142,-
2094531944,463010047,8916095,7254612,-
3327994040,3038505487,8916554,7060623,-
1957024109,997977723,8917009,3657851,-
6550379649,6486542048,8917028,6527199,-
1977372525,517238347,8917099,5970349,-
2033387793,951131936,8917524,5913845,-
2429192993,1998615535,8919537,2158819,-
2779027200,2142213487,8920951,8531594,-
1898149837,762760251,8921721,2777419,-
2545302424,2160713823,8922734,2824419,-
2080905025,1369649712,8923328,3170289,-
2130646760,1484641599,8923345,2779676,-
4310202233,4160564345,8923572,6433104,-
1899686917,791665251,8926311,1808569,-
1951233464,372634287,8927461,5658500,-
2361360673,792841631,8928505,8913943,-
2003919857,1095415776,8928658,4407217,-
8129210792,8096919103,8930059,2033070,-
3846354936,3623974175,8931021,7368670,-
1926506425,182487879,8931987,5283215,-
2665401322,2324854183,8933865,224538,-
2296933685,1476347187,8934143,7091833,-
19387931597,19382277581,8934612,1131756,-
2503773040,2104256399,8936707,471760,-
3634334104,3392682383,8937958,7120721,-
1979098289,1021290288,8939009,4167334,-
2039244650,471957479,8939538,6677895,-
1923991261,537848219,8940841,4899713,-
2279237465,1748147222,8941254,3214167,-
2199071429,284350323,8941583,8059501,-
1936669864,895867583,8942741,3495106,-
1882422017,645381936,8944544,944063,-
2041586105,977836622,8944617,5852922,-
1878443952,7664351,8947362,3848381,-
1869519842,150560711,8947749,3315228,-
4729242113,4612012536,8948786,5957275,-
1859840360,194835999,8951245,1553318,-
19749093467,19743152171,8952696,4788006,-
2022527411,1123590275,8954370,4542972,-
2078357888,1146020575,8955459,5679362,-
2757002544,2111151887,8957250,8454671,-
1879039832,391219551,8958352,3403751,-
26578503752,26575462671,8958844,1226851,-
2619507357,1823477051,8961821,8596437,-
1934052389,921714627,8962085,707059,-
1907476304,783471007,8962692,1595945,-
3400176297,3202873351,8962997,230027,-
3141876441,2901375799,8967829,3332011,-
13726879993,13715428726,8967840,514803,-
1952575304,991525423,8968443,441056,-
83970074104,83969473823,8968894,8883149,-
2044639793,1271118760,8969132,2177229,-
2801099449,2493260542,8970663,1318590,-
2155444113,1522960831,8971925,1214671,-
3351630433,3045272720,8971991,7357076,-
1966625384,349976463,8972662,5734831,-
2335997856,832681375,8973364,8683735,-
4860384029,4681874827,8975495,8689803,-
1938524073,813681191,8976045,3994469,-
2168702101,1399997939,8976449,5571247,-
1894786824,669323023,8977132,1695971,-
1942041893,360019445,8978634,5282844,-
2741598779,2289971723,8980446,6764748,-
2121888517,1257518293,8981280,5703846,-
4832136499,4736708563,8982078,2583642,-
1882494920,541715167,8982306,1274173,-
3568087257,3255264311,8982939,8153531,-
2083888481,175610544,8983094,7093741,-
1873071815,144733127,8983236,2737968,-
10649592874,10629197047,8983755,4506582,-
2188140338,121006055,8984958,7931601,-
2858393981,2556829469,8985894,3305238,-
4261936739,4138629683,8986164,1565802,-
36493192120,36490811967,8986434,7392907,-
50722354305,50721509072,8986491,1179098,-
3963261937,3815444591,8990971,3633107,-
2643034080,2284271279,8992488,1498715,-
3310498553,3089334425,8992698,4003038,-
3192205560,2873234767,8993729,6899822,-
1997917474,373746487,8993805,6094806,-
2084257704,186656623,8993993,7074094,-
4100318917,3966108613,8994600,1484652,-
3971981909,3793865717,8996610,6230286,-
1872399241,218901159,8997481,712767,-
2669222153,2317967031,8997775,1714859,-
1877736361,26242599,8999907,2782603,-
2776456449,2056856192,9000180,8851841,-
2219099239,1311919543,9000498,6775344,-
2134577305,1467800182,9000633,974466,-
2024136371,350930819,9001878,6405456,-
2274661925,1692010997,9002058,4350528,-
10883589517,10863278363,9002075,5024239,-
23601122033,23597143576,9002700,2973341,-
6016229953,5955109736,9002920,410033,-
2552917985,1671749344,9003548,8570295,-
24085998384,24082207183,9004292,2205619,-
5454148192,5378541183,9005118,2975365,-
3768124904,3573671103,9006682,5984213,-
34822939089,34821120568,9008806,2311673,-
1993295672,1098872751,9009049,1529906,-
1924247320,726971567,9009556,3510427,-
33324854066,33322814999,9009714,3777621,-
1922857021,784267021,9011010,2414460,-
1954291303,945076231,9011262,2256390,-
6464332793,6371985206,9013215,8329098,-
3445595112,3224523071,9014289,5279032,-
3443250805,3244126227,9015237,2944979,-
1909180648,624275615,9015434,3234797,-
2695898216,2077414575,9015769,7963090,-
2417022945,1880081104,9017750,5418163,-
2029388173,1202643755,9017777,1526351,-
1897777344,472620463,9017893,3282212,-
1892498177,424597888,9018213,3056330,-
1902658977,644102696,9018856,1453401,-
20778949777,20773607688,9020663,4149030,-
1918960736,532350799,9021098,4136577,-
3375515413,3169324163,9021595,1208585,-
2855358905,2438664247,9022107,6810451,-
3667602155,3356776427,9022512,8359404,-
1879134113,48525960,9023641,1508012,-
2175698785,624037727,9023947,7650013,-
3355278193,3138857568,9024765,3826900,-
1917081965,1060877,9027018,4487502,-
2426701137,1819889296,9027238,6346471,-
1884966607,170610463,9027330,2678208,-
2817741248,2458762735,9028329,5420734,-
3493430656,3301588079,9028501,886432,-
21422364439,21413793127,9029100,8471166,-
2170562349,1459424027,9031589,4641705,-
3820377933,3649416683,9031625,4733415,-
1882394881,163916400,9035685,353314,-
3494528625,3301766624,9035715,1924876,-
5319113801,5211516855,9035915,6912257,-
2765730833,2423535136,9036128,3992715,-
2645610272,2264770143,9036515,3905902,-
2380001072,1810097071,9038619,5440736,-
3991272481,3748946840,9038864,8058425,-
2121711577,1166839081,9039276,5988714,-
4648588117,4534839491,9039509,4771097,-
2191800146,455816759,9040089,7828548,-
17980727053,17967183051,9041655,8959393,-
2588796728,2201024671,9042775,718248,-
2599477633,1969019135,9043049,7546937,-
3134193729,2742980168,9043356,7670287,-
2045886481,823015009,9043746,6023472,-
4293147984,4113227423,9045126,7302509,-
1997078513,993183375,9046157,4121933,-
12834071866,12818872999,9046908,5322651,-
1909661800,35151119,9048655,4015898,-
7981936389,7946507123,9049947,2412233,-
2178038593,647764296,9051535,7606656,-
3274881793,2993138895,9052379,6317001,-
6237469681,6133409280,9053135,8502786,-
2806824001,2479860984,9053576,3463119,-
4453949608,4337896815,9053634,1753399,-
1944270293,575669811,9056705,4556399,-
2093624728,1224812975,9058393,4962682,-
2030157592,1177253391,9059202,817201,-
10907977857,10886014448,9062274,5732155,-
1934799845,292049667,9064339,4649381,-
1936333211,795846299,9065964,848736,-
2257124696,1674694479,9068558,2500799,-
1910283593,490260231,9069023,3067505,-
4330837425,4152859487,9069463,7301859,-
8808483997,8773754221,9070932,5983566,-
26591480481,26586712559,9073893,7598359,-
2109347201,281671744,9074302,7128699,-
5464193066,5379769655,9075681,5071020,-
2154917273,896290025,9078768,7066098,-
3795012401,3611854639,9080553,5213401,-
1962784849,471803072,9082220,5054299,-
9125943392,9098468911,9082811,2482548,-
13281071885,13266891579,9086105,5106437,-
2144669681,1446953199,9087679,1960063,-
4099461361,3953680736,9088015,4053890,-
3369416113,3154255256,9090175,2549054,-
2139958080,527326687,9091129,7288736,-
2463046837,2008989781,9091506,1193298,-
12854039440,12835822767,9091623,6836606,-
2025141233,1134961720,9092913,1646926,-
6310790183,6218424695,9093138,7971576,-
1905907589,427851523,9094943,1268793,-
2663664504,1777108879,9095485,8959180,-
4233640522,4053970183,9096090,7007391,-
3227915585,2990867392,9096392,2383473,-
2019254201,1113356654,9097929,1181778,-
1941249608,604195935,9098393,3945316,-
4382894001,4260599744,9098477,217932,-
1944916409,533959383,9098749,4328611,-
2044002280,1190152847,9098813,223448,-
6001952653,5930502445,9100518,5269482,-
2073249842,1261538231,9101277,2553678,-
2131478345,1401735062,9101313,2872284,-
2280379281,116399480,9101798,8406345,-
19047167633,19040850065,9102828,1662204,-
2205962129,1328232648,9103147,6248636,-
3707161649,3532450048,9103836,221389,-
2319783305,1767758599,9104157,3075275,-
2056796321,965633320,9106234,5513955,-
5535785313,5459392696,9107735,2601788,-
1903122472,223831311,9107811,875276,-
8189710449,8155354112,9108783,314090,-
1943336545,767936689,9109146,1033740,-
3726102533,3552805635,9109883,702811,-
1907002912,325436591,9110821,1799368,-
1984686665,497243462,9111537,5322216,-
1938690905,732857319,9111677,706145,-
1914630024,447631583,9111762,2448701,-
6202353297,6127592047,9112795,6352325,-
2018653141,1094017189,9114504,1974894,-
1985047101,972472955,9114805,155451,-
2125678993,1344026936,9117175,4044674,-
2891460648,2559035935,9117742,4739981,-
1935883984,179403359,9118105,4284580,-
2628081729,1920470488,9118372,8028913,-
1936703545,695928022,9119331,1830504,-
5160570177,5058477391,9120641,5727901,-
7060565731,7007429299,9121056,5574942,-
7032851013,6982548115,9124219,4680799,-
9549912617,9505509703,9128095,8471241,-
2161491899,1258500443,9129342,5834706,-
11008693040,10987435647,9130949,5254774,-
5627386817,5551871536,9130988,3356433,-
39969863384,39968326143,9135064,4482047,-
1954249945,551839462,9135426,4263783,-
1938958808,363603135,9135467,4077902,-
3010042737,2628341176,9136966,6805777,-
1993745497,146119081,9137064,5554914,-
5580405637,5504425731,9139047,2260097,-
2715633489,1826557232,9140185,9131682,-
5322553968,5219297231,9140705,6349602,-
4273712712,4078516751,9142307,7537932,-
2086778961,1238296400,9143835,3750328,-
3420254265,3183211127,9144387,5256379,-
3722572337,3546119743,9144745,332331,-
2090727544,160626783,9146334,6798691,-
2253769985,1547970832,9147408,5210687,-
2286220001,1703689144,9148403,7434,-
10999848273,10969938080,9148571,7862988,-
22753082753,22747269600,9149902,6701563,-
2468773825,2002915944,9150740,396177,-
4025365594,3865361623,9151197,4630434,-
2277331306,1324619431,9153810,7046505,-
2375629448,207492655,9154096,8935941,-
2184415201,222701000,9154445,7629982,-
13905140757,13892711411,9155133,3653189,-
2132819073,721472936,9155400,6925537,-
2138670584,401343087,9156245,7200968,-
4496231816,4254406399,9156854,9101211,-
2251259121,1633709464,9157028,2069987,-
3350128864,3126679887,9157110,1128961,-
2144842905,1381606919,9157915,3741777,-
5099643994,4988419303,9158037,6176808,-
2338667425,1756392687,9161099,4259481,-
2877342273,2391051400,9162322,7464491,-
4314567521,4106850624,9162332,7954409,-
5081971985,4905711304,9163330,8851287,-
5251232400,5132180479,9165505,7120084,-
3701208765,3505539547,9167537,4865489,-
4454453881,4297663799,9168137,6639497,-
3352714259,2909070563,9169428,8800782,-
6822616477,6758999291,9170099,6449237,-
4193565937,4054580736,9171357,2033956,-
2553469657,1729993671,9171989,8141889,-
9495302785,9468954912,9173744,2222049,-
1931209969,489852728,9173903,1197218,-
1923581195,306072539,9174480,1424946,-
39789949249,39787620368,9175076,7939889,-
9801783241,9777038535,9175635,2251781,-
2172408962,972782087,9176220,6880875,-
2972317154,2676245927,9176445,857472,-
2636997224,2240374687,9176456,1021545,-
2946008561,2584045615,9176479,5913585,-
1941261533,601978075,9178499,740013,-
2259604792,982242863,9179195,7686164,-
3449153585,3237285424,9181050,1109599,-
2846886577,2400536328,9181572,6796205,-
2496472953,1935729655,9181711,5883887,-
2876600741,2555849491,9181875,104065,-
4653122737,4540815536,9182783,1767982,-
6041794953,5963909191,9183047,6014425,-
14528122257,14516678936,9183637,3357624,-
1926081009,147209048,9184186,2287119,-
1944307528,597420095,9186037,2011298,-
2469643617,1409150368,9186878,8467795,-
2448991112,1962775071,9187472,1090441,-
2006862801,573545599,9188467,5260679,-
1930023073,33181400,9188636,2791001,-
2045583365,1018091139,9188825,4400897,-
7832642234,7793616407,9188970,2041587,-
1981483901,849709819,9189619,2427267,-
2017731233,163906096,9192440,5719143,-
3090733537,2817171791,9192509,2250631,-
3650342977,3377474816,9192806,7383061,-
2024508573,574813115,9192961,5574657,-
5683946168,5609248255,9193624,1007871,-
8329489413,8270344595,9194869,8440449,-
3240803717,2898603603,9196159,7093435,-
2221114957,1063648811,9196247,7142071,-
3772312217,3596080166,9196299,2238564,-
5207579650,5117953447,9197283,1839204,-
5247428145,5089700144,9200205,8602748,-
2103181313,871955376,9202270,6191131,-
2510645618,2052812855,9203463,559056,-
1951555969,636538632,9203464,85665,-
3024318521,2736240590,9203712,642795,-
1961433581,334346059,9205443,4255013,-
2377899825,1479899264,9205478,7415265,-
8029733205,7992433699,9205595,231649,-
1993309977,903868343,9205651,109005,-
5566266257,5485884936,9207644,3643861,-
1945110713,360692825,9208662,3319134,-
2151763274,1110919943,9209904,6113613,-
4093777189,3945186037,9210480,1578714,-
3350698657,3082174568,9211534,5809315,-
2751385617,2006457656,9212661,8630128,-
1972425346,513362599,9214479,4259622,-
2074541800,8965487,9214891,6437912,-
2420801914,1748682247,9215706,6350415,-
2854721933,2520424635,9216377,2486117,-
5895400831,5783950879,9216798,8043534,-
52731691858,52730796295,9219438,3959943,-
3449482537,3192755783,9219995,5972939,-
1957544081,640831144,9220053,1841776,-
7060628001,6995014799,9222051,7063399,-
9986499913,9961693150,9222066,3614163,-
2219504147,615992291,9222072,7673442,-
2538189808,1988802831,9225585,5936158,-
2131674703,1341853855,9225636,2262234,-
1935013569,13438223,9225987,308879,-
6115997505,6020452864,9226475,7584046,-
2187134136,1288638719,9226704,5725889,-
5523875033,5442235911,9227153,3270635,-
7075796505,7026988247,9227589,2346787,-
34436827185,34434698944,9231940,4186573,-
3991082817,3720894088,9234575,8316952,-
6508361353,6450534886,9235035,1760094,-
1994226914,753949703,9237429,3856188,-
1994805986,634177895,9239871,4454850,-
2261007329,843387768,9242569,7778716,-
1970078949,698339747,9244835,1029501,-
27852967567,27849186271,9246444,6212478,-
2348062157,759014093,9246780,8490912,-
7674718072,7631309711,9247171,4213316,-
7187568321,7139530384,9248657,2978896,-
5306994597,5218855411,9250979,510359,-
2074220000,151024399,9251430,6319793,-
2080386144,1040235103,9251866,4845917,-
10648304267,10622767451,9254214,6040644,-
23535821773,23529290715,9254843,7699311,-
9849802633,9824524585,9254886,1194558,-
2512527249,1660466008,9256142,7923977,-
6943795429,6883450563,9257169,6015583,-
5729366849,5604572848,9258636,8268977,-
2089624713,1210699895,9259089,361979,-
2044291193,949181895,9259427,4285711,-
7064210992,7014733791,9260871,364888,-
3150781761,2881085200,9263320,1015921,-
1984608728,557571535,9263603,4087992,-
1972461763,667281763,9267450,884430,-
2033856305,1011953727,9267509,780553,-
4437125385,4307312087,9268073,2859621,-
2068158144,1045255103,9270129,4226876,-
4535876241,4398135104,9270444,5415787,-
2311692785,1676354344,9271055,3995514,-
3924087009,3627940607,9271905,8525737,-
1974813949,617980573,9271974,2940822,-
2559776669,1488741533,9274104,8828748,-
2063824897,977001408,9275841,4618340,-
3070681869,2719446667,9276305,6157769,-
2184983857,669569256,9278643,7221232,-
2621014664,2188902447,9279865,3178042,-
2455092962,263724983,9280365,9262986,-
1965999058,563291575,9281166,467901,-
2009039329,329350623,9281361,5054129,-
20773861097,20767780238,9281649,4602420,-
10101964453,10077657875,9282239,283213,-
4020760833,3841495520,9286026,5441509,-
2002813953,375036880,9286316,4830527,-
2232522425,1544905622,9287343,536574,-
2032022805,867174067,9287929,4149929,-
3729458832,3538892591,9288377,3231846,-
2672477344,1747458783,9288771,8911486,-
2259587209,58092087,9289657,7996755,-
2164312738,1358925175,9290403,3657714,-
1961501485,421498347,9291297,2099017,-
3677050135,3447585127,9292764,5983218,-
2086396273,1174777016,9293231,1205230,-
2309896505,1693317782,9293553,1762182,-
2144598737,1338844776,9294791,37814,-
2323983433,1431381145,9295812,6810882,-
3327945871,2823535759,9297408,9105912,-
2398486689,1529597968,9299431,7235264,-
2823971392,2466958863,9299555,2298864,-
13612601168,13598293311,9300476,4639825,-
1960967185,221420127,9300563,2625279,-
2324059888,1468807535,9302741,6597584,-
2671679408,2075881215,9303169,7163852,-
1958299096,190900479,9306971,373314,-
4703523265,4498934744,9307189,8608870,-
2173682282,988747511,9307857,6511716,-
2006177321,639393230,9308037,4184310,-
2438472829,343573403,9308221,9131179,-
2446242968,1211675071,9309042,8552405,-
3278792872,2729763471,9309628,9273597,-
1995884503,352045015,9310704,4449792,-
4666429081,4546404334,9312849,3302334,-
2384297368,1780520175,9315548,4412427,-
13124187405,13109596747,9315679,105367,-
1967562840,392923567,9316796,2157403,-
2128638017,1186777168,9316971,4575530,-
2064850121,1080641774,9317118,1565091,-
6369249080,6305371087,9317153,3559398,-
2043629797,897135891,9319047,4057381,-
6376956650,6314433047,9320487,1595448,-
3038426017,2731337951,9320947,3352747,-
31649718473,31647200966,9324015,1609308,-
2061633521,1057812424,9324963,2054324,-
2787895393,2000708975,9325253,8836807,-
3004375225,2605061209,9325410,6581994,-
3170755473,2659955231,9325875,8609201,-
2011003561,480960190,9326385,4620396,-
1964575961,99850094,9328383,1738818,-
2343025472,78580831,9328413,8528258,-
2494528105,1353192934,9329865,8599056,-
12481407777,12450591896,9331001,9076092,-
2191315325,668054907,9331549,7169203,-
16864820357,16855888611,9332347,2378147,-
2816136161,2441865640,9332471,3703080,-
2341700449,301009568,9333737,8501572,-
2097356993,1085620200,9334261,4341386,-
2356606125,190322587,9335209,8606363,-
3750282785,3512430592,9335508,6529273,-
2906857898,2468366855,9335661,6625668,-
9497849719,9457780423,9336786,7520376,-
2862436481,2450079024,9337286,5816699,-
4874011633,4722007680,9338544,7334173,-
2619030909,2174596363,9340031,2905291,-
1971282001,22847064,9340428,2643749,-
14945136240,14929927327,9341399,7117336,-
2466642992,303667071,9343054,9262267,-
1973827616,197696991,9343555,2790710,-
3735953632,3525898511,9347932,5095709,-
2153917370,1244904887,9348273,4544196,-
4216156793,3910260590,9348453,9312324,-
2917478961,2580525584,9348749,1780224,-
2331453041,1634210584,9349738,5081553,-
2672154537,2202940663,9352471,5213435,-
6023386528,5936716895,9354841,6363536,-
3882853265,3704012177,9355164,2811468,-
2812548209,2407517584,9355345,5017830,-
52793953729,52792990928,9355696,4441297,-
2133231016,1269261839,9355919,934346,-
2183628833,167747200,9356541,7237118,-
2633544584,2194351263,9356704,2419543,-
3567153497,3335071622,9356955,5010120,-
5594329217,5511386536,9357684,1473631,-
3113845157,2590685813,9358380,8464758,-
11685065536,11666304639,9358971,833246,-
1984060309,400731493,9359634,2909412,-
2364835858,1423545415,9360138,7184649,-
2939906397,2606991691,9362767,1630147,-
2486443304,1970690623,9363816,2355887,-
1990343440,556098527,9364202,2201149,-
1982664643,6876355,9364572,3188232,-
2711942744,2305257583,9365803,686364,-
3022881297,2553530672,9365835,7566380,-
2214581720,843409167,9370682,7106609,-
3785090368,3595047215,9370759,2712706,-
2051986832,514910463,9371905,5300108,-
6968828025,6915222007,9371989,2437373,-
2745240841,2296947934,9372807,5404152,-
2167046416,1226452095,9373535,4973592,-
2152172059,365920747,9373596,6848190,-
6653783119,6593288863,9374232,3934734,-
2035948392,890251871,9377191,1129464,-
2132074688,734420575,9377638,6286941,-
8466992584,8407222943,9380216,8418263,-
4689319733,4558617795,9380633,5031427,-
2891959025,2491912272,9382031,5573378,-
3022671512,2395110943,9382131,8847970,-
2070022408,1033866255,9382479,1984546,-
8744791537,8691254576,9382946,8170319,-
62282557009,62281616592,9384202,7514535,-
3017674777,2701757111,9384707,1154749,-
5390029265,5274121937,9386268,6789144,-
2088439577,1080601111,9386613,3027139,-
10828335961,10806189959,9388031,1585829,-
2179157345,1122714127,9388069,5842431,-
2212976393,1319456151,9388603,5268935,-
2295910273,1627927681,9388740,2054424,-
12709909369,12689881527,9389575,6617607,-
13040686385,13025429344,9390111,395030,-
3146697490,2792047927,9391164,6338343,-
3130619545,2647540167,9391719,8118739,-
2545078933,1701752725,9393252,7837008,-
2101946537,555917006,9393462,6038043,-
3208806145,2933436144,9394260,1706239,-
2119039169,631050593,9395394,6193746,-
3722833953,3487101920,9396012,6116473,-
2761290241,2364984080,9396545,2347108,-
3182807376,2899856495,9396818,2787465,-
2003703432,623907151,9396973,1433576,-
1985332864,259854143,9399998,708917,-
2646402393,1832099255,9400589,8224227,-
15562403112,15551622751,9401078,2004317,-
3866156801,3643852625,9401976,6316830,-
1998862305,555221552,9401997,1017134,-
14554002373,14529704691,9402569,9336405,-
1999194122,557703191,9402759,676452,-
2577637802,2103062663,9403059,1635120,-
5770609745,5688550912,9403239,4028546,-
2416906065,1806935192,9403264,4472667,-
2019563761,620831519,9406051,3611767,-
2456192425,319015417,9406362,9132768,-
19196591341,19189472235,9408519,2371265,-
3773667745,3567272904,9409113,4743440,-
2048891905,836982984,9410331,3626450,-
2734379657,2305788231,9411079,4297369,-
9417281608,9386002175,9411638,4601243,-
4373027721,4229135575,9411895,3435941,-
2740195409,2312234728,9412416,4368539,-
2568122440,2071095087,9412921,3775014,-
2021302513,674862335,9413903,3140077,-
2192130295,13204807,9417774,7186596,-
2081385811,64815859,9418086,5821962,-
2425481040,1838551327,9420233,3659144,-
2233522529,1480239168,9422611,1998602,-
10708035466,10672407319,9422886,8112381,-
7391808913,7343353760,9424892,600107,-
2092724825,1083185942,9425988,109557,-
6471285385,6404079577,9425988,4635354,-
2034623393,798897768,9426535,2024740,-
2049838336,887301615,9427672,1957365,-
4667903747,4441400531,9428058,8872884,-
2303061482,61901831,9428097,8104458,-
4966843480,4851614687,9428281,4553024,-
2034042544,137032383,9430694,4735701,-
4804377352,4687263231,9430977,1282276,-
2007867265,527635032,9431073,2460448,-
1999986097,437860472,9432410,633535,-
4361139872,4216055871,9432437,3081218,-
2119458469,1136684003,9433313,3398633,-
1999529405,28074027,9434009,2925397,-
2509520906,1618400999,9434139,7769376,-
16594618501,16584856659,9435423,3402971,-
3660283905,3424008592,9436694,5575973,-
17613993257,17605260103,9438145,3709911,-
2363896672,989715551,9438694,8099293,-
5660089097,5529362441,9438888,8115948,-
2285111417,1360473926,9439266,6197649,-
12406803601,12384146664,9439433,7074066,-
2829905445,2450495059,9439955,1614319,-
3331508410,3064108807,9441039,4028286,-
11016576760,10994701007,9442318,298847,-
2058398544,900732527,9443115,2498068,-
2003117784,29393023,9448718,2859259,-
2047193978,793674455,9454152,3087609,-
2133641017,1058480471,9455381,4807621,-
3031036145,2705189232,9455516,2740381,-
3797247409,3575267688,9455853,5702068,-
2107920624,1109721407,9457290,321803,-
2312247360,1629572767,9457958,2400877,-
3067969536,2738440879,9459038,4280921,-
15014407952,15002454271,9459686,2893797,-
4229139720,4069966367,9460268,3823287,-
2184067792,245056383,9460782,6993595,-
4027681633,3855644720,9461801,1501888,-
2113387033,1123581721,9462360,1418676,-
2106656858,805301975,9464244,5324889,-
2196717037,1366825787,9464495,2187605,-
5370401579,5266461947,9464736,5310810,-
2335893216,1616022319,9464878,4728697,-
2167395633,1289132776,9465505,1853362,-
2121125261,553477339,9468227,6047031,-
17736900928,17726423775,9468537,6553648,-
2045728082,162092711,9468831,4771686,-
9115519784,9082687983,9469481,3266906,-
2206300625,1099783072,9469798,6081159,-
2483795765,538194147,9470287,9187027,-
2020065146,336961799,9474639,3479106,-
2983099249,2617016528,9475508,4867843,-
2386802273,1709181256,9475580,4826199,-
2310318161,1521252264,9477223,5222258,-
3234868378,2644189351,9477930,9241401,-
10268316001,10242725360,9479251,799550,-
2018473226,528151175,9479910,401793,-
2081893591,982049239,9479916,150864,-
2261818441,1197841294,9480456,6490023,-
2031983393,597259720,9480647,3146532,-
2819664977,2427064848,9481864,2478875,-
3706972049,3499502128,9481899,342956,-
2029295109,419112083,9482073,3757501,-
22062605689,22057061833,9483018,1599504,-
3567779219,3337014323,9483642,3586494,-
8595451339,8557576603,9483762,4047228,-
4940424432,4812034943,9484584,5714785,-
2021129425,483105887,9485039,2653997,-
2869199281,2309775984,9486721,7519854,-
2197350961,1358710344,9487206,196001,-
2243757905,591260832,9488164,7391461,-
9248834881,9217132479,9489087,266977,-
2188193816,1293294079,9490597,3767418,-
4295126077,4139496843,9490951,3716595,-
2553763497,1934629351,9491537,6002209,-
2370596833,1681970936,9492365,4592578,-
2210143315,819233779,9492738,6790290,-
3759892682,3334927991,9493662,9439413,-
3597321697,3157776072,9494280,9126775,-
3895947137,3701468656,9496672,4116897,-
4233542723,4076218691,9499644,1480320,-
2143778193,1193133280,9499657,1776146,-
2173357505,735939672,9500708,6439697,-
3293964408,3017890271,9502280,3173049,-
2014190107,217245931,9503658,1379772,-
2160488481,964305800,9504136,5663175,-
2332446257,1500586193,9508338,5806290,-
2264334608,928465615,9509427,7162544,-
2833674513,1872503935,9510217,9459757,-
2557766433,1931588960,9510408,6056711,-
2360991153,1011880480,9514634,7917377,-
2282684354,1534879367,9517170,2934999,-
6492533360,6426136287,9519502,3152579,-
2139604565,1163010339,9521255,1380403,-
2137252645,1124848117,9521394,3314664,-
3131701885,2821516907,9521671,2391851,-
2039210385,214605032,9521749,3976428,-
181372472689,181372389313,9522576,1527006,-
2097415549,978489803,9522673,2859979,-
12717438433,12699627560,9523496,4482697,-
2186463265,924454767,9526503,6145397,-
2023857977,325310846,9527367,1999182,-
3628657809,3154168888,9527659,9503956,-
2360474977,1606821896,9527662,5256109,-
2217457089,1137323648,9528309,5873086,-
2872408600,2457229247,9528469,4989254,-
40868312768,40866212335,9528838,6909783,-
3550208624,3284827999,9529305,5702060,-
2386144184,203482783,9529491,8544746,-
2602788065,1907230032,9529498,7034227,-
17497889968,17488153151,9530960,5119279,-
2171511093,953304115,9531103,5786393,-
2745342656,2311096495,9531225,3120014,-
2578871783,2072187191,9531348,97290,-
13173331280,13156290367,9531516,4962607,-
2084541385,577765102,9532131,4968306,-
5883216554,5802604679,9532260,448755,-
2342121009,415927648,9532301,8199184,-
4012798689,3833576848,9534062,1946573,-
412405765281,412405749064,9534617,1780832,-
2081679825,903729112,9535888,1927163,-
2542969801,1446416999,9535993,8471057,-
2185064144,812811103,9536281,6349512,-
4136273329,3968359823,9537151,381881,-
11703880885,11683683157,9540714,666786,-
3768168458,3362554775,9540762,9211293,-
3304639501,3029430445,9540930,183318,-
2099206801,971055551,9541675,2603215,-
7122355201,7065958160,9542401,3866440,-
3099924521,2465748089,9543846,8979288,-
5781470040,5697378559,9544556,1836415,-
6823117369,6753481102,9545301,6033600,-
2111237177,996838718,9546105,3278874,-
2780610736,2076863999,9546533,8067034,-
2514702288,1487375935,9547829,8098486,-
4972703697,4857958072,9549830,189575,-
2120189360,999029967,9549904,3833779,-
2198128877,1035764621,9552186,5866146,-
2099562181,451728099,9552939,5375357,-
9615812027,9580961723,9553020,6008964,-
4164186749,3996861053,9553104,2354136,-
3165766305,2829547072,9553306,5222371,-
7399811705,7348702622,9555654,744183,-
2170027504,1216458047,9558161,2915560,-
2972655504,2605350767,9558345,3922226,-
4691330865,4561326719,9558555,678889,-
2480971185,936184784,9560208,8836435,-
2499840613,1660521555,9560863,7200141,-
2056806960,691854367,9560909,1937674,-
2329805426,1621212215,9562020,2241351,-
4367762176,4161767039,9562838,7325381,-
3290709442,3009684343,9563154,1691715,-
16047170369,16036322008,9563452,1787697,-
2662435939,2189948467,9564954,354180,-
2314877792,1353116863,9565140,6281039,-
2079407317,836736421,9565326,2414376,-
2049401592,328319503,9565910,3754609,-
2078015545,696105622,9568419,3990672,-
2686984577,2030313976,9569211,7171702,-
2250279445,1442915267,9569783,1385077,-
2237740288,845877791,9569843,6858730,-
2114653905,884157392,9570747,4399496,-
2381235497,849059671,9572659,8187207,-
2859413160,2464791727,9574084,1320347,-
4112090920,3849513119,9577880,7988311,-
3289992401,2869425304,9577989,7729508,-
2204177546,1311673079,9578064,2448753,-
2190807032,751973263,9578365,6395208,-
2667542249,1724498318,9580431,8583708,-
3699072897,3480711968,9580510,2119173,-
4361850672,4069955071,9582212,9192257,-
2057851960,648456447,9583048,1691841,-
17292837384,17279630543,9584333,7636632,-
2627840137,1349891271,9585881,9225369,-
2955371609,2543159342,9586380,5506227,-
6397179888,6325071535,9589349,4153508,-
6019117008,5939926495,9589634,2475907,-
2129482440,43856767,9590938,5879557,-
2293007581,729356331,9591225,7524685,-
7586738821,7537264035,9592155,2160109,-
25940734353,25936465240,9592981,3489472,-
3911354344,3716969903,9593234,1997081,-
2218636979,1345229747,9594252,1912560,-
18410222201,18401559494,9594918,4257873,-
11498250641,11476767304,9596523,2209736,-
2465257853,1865787005,9598056,974604,-
21045169177,21038379431,9598927,4795693,-
2948773033,2177792110,9601182,9085509,-
10548586202,10523054327,9602520,75105,-
2358648864,591088943,9602634,8150201,-
8252060049,8172726848,9603278,9320457,-
5990992106,5910380231,9604440,2717085,-
5709805473,5616566975,9607051,4612677,-
11826697357,11800162011,9607167,7134373,-
2384042145,1699907807,9607527,3294073,-
7448154101,7388897859,9607859,5960441,-
5311718664,5207111423,9608064,3551041,-
2060728408,611284575,9608221,528222,-
4749646585,4559046647,9609979,7882067,-
2212113137,996661576,9610598,6009009,-
2071835281,449966504,9610796,4055531,-
6338737850,6215408087,9611508,8817351,-
2047156682,8898791,9612744,2525349,-
2219023688,1327646335,9615926,2457669,-
8033672282,7984033943,9616284,5624055,-
2376543320,1685218927,9616457,3034602,-
2097891085,49247867,9617087,5104499,-
2073119137,486625248,9618137,3922920,-
2759140288,2317215935,9619441,662584,-
2933770057,2469662278,9620850,6344661,-
3122723585,2791774272,9622642,3295579,-
2728879037,2257483291,9622951,3943047,-
2140929464,874501663,9623027,4884222,-
2410136498,1395261335,9623151,7213752,-
2896974465,2505881144,9623386,909435,-
2188726816,1239607439,9624067,1083604,-
2221941785,1308913862,9624246,3486039,-
19904689306,19895510359,9625458,6940989,-
2525723640,1957183007,9627562,2207667,-
2200828945,1247832624,9628055,3336126,-
15407714413,15395638155,9628251,153683,-
4287222104,4038006223,9629606,8125857,-
2891053384,2141786783,9629719,8704156,-
2087657376,22501999,9630071,4724606,-
81600647033,81599830985,9630132,9367662,-
42466368328,42464778335,9630472,237017,-
19107506529,19099618687,9634855,2071759,-
2106694785,847953887,9635669,3308043,-
2493599197,1525991931,9638747,7590957,-
2205355576,1277890239,9640853,656418,-
2108621632,827912063,9642619,3571750,-
5172400721,5062176879,9643301,1852117,-
4798826522,4624193303,9647844,7380375,-
2496403945,1892333134,9648405,3276858,-
5196334705,5081592312,9648456,4539907,-
2415586840,1756933167,9649989,289108,-
2405740169,1460030798,9650163,6800454,-
2715210289,1596600408,9655506,9229409,-
2057472225,219664144,9657011,1196110,-
2269982337,1292321087,9658605,5376725,-
29505334441,29501974750,9659445,2868306,-
7468587409,7416145633,9661746,204588,-
2130448961,769293336,9663070,4718165,-
51837046401,51835827919,9663133,5763119,-
2584779153,1480244536,9665783,8531170,-
4034154799,3833899903,9668688,4865934,-
2689848569,2202669182,9669030,2425527,-
2348491609,1614770902,9669492,759435,-
6426694789,6354085443,9670737,3493657,-
6934861929,6865107047,9672915,5896261,-
2636171568,2022200351,9675910,5987379,-
7873958369,7820093153,9677436,5860464,-
2125390509,936256843,9680041,261191,-
4202634184,4028450207,9680275,2902834,-
5661065053,5545662075,9681121,6758433,-
2630748427,1187525851,9682464,9380598,-
2328657425,1564358607,9685237,190733,-
10238087597,10209993341,9686886,1496688,-
2242464481,1344221569,9690702,2312814,-
2201358712,385297343,9691733,6502450,-
4521639409,4331260328,9693232,6972899,-
2073145850,429176519,9693330,1268511,-
3994940529,3801263888,9693636,991043,-
2186863368,1132188431,9694095,3640798,-
2560725392,1252086303,9694930,8798963,-
2425909825,1744294944,9696698,3367275,-
2197072497,1161955136,9698499,3709252,-
2195174592,1197697903,9700262,1573495,-
27774235329,27770391328,9700432,2517137,-
2417830889,628009718,9700611,8422206,-
2653195857,2036423056,9702299,6084568,-
4138015713,3762421880,9703027,9666654,-
2161135841,959134504,9703146,4315507,-
8789988445,8748601019,9703489,5111215,-
8373336697,8329722471,9704469,4003073,-
3192073217,2592642048,9704794,8883365,-
61822300073,61821472615,9705087,4981871,-
2681290945,2117402952,9705448,5493393,-
3564537448,3263230191,9705781,6390360,-
2084259957,380907011,9705891,3340999,-
2090382753,635939920,9706022,1221469,-
8054669893,8008598435,9708137,2399831,-
38789864913,38787384680,9709371,6931036,-
2634799753,1212120910,9710349,9342918,-
4506909480,4339611199,9711476,5516305,-
2844332769,2015360008,9713591,8772712,-
3329578741,3028114755,9714015,3942469,-
18086654833,18075847760,9716008,6409789,-
9936019973,9905806995,9717307,1481777,-
2086943335,285384967,9717618,3491838,-
9586583121,9549630664,9717782,5923111,-
2088225800,181036927,9717921,3671116,-
4097494685,3855068587,9718911,7127147,-
2428800512,666715471,9719251,8453964,-
3071444632,2711853471,9719661,3216302,-
2668808081,2102641560,9720290,5293961,-
2094739961,640033934,9720852,562341,-
2351450177,785147368,9721824,7737905,-
4391007296,4230742255,9722180,1154187,-
26075152997,26070765331,9722243,1926879,-
3128054314,2780160583,9723852,3653373,-
13147187824,13127593263,9724834,5887623,-
2252687825,313979472,9726118,7036793,-
4427253833,4221298886,9727410,7142421,-
13605953649,13589811928,9727549,143108,-
9626907953,9594154495,9730977,3231187,-
2396437265,1452619792,9731189,6449292,-
3377954201,2807913110,9732090,9285849,-
3452728429,3144741707,9732685,5744117,-
36000427337,35997514766,9733287,6961308,-
2087406349,425526827,9733345,2561377,-
3397854513,3088019056,9733921,5327090,-
2206202201,102773654,9733944,6476811,-
2183249217,969810736,9734972,4759601,-
2516450993,1098316120,9735039,8661814,-
2391900146,1669943879,9735162,2597463,-
2970112576,2579344815,9736740,2695643,-
5852008169,5758061102,9737640,4744401,-
6015436784,5930927487,9738040,2699807,-
3849835973,3433598115,9738253,9332363,-
2080257697,165132216,9739047,1090556,-
2089959720,71822959,9739435,3380908,-
6875593361,6764233384,9739716,8992789,-
2780435537,1780042296,9739862,9099353,-
2135080513,901769576,9739930,90133,-
17644181057,17634513576,9741077,2119174,-
2406514557,1702110971,9741537,306631,-
5875634863,5767786495,9742266,6651816,-
2583919546,1952564695,9743100,5312313,-
2082437553,196422896,9746198,682305,-
2191795009,768788832,9747930,5686613,-
2723118801,1372156399,9748117,9624229,-
2117812809,776447543,9748169,831507,-
2422651801,631897294,9749007,8380914,-
2518502385,1907513584,9749105,698506,-
47260762129,47259393672,9749323,3408900,-
4568019673,4402453271,9749747,5562635,-
2626121944,2085719967,9750231,174500,-
2537267793,435808960,9750586,9215527,-
4821574129,4688302993,9750882,27978,-
2176586939,109130843,9751518,5967138,-
2365297777,1573008768,9751724,4153155,-
2474348735,503924159,9752292,8792160,-
2453445713,1144526896,9753300,8059813,-
5251137952,5109572223,9753477,6961150,-
2565843921,1076183296,9754250,9011065,-
5129578193,4967661640,9756219,7591984,-
2259943113,860122151,9757545,6550417,-
12367724597,12335423491,9761857,8690043,-
19488774683,19480798235,9762348,1217244,-
2099144305,261543192,9763506,3468527,-
12804179473,12779306960,9763796,7474613,-
10715557165,10664578827,9763829,9570291,-
2246008633,1054863241,9764490,5713464,-
2103206673,591212320,9764789,1495976,-
2430853058,702389495,9765027,8377158,-
7295069397,7237535923,9765145,2115929,-
52538924865,52537826672,9765361,19416,-
4446027309,4286217083,9766187,2566353,-
6524795137,6452757841,9766782,490872,-
2505141473,1798175560,9767347,5328162,-
3157362793,2817370990,9767856,1741263,-
2155800369,941905048,9768077,2984132,-
2249298752,1304240511,9768706,2723003,-
2156896568,972920095,9770569,179112,-
2575008184,1990506527,9771520,2897417,-
2165801061,753886099,9771979,4973801,-
2428149521,686441520,9773335,8353334,-
2321489673,369413335,9774619,7597783,-
37328026199,37325586263,9774636,5719416,-
2328041505,60752944,9776840,7680839,-
2288967169,1179184632,9777061,5904570,-
2105379800,118765647,9777584,3718061,-
3553537778,3129377255,9778863,8443398,-
2605532561,1760685295,9779553,7451705,-
7242572621,7154770875,9779725,8191487,-
4290843809,4004748353,9780186,8659362,-
2321761425,1355707384,9780358,5437175,-
4384767833,4216414455,9780833,3715561,-
2211518306,1180228439,9782598,1927221,-
2561332912,1968755903,9782770,1918699,-
2397565009,1665228207,9784191,265625,-
2692689961,2164146455,9785453,3845495,-
2269305656,1359074799,9785722,1563863,-
2843120554,2097806263,9786456,8225217,-
2388008488,1187698271,9788185,7250212,-
6840522481,6774436704,9788239,1691466,-
2135472789,393500723,9789643,4711101,-
2410164897,1153129736,9791442,7565219,-
2612236741,1124296179,9791963,9214983,-
2134436721,171146224,9792209,4786082,-
2197330945,28568799,9793485,6127901,-
223681581905,223681510024,9794265,6311918,-
2228929489,1231146168,9795707,42816,-
61029805289,61028666078,9795768,7703361,-
2623001954,2067555767,9795885,493182,-
5683885049,5537688473,9797094,8233362,-
5404830048,5226648271,9797171,8761640,-
2199846648,1121532815,9800657,1727898,-
8025668053,7968189251,9801001,6513605,-
2107992381,504153995,9804061,380055,-
4888205665,4735011824,9804632,6116695,-
2129715037,391029371,9804661,4351901,-
2103604616,403627759,9805131,54056,-
8732148913,8691140760,9805697,3093114,-
2893293745,1824999792,9806163,9711476,-
2104396353,405785680,9807637,191786,-
4136011777,3944586303,9808071,3324455,-
2372657609,1541906678,9808101,4571682,-
2101906999,98304823,9808632,2322204,-
2501963664,1854797567,9809650,2134821,-
2393890305,1645652392,9810158,923,-
2124959671,266391559,9810486,4206264,-
5632402241,5471978904,9810731,8640134,-
3802694832,3551894383,9811990,5491447,-
7586373781,7532295539,9812239,963329,-
2896910784,2456661023,9813111,3813992,-
2101616251,94515739,9815334,307542,-
2203019697,1120785328,9815981,405760,-
3853066176,3628364239,9816179,3504424,-
2149770785,815206552,9817149,3201302,-
93519946345,93519415847,9817747,8248181,-
2385165193,1437120430,9818007,6015528,-
110843764744,110843440367,9820619,7177960,-
133010997049,133010819902,9821061,3154140,-
2327476669,1466935693,9823026,3445368,-
8113350080,8052840607,9823917,7103666,-
2432202384,652291087,9824995,8320232,-
4255022265,4072138279,9825059,3733255,-
3862719497,3511902638,9825399,8409180,-
2113945312,269164863,9830960,3049071,-
2246105024,274703743,9832408,6657567,-
22809413167,22803420031,9833058,1305924,-
2298141347,981950531,9833058,6551166,-
6036343617,5949567992,9833365,217230,-
2184718865,597982047,9834881,5412371,-
3040982513,2657172000,9835171,1393948,-
2926884437,2255243203,9835243,8072295,-
2540816441,152621054,9835707,9160104,-
12393928697,12373581038,9836376,123195,-
29662695633,29655970960,9837433,9568114,-
3576234760,3311942847,9839467,2455278,-
2251897889,412249288,9840544,6663993,-
2175154808,967836975,9842311,920594,-
4850311201,4713350735,9842945,1750651,-
5585967869,5446058667,9845083,7623065,-
2731451233,1989549320,9845161,7467008,-
5753448241,5657239824,9845256,267443,-
2496615680,1832877487,9847591,409434,-
2756015805,2205404747,9848791,5315373,-
2173528283,173595515,9849906,5399514,-
3765377000,3528173967,9850691,2672324,-
58417306993,58416378015,9851491,3092169,-
2342038184,1505013423,9853211,1853956,-
3072405577,2694933481,9854358,522306,-
2790746200,1950869199,9856243,8355060,-
2804016549,2011517843,9856371,8176609,-
4752515609,4608250262,9856668,2556165,-
3161149857,2800752256,9856846,3661283,-
2115994681,212250455,9857665,2164823,-
2265888949,89285523,9857799,6840647,-
176208343512,176208240511,9858164,3498079,-
17327659008,17312349535,9858973,8111894,-
4161500987,3970981643,9859206,1362360,-
2643250537,2079409191,9860487,2190617,-
7099007853,7034370571,9860695,3891527,-
2342434896,18066895,9861160,7634291,-
3828509120,3545160447,9863734,6764773,-
2767023552,1716587551,9864311,9033448,-
8762675409,8693613112,9864443,8914420,-
5693567107,5594448163,9864570,1348494,-
2138405149,523903213,9864984,3577902,-
9036356546,8966088695,9866841,9337500,-
6895872887,6827153351,9867438,3876852,-
2260422691,1271940595,9868110,1735944,-
3964013704,3673125903,9868701,7547984,-
2870145313,2408728080,9869511,3662596,-
2467450584,636631183,9869693,8522564,-
7373086928,7298086815,9869741,7153414,-
4182978177,3983215336,9870172,4734431,-
13426237464,13392902447,9870715,9598956,-
4049011991,3818420759,9874368,5886636,-
10129599818,10098278711,9876720,3128193,-
2557495285,1928046099,9878795,2463843,-
4815191933,4651197691,9878839,6222255,-
4475208216,4309729759,9881102,2610307,-
2197145842,376137511,9881523,5649864,-
6446525288,6369099663,9882065,968230,-
2295966736,1194779615,9882371,5415070,-
2290918237,17176971,9882861,7059601,-
33050123273,33044616055,9888739,9596601,-
2858525746,2067395479,9890604,8388561,-
2462017984,1514273103,9893424,6576749,-
3524236880,3242044447,9893954,3258381,-
2729051024,2195905167,9895441,3489530,-
2820637617,2011528856,9897186,8282879,-
2159279457,563672176,9897833,4130108,-
2292140273,1117456120,9899791,5681778,-
2360242753,320342720,9900017,7696772,-
2684328281,2109649454,9900513,4309914,-
5131601465,4956101654,9901809,7842450,-
12703842193,12677322176,9902660,7519403,-
3983250136,3744225135,9904296,5740075,-
3333661065,2978334407,9904391,5631417,-
2129358065,254042609,9908220,866544,-
6257718061,6133442555,9908225,8268229,-
2721789161,2035297286,9908610,6763725,-
2132529673,140252566,9908625,2733492,-
2192819840,739607599,9908730,4727801,-
38999409617,38997126031,9909963,5275213,-
2206848504,223083503,9912484,5735499,-
10544593549,10515338077,9912930,2945964,-
5510476456,5402020799,9913256,2324431,-
2175784712,861378271,9913932,995911,-
4360087485,4182625307,9915267,2647963,-
2663371153,1955239935,9916587,6465473,-
2462336493,1585271371,9917581,5970965,-
2472902752,1759460511,9917907,61982,-
3625945397,3290128901,9918246,6984348,-
2953683265,2438352584,9919217,6315160,-
2510519512,1830393743,9921731,467620,-
34546626573,34543901755,9921977,2824549,-
2241988178,1139008775,9922809,3137502,-
3593159717,3300646901,9924366,5200668,-
4589250145,4415317712,9924649,5441044,-
2192229072,844694111,9924771,3896038,-
2769650320,2254139007,9925371,3058226,-
2298978904,1337155967,9926060,2691551,-
2767398577,1606111616,9926962,9256001,-
2864689984,2303168367,9927548,6302955,-
3355495920,3038859839,9927972,1300625,-
13997036675,13977817427,9928326,6288936,-
2732023232,1480803903,9928750,9283189,-
197134173585,197134090064,9933678,280585,-
2135726528,40203151,9934182,1240495,-
4521372161,4310616975,9934985,7133653,-
2831191349,2026513157,9937140,8244654,-
187217605448,187217489295,9937327,7044026,-
2137198115,191466227,9938148,231426,-
2224195712,1067293743,9938258,2380615,-
8964941297,8912740672,9940835,7239960,-
3556986881,3261271320,9941477,4840690,-
2952511341,2514921659,9941617,2817717,-
4565717581,4368580539,9945459,6704191,-
23677704685,23671867307,9946493,2295971,-
2160412384,596973503,9951119,2837404,-
2633901109,2026339333,9953094,3430992,-
35532186061,35529230749,9954306,6088488,-
2149546704,35049727,9956960,3186497,-
2290530552,1297450511,9957024,1417501,-
3934288336,3709999295,9957455,1139804,-
2599948553,1970510270,9957816,3091239,-
2649507136,2058442479,9959337,2497454,-
2226067800,958311407,9959849,4197978,-
2294260915,595760467,9960426,6705762,-
8255714023,8175340855,9960516,8955246,-
10345819832,10305884191,9961463,7355688,-
2336776063,944394271,9962490,6742662,-
2147221739,194781323,9962994,2510322,-
3225834493,2850263915,9963053,4863457,-
4033297353,3820231495,9963779,1271083,-
5235176528,5106622735,9964451,4615632,-
3130065800,2720887119,9965186,5071295,-
2574137457,1779648623,9965915,6280557,-
3180158800,2580300687,9966097,8458002,-
2504289633,1779377231,9966183,3789955,-
11337019153,11306011920,9967722,6730217,-
3759513418,3509675911,9967890,2396607,-
2496747617,1767431823,9969581,3579065,-
2158868216,14790639,9969848,3672587,-
2822286741,2320098115,9970325,3236969,-
3229899001,2869773639,9971713,3629133,-
3252381001,2900533174,9974331,3189246,-
2278535373,1244445451,9974377,1450015,-
2493005401,150942519,9974393,8647839,-
3714081602,3277972391,9975696,8840547,-
8731616473,8688084265,9975954,1328316,-
2167362640,649280847,9976447,1060794,-
2237479729,1088349072,9976589,1544580,-
4871615425,4692244512,9977064,6997679,-
5102429721,4970558599,9977729,3341003,-
3040159817,2628770726,9978549,2073162,-
9383919557,9327923971,9980151,8316479,-
2509184577,1804082591,9981249,964313,-
2176185466,374147335,9982095,4245894,-
2149916169,80244647,9983141,1410795,-
3133114208,2691063583,9984265,6039540,-
3271280736,2821318159,9984944,7147421,-
2491180456,1478565695,9985711,6913780,-
2789319761,2084151439,9987077,7208733,-
12412572521,12391000169,9988416,375348,-
7380466129,7318971672,9989460,1662661,-
2333100785,1098569752,9990474,6130127,-
2370983944,1400682207,9991875,4976002,-
2425366032,1599859951,9992354,3772759,-
2156087512,348150831,9995129,742278,-
2159002112,419559951,9997469,7328,-
2816296009,2303038078,9997491,3391302,-
8069443795,8016328099,9999480,4195926,-
14397216473,14380762071,9999847,3855305,-
