# primitive nontrivial: X^3 +- Y^3 = A^4 + B^4, X>=Y, A>=B, gcd=1
# k=4  M=30000000  branch=sum
# X,Y,A,B,sign   (sign '+' means X^3+Y^3, '-' means X^3-Y^3)
24,17,11,8,+
133,45,39,19,+
176,161,52,39,+
960,641,170,133,+
1400,993,247,32,+
1681,840,270,73,+
1634,1417,291,78,+
3801,41,481,193,+
4337,4272,632,35,+
6457,887,690,456,+
7977,6377,935,227,+
8529,5528,935,398,+
9043,8669,1086,60,+
14771,2941,1338,456,+
16849,9928,1418,1145,+
19721,2201,1519,1239,+
22253,6885,1831,571,+
25113,10745,1883,1457,+
23901,5381,1903,913,+
25104,17777,2024,1469,+
20449,20368,2030,371,+
29849,3658,2262,825,+
29977,7202,2286,225,+
27217,26224,2486,167,+
37096,4401,2573,1644,+
33641,18226,2577,396,+
35149,16101,2595,1225,+
39881,11986,2841,288,+
42217,23097,3059,195,+
46850,14521,3090,1959,+
42669,39893,3275,2261,+
44928,31249,3318,215,+
47936,32321,3458,981,+
56133,23645,3713,401,+
61979,35653,4086,1470,+
65969,17432,4097,1806,+
69704,39777,4418,2131,+
76679,217,4518,2418,+
74176,23281,4529,266,+
90136,12721,4627,4076,+
77904,77393,4670,4633,+
70440,69793,4771,3618,+
79217,51072,5009,950,+
91169,15248,5060,3207,+
77912,77169,5117,3964,+
88296,77425,5466,4015,+
100205,15333,5623,1781,+
101257,7849,5677,257,+
103520,72753,5986,3809,+
118857,1129,6117,4087,+
116357,12269,6217,3021,+
109325,70181,6275,3177,+
157697,74384,6834,6811,+
129521,45176,6897,1222,+
137824,47233,7135,3388,+
110017,109009,7151,1861,+
138189,17717,7171,557,+
157633,77375,7308,6252,+
142801,25176,7356,197,+
145361,41361,7487,407,+
136087,120089,7602,5496,+
133933,111875,7764,3606,+
183793,10320,8029,6732,+
154625,104528,8336,1791,+
161689,89673,8387,675,+
143009,127992,8414,1757,+
172402,85529,8688,2691,+
215481,94201,8697,8459,+
163825,121576,8870,1393,+
180713,162754,9234,7365,+
229969,60808,9670,7769,+
214994,115513,9705,7146,+
183379,145373,9804,570,+
210277,64989,9883,2379,+
216605,18403,9972,4092,+
207712,134769,10178,5103,+
222593,23489,10245,2243,+
194128,163105,10297,4508,+
253888,69649,10490,8233,+
244489,12578,10992,2055,+
261233,15105,11477,4681,+
315305,78058,11817,10536,+
249193,226185,11859,9233,+
249601,178465,11935,5543,+
280101,44701,12027,5813,+
262049,147872,12062,2787,+
247517,198739,12312,2442,+
276289,193672,12331,8506,+
271665,166408,12531,764,+
290961,147041,12653,6833,+
280177,171504,12698,5679,+
325585,200568,13042,10809,+
302537,174969,13189,7267,+
324769,81712,13432,6887,+
286089,281657,13681,10177,+
356977,243304,13871,12298,+
345385,45386,14253,2250,+
345905,12513,14263,1459,+
307809,247208,14423,5620,+
403453,211715,14808,12828,+
376533,124685,15323,3731,+
426993,12440,15358,12209,+
444217,37177,15533,13105,+
475736,80465,15897,14510,+
395269,169437,16017,5327,+
421481,236266,16092,12039,+
512456,70961,17202,14753,+
452641,137616,17533,5394,+
445649,205632,17657,1186,+
388609,372337,18217,3637,+
509465,99223,18906,8592,+
505920,66833,18964,4619,+
512097,80984,19159,3052,+
440321,386936,19446,4187,+
536689,290337,19601,13317,+
542325,134093,19681,10441,+
545137,116032,19694,10705,+
635837,98229,20017,17669,+
589967,454177,20190,19092,+
614977,132529,21473,12221,+
602241,165976,21606,8443,+
625883,197509,22302,8610,+
618115,329693,22518,11046,+
545153,516704,22815,13052,+
563402,462409,22956,1377,+
603913,399289,22975,8527,+
656309,366477,23059,14893,+
637241,289545,23065,2233,+
692497,408984,23157,18332,+
666569,181042,23421,5886,+
708625,481103,23454,20142,+
621193,503114,23505,15768,+
764849,64712,23708,19053,+
617633,432209,23715,2689,+
698744,46257,23948,10541,+
873824,49697,24924,23033,+
771441,514456,25199,20934,+
743432,318417,25529,11650,+
705530,560473,25959,16446,+
779496,70081,26193,7568,+
888149,210957,26533,21517,+
831393,295784,26834,16925,+
701661,573365,27029,3815,+
789085,382931,27198,4080,+
829913,117274,27417,9510,+
891425,306936,27428,20345,+
807697,504624,28272,11339,+
842253,475109,28745,12179,+
918457,245049,29071,16563,+
1099985,398208,29168,28613,+
1040653,569205,29991,26623,+
1075953,49960,30106,25521,+
825104,668417,30288,11711,+
1008877,17987,30330,20616,+
1029561,520121,30541,24529,+
899217,553552,30744,7595,+
967697,363104,31056,12427,+
897185,711288,31129,19448,+
906257,594368,31255,210,+
1016977,125592,31445,16608,+
996757,216957,31625,3909,+
984865,436816,31640,13817,+
1007482,216617,31815,9528,+
1023449,43497,32177,3329,+
1048672,778369,32276,27103,+
974945,610176,32770,5101,+
1008833,532440,32918,7691,+
1040001,375761,32941,4633,+
958881,901720,32995,25602,+
1092154,42953,33135,17664,+
953233,816239,34272,13200,+
1103921,373416,34381,3188,+
1130689,443137,34489,18521,+
1094792,474929,34508,6003,+
1317808,302817,35250,29645,+
949585,937823,35256,19206,+
1276817,991409,35543,34761,+
1232353,182209,35815,21953,+
1155632,909969,35831,28378,+
1018873,971594,36030,23199,+
1210027,508037,36312,20130,+
1220664,268433,36821,1000,+
1213025,507528,36928,15383,+
1159273,687769,37045,899,+
1171093,826509,37385,21591,+
1498913,85784,38770,32451,+
1204945,899968,39611,11336,+
1143097,1100954,40173,21744,+
1317073,1088735,40194,31344,+
1382225,36833,40219,12489,+
1422448,279745,40796,18991,+
1394677,412797,40825,8547,+
1504424,372977,40867,28584,+
1341041,739176,40963,1912,+
1369304,726753,41140,17161,+
1308401,1095296,41187,28676,+
1568161,865,41395,30971,+
1426408,553105,41798,11767,+
1456881,78865,41885,11061,+
1772128,196065,41907,39718,+
1739945,966778,41949,41874,+
1484666,364105,42255,19092,+
1527697,86224,42328,24427,+
1475169,261457,42369,8621,+
1595512,617409,42848,31023,+
1499353,182450,42867,1728,+
1500093,391157,43015,10445,+
1408249,958922,43782,3681,+
1494441,788761,43791,19711,+
1544617,514754,43947,17394,+
1486313,867705,44423,14353,+
1521673,860985,45163,6003,+
1457217,1223809,45487,28353,+
1744929,482272,46659,28774,+
1625953,923520,46889,22416,+
1716609,344312,47519,4516,+
1891169,486897,47563,36431,+
1775248,1077825,48079,35016,+
1735963,1447445,49626,38508,+
1871881,1760186,50139,48846,+
1537217,1442424,50498,19019,+
1743480,1667873,50567,42944,+
1952637,747989,50699,33481,+
1683473,1529249,50825,35973,+
1926157,628259,50832,29106,+
1624282,1533449,51039,32424,+
2172281,1409721,51061,50009,+
1984704,841057,51373,34686,+
1914344,378497,51532,11553,+
2335562,35929,52203,48012,+
1893480,897793,52353,3124,+
1813355,1166581,52410,8586,+
1991565,1062293,53227,32173,+
1984305,1648408,53396,45171,+
2004809,802953,54095,10571,+
2043391,949505,55044,21360,+
2015677,1214757,55135,29343,+
1861389,1767493,55695,39149,+
2245031,1868041,55848,53358,+
1835937,1602209,56653,2251,+
2065577,1183927,56886,5130,+
2253697,648024,57086,32379,+
1775085,1757701,57099,25055,+
2171809,1134672,57187,31698,+
2329777,976264,57938,38977,+
2429482,663449,58407,41598,+
2193989,1087277,58509,18889,+
2273957,229197,58573,2455,+
2296113,125440,58976,9933,+
2396093,667029,59069,37025,+
2242264,1207857,60058,12639,+
2594977,303064,60412,45223,+
2291287,1131017,60414,19830,+
2543256,857105,60905,42686,+
2473765,640523,62118,26748,+
2820225,1941088,62306,61893,+
2523698,15625,62637,28722,+
2576491,1957781,62664,55056,+
2291697,1518064,62686,17457,+
2568401,120336,62908,33659,+
3044104,215697,63242,59127,+
2498633,960850,63363,24618,+
2530385,462511,63540,4872,+
2647346,1553881,63693,49176,+
2633185,1723393,64043,50597,+
2654881,1334161,65339,41129,+
2526552,1757489,65726,41249,+
2540569,1473577,66439,18343,+
2448289,2193952,66682,48349,+
2606152,1513489,67829,5344,+
2910706,1204121,69264,42909,+
2912521,1277906,69528,43017,+
2866033,369504,69693,5480,+
2833901,1194885,69907,27625,+
2892865,901953,70669,6747,+
2694112,2247057,70694,49335,+
3035581,532021,71089,40091,+
2930616,954481,71208,23939,+
3092129,314712,71719,42092,+
2996760,1279873,71848,39201,+
3127001,2273890,72015,62682,+
2606016,2455841,72067,48506,+
3061152,484129,72366,34237,+
2718122,1949449,72408,6993,+
3570370,796313,73761,63654,+
2844226,2126825,74043,40050,+
3095457,1335457,74195,36309,+
3080353,1322800,74791,22436,+
3221293,538835,75048,36936,+
3502545,1142248,75124,59589,+
3448561,164305,75125,55021,+
3872410,244361,75270,71397,+
3187442,69433,75435,7380,+
3712631,877369,75540,66270,+
3459197,984597,75665,55619,+
3151672,2080449,75808,51951,+
3304897,250224,75851,41658,+
2762097,2451344,76163,38308,+
3021367,2246009,76338,47172,+
3220105,942633,76449,16237,+
2872841,2394535,76980,39042,+
3330595,889613,77832,31242,+
3433893,1627357,78015,52775,+
3903397,1421389,79051,69473,+
2963552,2904977,79275,57652,+
3518736,1415281,79761,49346,+
3861313,1364280,80142,65899,+
3611425,1096368,80558,50109,+
3499344,263393,80905,12452,+
3459200,3010353,81229,70808,+
3124437,2873437,81903,55115,+
3467576,1580081,82176,13939,+
3574656,2919121,82311,70462,+
3620705,499016,82870,25581,+
3769832,551057,82935,50362,+
3327424,2504097,83424,45017,+
3817289,850282,83877,50958,+
3772168,955329,84369,44380,+
3767985,1331936,84428,47405,+
3519737,2491769,84769,52227,+
3618957,2060117,85021,44405,+
3345688,2552145,85211,34104,+
3170817,2791424,85313,28468,+
3856957,277749,86097,39563,+
3295858,2762105,86523,30192,+
3909681,1188736,86904,45811,+
3587449,2371833,87045,38087,+
3730184,1778097,87088,7123,+
3325665,2773048,87308,5367,+
3273777,2897944,87596,27213,+
3262777,3005769,88147,35109,+
3693848,3361985,88751,71652,+
4748057,2558818,89505,87870,+
4098641,789336,90341,40664,+
4083905,3073136,90997,73110,+
4414538,2452345,91263,74862,+
4175209,1384617,91503,48059,+
5187680,878033,91708,91323,+
4148805,323021,91925,14087,+
4081655,1565881,92064,5070,+
4403000,312033,92194,60211,+
3773560,2828193,93027,34786,+
4157520,1903361,93440,39871,+
4059223,2258345,94092,12156,+
3730402,3122009,95037,29568,+
4109377,3015904,95246,61739,+
4341737,1552649,95781,34553,+
5434735,1802993,95826,95178,+
3648897,3533864,96274,51077,+
4396130,1892521,97041,41820,+
5008881,1518401,98381,77183,+
4551169,318097,98543,7429,+
4565413,133965,98767,5349,+
3747105,3644401,99215,45051,+
4655281,877360,99790,39361,+
4748231,3891769,100140,89940,+
4034056,3324481,100474,26347,+
4150120,3767841,100605,68894,+
4626725,1765421,101063,21765,+
4751261,841411,101106,42798,+
4272672,3260929,101106,53477,+
4086336,3635825,101570,56047,+
4219937,3196944,101878,17603,+
4630633,2343575,102132,42816,+
4666165,2510701,102151,54055,+
5268335,1906753,102552,80766,+
4729273,1878194,102570,36201,+
4837141,960141,103249,25473,+
4877039,390337,103254,39348,+
4156485,3718541,103381,54775,+
4833977,3031879,103452,71604,+
5061824,237153,103582,61805,+
4748053,2286349,103955,38549,+
4825417,2049289,104873,5123,+
4375989,3400573,105013,35055,+
5255592,4346849,105302,101069,+
5039045,79723,105504,44862,+
4796377,2921114,106599,49782,+
4686073,4271879,106704,84600,+
5248257,1267904,109186,45989,+
4893697,3029272,109733,650,+
6139033,449210,110037,95976,+
6454673,1845584,110775,105658,+
4365537,4149457,110935,42267,+
5491841,238056,111718,56059,+
4848145,3521016,112008,21365,+
4749345,3726448,112258,16131,+
5629904,1214897,112794,65473,+
5461560,1122001,112825,38874,+
5759112,631409,113248,71939,+
5765857,741184,113527,71396,+
5504024,534017,113568,27137,+
6071221,3227821,114493,96181,+
4644677,4314139,115422,41658,+
5550929,2795792,115828,59931,+
5227541,3445661,116143,36651,+
5395008,2968705,116334,13499,+
5735317,1506429,116603,51831,+
5183760,3605441,116806,10805,+
5872513,2888080,117496,77473,+
5745569,1578312,117958,1373,+
6645649,1282847,118002,100428,+
5416058,3878665,118527,66756,+
5835505,1501416,119217,17830,+
5923345,812448,119438,46953,+
5907893,169229,119833,5775,+
5731953,2631760,119834,24111,+
5028760,4337953,119939,36938,+
5533081,3424871,120168,31968,+
6666944,4555793,120489,115850,+
6243472,4207009,120797,101206,+
5464417,3786609,120977,42507,+
6298977,2500784,121043,84466,+
6072088,44289,122111,35220,+
5109281,4532721,122417,37253,+
5825827,3035357,122532,22860,+
6691361,1407201,123157,92221,+
6154304,1349217,123172,48169,+
6173345,575616,123805,26858,+
6130781,2407685,125025,15361,+
6089480,2678753,125107,15174,+
5698834,4155113,125643,52530,+
7869200,1966833,127078,123697,+
7346993,2293584,127684,109325,+
5639273,4674970,127854,61491,+
5793501,4232261,128207,17279,+
6019489,3775672,128413,11854,+
6317697,2898904,128802,33733,+
6599986,1504361,129297,58128,+
6518104,2032033,129625,41576,+
7195169,1227312,129661,97858,+
6450329,4615783,130776,92820,+
6720413,630149,132019,1995,+
5743024,4871473,132127,22550,+
6849697,323824,132391,61388,+
7771904,2044673,133697,112200,+
7139265,3712088,134978,95477,+
8295269,3669293,135405,129823,+
6708165,4085533,135863,73593,+
7620808,6103249,135941,134620,+
7189858,2499065,136428,79947,+
6626121,3869305,136665,10009,+
7252449,3113488,136755,88694,+
7106193,1018640,136994,52663,+
6802677,3574189,137429,44019,+
8372201,119866,137628,122889,+
6818497,4511592,139787,72090,+
6639969,5024608,139881,77860,+
7345973,1829229,140321,62065,+
8830309,64557,140437,131559,+
6045305,5566018,140439,45714,+
7296146,4053385,140550,89709,+
5991088,5612865,140687,18288,+
7327721,693081,140839,24263,+
7313281,2466936,141947,20514,+
7257709,2981493,142191,11825,+
7676689,1472128,143285,76408,+
6741509,6193757,143917,103557,+
8354225,4518296,144812,123885,+
7699592,1314417,146243,33940,+
8039365,563051,146460,87882,+
7452417,3648529,146611,25737,+
6446461,5959221,147403,52209,+
8039224,4838337,147662,112011,+
6866033,5972280,147706,88273,+
9204401,113840,147760,131949,+
7154841,5018665,148645,45981,+
6870177,6530464,148707,103274,+
8094529,3626968,149035,95942,+
7525513,4111514,149211,11250,+
7837725,2571733,149419,12927,+
8189965,2527523,149586,89724,+
7197240,5146673,150214,2849,+
7337807,5312017,152790,8646,+
8270075,3114853,152922,83658,+
8659616,1403825,153830,97983,+
8342650,183113,154062,64491,+
6909777,6295024,154164,61723,+
7988045,7176883,154476,132684,+
8718353,6440095,155088,136902,+
8970739,6633533,155160,144354,+
8321665,6689008,155167,131152,+
7456929,5723648,155228,68135,+
8113456,3910321,155266,59711,+
8359149,1054517,155539,533,+
8814218,3447049,156120,107121,+
8816400,4250321,156859,111880,+
8003477,4805037,157195,60059,+
9318713,3873065,157561,125871,+
10719218,2226985,157947,157818,+
9782625,3180016,158300,135831,+
7823920,6440353,158311,104212,+
9236721,3316376,158749,117316,+
7113713,6559880,158906,46449,+
9154816,1475809,159305,106040,+
8245049,4686682,159597,61884,+
8690785,858648,159849,45152,+
9452410,5261753,160173,134988,+
9014529,1147712,161528,85441,+
8152585,5190153,161549,27351,+
10792000,966001,162001,154450,+
8102497,6454512,162665,100176,+
10248904,2651457,163324,139953,+
8996920,174993,163806,53641,+
9992591,6126625,163860,150042,+
8834601,3366281,163961,47243,+
8044209,8031632,164161,132946,+
7472465,6919183,164418,64866,+
9139537,994344,165669,57752,+
9718481,6061425,166489,138905,+
7756017,7012624,166762,78543,+
7975953,6491560,166923,46288,+
9190149,1742173,166923,47555,+
10308253,4531269,166959,142415,+
8984506,5477369,168945,93030,+
9299720,2592753,169309,5236,+
10838056,2550481,170041,145942,+
11196232,830049,170162,154221,+
9119989,5451261,170715,91855,+
8621384,5939553,170729,29140,+
9958881,831376,171721,104388,+
9922465,2611416,171756,105625,+
9593449,4344842,172308,95577,+
10071905,794623,172446,108366,+
10245009,4103792,172678,126409,+
9127528,6823665,173332,115101,+
8319487,6970289,173418,56292,+
9557793,3417200,173827,12602,+
10810817,3565224,174794,139189,+
12029210,3250441,175035,170058,+
10240241,3645936,175234,115727,+
8958736,6515521,176392,72433,+
8576397,7127429,177323,45319,+
11638920,7241713,177614,176079,+
10040488,695505,177927,56654,+
10736856,7478065,178739,158760,+
10406929,3001672,179368,104459,+
9830097,4579432,179835,10052,+
10326465,5919568,179936,127023,+
9844666,4650905,180210,15369,+
8177021,8117445,181291,34555,+
10156293,3645389,181465,58501,+
8580637,8558099,181512,114702,+
10111137,9156337,181729,163275,+
11106353,6198680,182766,148961,+
9738353,6791969,183625,99987,+
10162317,4691477,184117,43565,+
10781553,1880744,186470,84463,+
10315082,5161129,186642,68109,+
10412985,4427353,186733,7497,+
10464601,4231175,186918,31770,+
10875873,566504,187340,86071,+
10371202,4911257,187425,12126,+
11125487,666817,188190,105336,+
11556608,6294017,189540,149695,+
9006200,8999633,190164,110981,+
10958597,26397,190417,34015,+
11476321,839040,190770,117037,+
11845793,7356175,190836,164598,+
9496663,7936265,190842,73926,+
12275329,814432,191402,150139,+
12132440,5006193,191983,153338,+
11453904,6635537,192629,142984,+
12229577,3006729,193217,146651,+
10735024,5591617,193813,31018,+
9025648,8876865,193962,66347,+
11056989,4239557,194323,37931,+
11298352,1279489,194948,6209,+
10657305,6896953,195479,94083,+
9106897,9047064,196658,16569,+
10977377,6408449,196801,96279,+
9323035,8852501,196932,13230,+
11552869,2959677,197801,78039,+
12786809,491143,198216,152940,+
12612632,9301457,200187,186320,+
10227776,8252849,200360,67245,+
12082097,4392584,200513,123414,+
12559512,6364769,200618,157741,+
11123505,6419848,201006,53983,+
13263425,1134776,201045,162718,+
11877649,4307992,202199,95762,+
11899840,1116193,202361,55636,+
10800184,8496337,202654,116857,+
13955683,8615885,204174,200616,+
12339192,5901377,204565,135094,+
12768465,3284896,204840,137413,+
10676673,8233585,205181,41169,+
14870674,5666201,206070,202065,+
11261920,7624113,207807,50858,+
12450761,49186,208521,79296,+
12429041,10821720,208975,189158,+
15488545,1815136,209704,205625,+
10223328,10036865,211231,97072,+
11068848,8723489,211570,63613,+
12537385,8714473,211901,157561,+
11194453,9003405,212709,96173,+
10493213,10028515,212928,102036,+
14109681,7544720,213745,184198,+
12799713,5152600,215223,96904,+
11579341,8427141,215271,43237,+
11544880,8479233,215292,7489,+
14103890,5509801,215820,168351,+
13429237,8275307,216306,168150,+
15772869,1591357,216557,203907,+
13793073,5748224,218125,153164,+
12985105,4447953,218447,24231,+
11953189,10706157,220041,155899,+
13543837,2996579,220452,110568,+
13303352,3677217,220483,79990,+
13373953,1535064,221019,55450,+
12738266,7635961,222348,90813,+
15378733,10009125,222729,216053,+
15049928,2572209,222872,175955,+
11561129,10565047,223446,123378,+
13719106,4729481,223974,114429,+
16363569,4391848,224074,210015,+
12351425,8822328,225169,24796,+
13838321,2267976,225256,96611,+
16186320,5204993,226111,205052,+
11981137,9911169,226569,87389,+
14709605,6795293,227607,168847,+
14240635,4795013,228852,126396,+
14089269,8757853,230187,160345,+
12063409,10936648,230992,121325,+
14422879,9126737,231048,173718,+
11406913,11124705,231263,28263,+
16158539,9274597,231564,215118,+
11828565,10766141,232117,12295,+
14205442,3394697,232170,20541,+
14457297,241889,232309,102247,+
14110421,5812061,234147,10487,+
13414785,8849888,234202,99653,+
14089280,10647281,234915,175952,+
13303936,12033841,236488,176461,+
13034856,9722705,236600,18011,+
13623825,8665328,237442,29929,+
13821000,8366641,238175,52794,+
12981425,10117368,238268,21203,+
12520753,10871184,238722,3745,+
11951761,11673136,239509,51724,+
15148909,3603347,239796,121344,+
15608120,3222561,240146,150275,+
17992181,6383645,240365,228927,+
12617573,11081405,240549,67939,+
14858033,9003120,240653,160028,+
16800067,4178717,240690,195426,+
14322385,7581743,240828,56232,+
18340816,5753745,241640,233067,+
14918359,4663337,241812,39792,+
14327160,9536993,241933,139838,+
15186768,2663857,242515,88920,+
16324097,12059249,242687,226563,+
14372381,7937925,242689,14225,+
15110033,4380600,242696,89621,+
18125314,6866777,242718,230193,+
14111941,9125725,243365,88931,+
12956488,11049409,243532,50705,+
14397888,8244145,243978,36289,+
15403761,4017136,245076,102941,+
15679937,3643832,245394,129035,+
15797161,1472066,246828,123633,+
15478903,3474665,247206,63354,+
15272241,5918960,247775,25906,+
16532081,6694296,247811,179888,+
15993817,14210649,248439,236933,+
15568560,10329121,249884,176775,+
16324409,3608057,249897,149339,+
16377173,6580205,250067,166419,+
15778337,5209824,252448,53191,+
14521865,14076153,254237,202261,+
16069954,8660777,255279,153336,+
19963329,3471512,256139,246526,+
17642153,4338439,256242,188460,+
16766433,1714369,257219,135885,+
15932033,7292760,257989,36994,+
16775003,4473349,258282,137730,+
14554657,12542544,258297,156844,+
17521360,259761,258625,173454,+
15321920,10414641,259169,121090,+
16448875,4405493,259518,13554,+
18241663,3213185,260088,197688,+
15700745,11105098,260538,158571,+
17603593,1696329,260565,170767,+
19146433,9913960,263798,236917,+
18197681,10213041,265259,215099,+
20637161,2065305,265279,249025,+
17183745,10941616,265760,193281,+
16856081,6005400,265973,34880,+
17125352,9399969,266216,169753,+
19226525,13059941,266825,255567,+
18020321,2899505,267963,163825,+
17235593,3492825,268051,17779,+
15086976,12916001,268157,142982,+
16800081,12079400,270425,184402,+
17413781,4401021,270649,17899,+
17707633,7514255,271644,151848,+
17743368,1424545,272922,79901,+
17857994,7750777,273108,156333,+
20258221,13763029,274355,269245,+
18319485,7562453,274589,172991,+
17005697,12391344,275512,180383,+
17877232,4136049,275779,11412,+
19606697,684154,276003,204078,+
15939389,12414357,276619,101911,+
18103089,3535072,276723,103132,+
17837096,14082881,276843,225682,+
17388761,16100770,277560,243171,+
22683872,2145969,279853,272924,+
17557897,9528314,281157,73398,+
18532944,2578897,282554,54393,+
17559397,10023069,282961,56727,+
18483673,5674199,283914,15060,+
19641649,12967528,285476,236275,+
21983992,3406657,285754,251435,+
19195657,10468514,287304,193671,+
18884080,7108801,287620,125743,+
16906560,15037553,287741,192664,+
18207392,9711857,288753,4610,+
19148584,5185777,289064,115619,+
19217921,4341176,290367,91748,+
19027064,10769793,290399,178960,+
19282469,2256187,290718,78438,+
22193792,652049,290891,247824,+
22189541,14302795,290994,285900,+
20575121,3352785,291245,198509,+
18806041,17275031,292026,259488,+
17897033,11607929,292205,49899,+
16911065,13650586,293040,49179,+
16783133,14474085,295067,115739,+
19188869,8228237,295479,9979,+
19496767,6091889,295602,37152,+
20400241,6840815,297858,175050,+
19954315,1500533,298248,77592,+
21096369,5279872,298497,199918,+
21693673,17814050,299868,296961,+
23877265,6781368,300117,276112,+
18188765,13284981,301261,105745,+
20329673,8628610,301566,166803,+
19936401,11082065,301985,176407,+
21370265,16703321,302537,278805,+
21922704,5341777,302598,219097,+
17052048,16440449,303905,171836,+
20633984,5130977,303991,139668,+
20413274,10543657,304818,179811,+
23033941,2592731,305088,244518,+
18157425,13962296,305341,63080,+
18198493,14412165,305553,132049,+
20979089,2396897,306281,145419,+
20152048,9948849,307752,118675,+
18320701,14346805,308815,52357,+
24176872,3349729,309389,266006,+
17448191,15736321,309684,57744,+
22290552,2910209,309884,208193,+
19211905,13236328,310139,112166,+
20241873,9914360,310277,13832,+
22011688,8109745,311533,205376,+
19828416,15260945,311756,208885,+
22719121,6998056,311927,225862,+
20357608,10448305,312833,6386,+
21406769,365832,314012,96589,+
22761109,17878173,315955,294681,+
20663257,16606247,316152,241680,+
18694859,15920437,316512,151944,+
21572915,7426813,317178,134652,+
20939377,10298769,318367,10017,+
22112769,2366032,318591,151264,+
20924225,10526328,318671,62044,+
21799485,3417893,319319,40313,+
21147337,11076839,322398,59772,+
25262417,4085312,324264,267685,+
21041233,15039839,326196,193290,+
20063209,14850167,326406,6642,+
22622616,3262385,327358,106495,+
21332981,15503981,327603,209243,+
25846049,3979128,327832,275705,+
24521144,13001793,329365,268198,+
22599825,6508816,329556,69355,+
22564633,14109170,329634,223407,+
20161561,15477001,330299,26821,+
21625208,16415825,330576,225691,+
25676783,4626289,331110,266022,+
24395153,1425665,331269,223121,+
21577993,12852745,332009,66419,+
22940769,6241352,333056,58519,+
23133313,10692624,333665,186408,+
25747109,9754077,333683,273539,+
26712001,7505856,334062,289547,+
22423552,14925729,335604,209177,+
20967193,15207865,335923,32377,+
25174589,6248227,335934,242586,+
23278512,19056817,336365,286464,+
25784145,7957168,338907,258328,+
19038445,18625043,339984,29508,+
22741817,11723849,340063,8607,+
19119761,18651576,340336,88661,+
22944609,13067912,340984,167767,+
23073681,10904320,341100,81323,+
25594488,6689105,343771,235952,+
21597505,16895423,344628,167712,+
24519209,10020082,345276,197919,+
24212722,4869977,345855,39522,+
23851137,13608512,345890,205253,+
19880683,19614485,345948,181308,+
20429704,18314433,346382,128715,+
23224624,14188417,346972,172703,+
20059936,18755265,347178,109045,+
23752216,19026241,347182,275477,+
21990705,15745633,347201,50091,+
23074673,16854680,347652,222851,+
24117145,9764858,347691,136224,+
22393181,18708101,347841,236671,+
25759297,12756472,348056,258895,+
27000991,20132801,348186,338622,+
24113639,14925337,348288,226488,+
21535197,16847189,348607,20923,+
24545026,2907305,348657,76740,+
27769297,16585439,348666,325296,+
25108757,4170957,349075,180187,+
24597360,10810801,349320,188243,+
28855952,12744017,349644,324965,+
25730881,9532440,349686,233045,+
20964144,19501553,350350,198863,+
23022263,14289145,350634,46416,+
20771777,18593169,351059,119129,+
25546008,19391905,351134,305949,+
25472961,8670241,351201,210601,+
24791791,589505,351342,23880,+
25119817,8214249,352207,178563,+
20997895,18497273,353292,53508,+
25256544,12885377,353311,227276,+
24125957,11641949,353529,4759,+
23672881,15220720,354335,179102,+
24653363,13449469,354660,199854,+
23489568,14211985,354709,30408,+
23222913,16897400,354949,195994,+
24208161,12393400,355596,100295,+
22975305,16382281,356005,146577,+
22833352,16855809,357759,132868,+
25273610,7459273,358719,23892,+
25969577,9132394,358743,203448,+
25241592,11183569,358919,172518,+
21108233,19658770,360972,70071,+
22395221,18261965,362775,39863,+
26677569,5183168,363377,202760,+
29834641,901776,364258,307593,+
24184129,15339552,365007,44108,+
22931501,17936421,365081,89573,+
26205277,10512037,366187,185195,+
26078111,7701265,367254,22200,+
25555645,12968293,367423,159439,+
27481848,1814369,368915,217526,+
24015953,16946040,369883,13628,+
26669456,544161,370418,109283,+
27508429,11450677,372641,234713,+
25980017,17250344,372696,241027,+
29698929,17412728,373039,331730,+
27495857,17317584,373424,284333,+
26877137,3203887,373440,13296,+
27191953,10300584,373830,202121,+
28106225,3074481,374489,225025,+
25240265,15485698,375081,31092,+
27150001,2566120,375745,99182,+
29470929,18997088,376090,334009,+
25823873,14304225,376487,86929,+
28742721,13265681,376601,277907,+
26347969,12694432,376907,111782,+
27674477,1180099,378084,166194,+
21802291,21622781,378234,50832,+
25517592,16262209,380296,9009,+
22438728,21836897,382445,133490,+
27236049,13999888,384020,186117,+
28599829,27220717,384509,383827,+
27579165,10567973,384877,121043,+
28015016,8187281,385643,143016,+
26595416,14902881,385658,2477,+
28769713,9375040,385709,223688,+
27254165,12801693,386617,7187,+
28133457,7166264,386966,120743,+
29623849,199897,388307,238981,+
25629563,18279349,389160,52206,+
29176845,57413,389623,205771,+
31928593,18023025,390187,351267,+
27140497,16575009,391103,184083,+
29444944,5882353,391390,218191,+
23283809,22720848,392083,163790,+
27174792,15318289,392174,52521,+
28155865,12289753,394321,10883,+
28894645,6744733,395311,56819,+
28854367,19329617,395982,285660,+
28679441,12508656,398578,132521,+
30427549,14808357,399819,276731,+
28835953,12306600,400254,115217,+
23680873,23152490,400323,52626,+
29343335,10255513,401496,137652,+
32541585,7819616,402517,305300,+
33717409,17799312,404711,361848,+
33724993,15924335,406248,350886,+
30139904,11023457,406761,191464,+
29854073,9821865,407407,49289,+
28153221,21618541,408187,261231,+
28060963,18460685,408522,152064,+
32006423,6486505,408576,268452,+
30681677,22082277,409111,328445,+
29823769,29523122,409422,394257,+
29156845,17177493,410529,195193,+
30691085,2068771,412212,82230,+
29182389,17786557,412451,198087,+
31794161,11959280,413260,261597,+
33248369,7105088,413935,296754,+
29437393,26415280,415993,343946,+
30062485,21952381,416315,296311,+
32384208,4659409,416520,250939,+
29467769,17337082,416598,161391,+
35514511,9151265,416796,352170,+
27729781,20724061,416933,48007,+
28550161,19405200,417390,122903,+
28489741,19512181,418073,41983,+
30490105,13935433,418333,143611,+
30750767,11834497,418680,53334,+
32086429,5766453,418785,222877,+
29805537,16384424,418807,102832,+
35084560,14334913,418933,351874,+
31582192,5934817,420745,138868,+
28831353,24055625,421109,283277,+
36330344,16369217,423866,376341,+
29794752,18081569,423997,80866,+
31392697,11892434,424974,38007,+
31578753,25875080,425413,356002,+
31870712,8326737,425554,111385,+
29990913,18143825,426041,38387,+
32550281,28210546,426324,393207,+
28260817,21973569,426797,19689,+
31624512,12205409,427372,96407,+
36620777,10310434,427728,359679,+
32604538,543065,429702,154329,+
32229881,11239961,429923,164697,+
25892368,25818385,430216,132917,+
27749362,23586089,430533,106974,+
26684429,25149523,432246,3510,+
34240577,16583432,433393,311580,+
28630781,28307251,433716,322122,+
30744895,18558833,433926,3312,+
31805473,16376385,434847,168713,+
39831561,17887385,435755,425771,+
31329610,25467401,435855,325176,+
36385873,24269089,436985,401563,+
37207585,11116456,438275,355586,+
31258529,22740417,442067,253229,+
41028793,17400530,442347,435732,+
33719025,2807473,442533,53531,+
28272357,25533229,443107,162321,+
35639088,21139105,445402,352029,+
31052597,24157037,445593,260665,+
34243841,10744680,445894,207845,+
33635975,15425833,446292,212898,+
34773959,456937,446634,217956,+
28808741,25903821,447157,190303,+
34177809,5303008,447364,66165,+
33789001,15989306,450063,201096,+
27764832,27198737,451381,59360,+
37017409,15175967,452166,333822,+
43485921,7740536,452498,449357,+
29893201,28226416,453607,287842,+
36960360,6329681,453964,301595,+
34804240,7842321,454155,100016,+
38385048,17139185,457999,364186,+
33195585,20923048,459514,184299,+
31474513,24314344,459940,168347,+
36140177,812264,460708,215403,+
38019553,179280,461303,313608,+
35912992,3385809,461436,178757,+
34155401,17947066,462168,34719,+
39593776,12643281,462597,367784,+
34054193,23699345,465111,278377,+
33462881,24358640,465780,263977,+
29875009,27423808,466325,6814,+
29950577,27535697,466653,134075,+
36092873,8254519,466800,99768,+
29131309,28684677,466991,166293,+
38335681,17993080,467339,346790,+
36421721,2075986,468834,55521,+
36416011,6110501,469182,88872,+
36367657,8094674,469578,54309,+
35723457,16576184,469871,193448,+
30881953,27292560,470798,159837,+
34333513,23598362,471120,256815,+
36694549,6477037,471397,131717,+
36227909,13348843,471912,134850,+
42464663,12513385,472956,410868,+
33784784,22721313,473474,77885,+
42109032,1293377,474575,393368,+
44274776,20764145,477405,457468,+
41639717,25163949,478231,435061,+
37637600,5076833,480786,62381,+
37751218,1998425,481581,68712,+
37765744,7866033,482660,94419,+
36428361,22699385,482785,274897,+
46509953,2788160,483909,462602,+
34906249,23134247,484062,54288,+
38647889,4952232,485083,223148,+
37558401,13983601,485443,116193,+
42266735,22886641,486294,421530,+
39032233,4672775,488754,223704,+
37155641,18707575,490008,117450,+
38666554,1815977,490329,60564,+
35048377,25874882,491355,213768,+
32643573,29796685,492569,220719,+
34509625,26123303,492666,59286,+
37128593,28512504,493006,351625,+
34290072,27143777,495554,57875,+
39175409,7750032,496024,85283,+
44265451,30851141,496842,484632,+
42450768,7299857,496990,354985,+
40179585,16767616,497060,303969,+
38670401,16397160,498250,156949,+
39941681,25264896,498478,366817,+
39589571,3559021,499188,20562,+
40000906,19819241,501432,304263,+
42879744,26043937,501668,426759,+
40278561,10561936,501778,236547,+
47668657,19195072,502655,476498,+
37897061,21409421,502783,135531,+
34241496,28912321,502923,135946,+
36544952,24890529,503308,86951,+
40074957,5576917,504003,53605,+
35478321,27265216,504546,104993,+
34910365,28472853,505011,155591,+
39603792,37438769,505672,470989,+
38453185,27489361,506129,331045,+
36555241,25907666,506142,157131,+
44533448,26743025,508718,448527,+
36669973,31312765,509041,336797,+
44781680,25592993,509209,445344,+
37345072,24965329,509959,60382,+
39863304,17281873,510555,153872,+
36587417,26678119,510588,21312,+
45687122,10219753,511260,409455,+
39167841,21552145,511395,203167,+
36433360,28485793,512473,223652,+
45828013,17949875,512838,425766,+
39239600,22449473,514402,203499,+
34964433,34073345,514463,332699,+
40971297,11375297,514517,113765,+
42870541,31919301,514927,450003,+
41507952,3206689,517166,59139,+
42534344,11941137,517406,289111,+
42144581,3954221,518109,231239,+
38732445,29502053,518957,325699,+
40220816,25199601,520588,295459,+
40704785,19457263,521328,175248,+
42037969,26964273,522001,374385,+
50974697,20192362,522201,507480,+
42464797,11849699,522468,247044,+
47817953,30811025,522603,502967,+
38086960,31930033,523838,334399,+
47675137,32196184,524864,506561,+
50243561,7753481,525741,474991,+
40267777,24940864,526043,255082,+
53234920,7362193,526729,522074,+
36284416,30853441,527012,27953,+
43865546,24933721,527178,388023,+
42378048,11483585,527828,36463,+
39134341,26255821,528191,119069,+
46646624,7906497,529228,391727,+
46229377,16680529,530219,395249,+
53033272,9447457,530489,515840,+
35479993,33383385,531127,218739,+
42655448,12898689,531205,107234,+
38459197,28861957,532865,131927,+
40003673,31224730,533502,340551,+
38265504,31118017,533557,267474,+
41759501,20241749,533675,7395,+
42388715,17587573,533826,141102,+
40640344,25141137,535159,177474,+
41810035,21842573,537564,36168,+
42229625,20425738,538047,70398,+
46851067,4858469,539262,368238,+
49688357,6297389,540619,440073,+
36829033,32968154,541065,95676,+
43716312,22924289,541348,313921,+
43879552,13446097,542971,10000,+
44273845,13753053,543023,222141,+
41091512,27111569,543418,214263,+
44592217,1276569,545689,34053,+
44354856,15561361,547959,171962,+
40915649,28301888,548719,150240,+
52766480,32970273,549854,549763,+
42738241,24959601,550287,209213,+
40336785,30039968,551842,6263,+
43961713,20160024,552131,122160,+
41176922,34900249,552213,372912,+
50197317,5541277,552735,427231,+
43727912,22978769,554204,193797,+
45688288,16683345,555621,261964,+
43946849,28472672,556009,333612,+
42790937,26077882,556119,144870,+
47137633,40335360,556208,522711,+
44771585,18141696,556210,48859,+
44927218,18134009,557562,42585,+
40172123,31923925,557868,150186,+
47174817,3854849,560063,285607,+
45073713,26089040,560396,321677,+
47025104,8039697,561088,271051,+
55865303,12895705,562974,525132,+
46573280,1911713,563427,126146,+
46547144,6638097,563881,81238,+
42653345,35501071,567588,369090,+
46513169,15251312,568032,90763,+
44943088,23973489,568239,131210,+
47953816,2700081,568596,275597,+
52124960,25142033,568888,479307,+
50048305,32418168,569346,482849,+
59029007,3981649,569502,563118,+
46907904,12715697,569512,91757,+
48392377,18228962,569913,343290,+
53102301,38133461,570599,561197,+
46046293,21797949,571771,182505,+
41399809,33150193,572237,112465,+
47597536,6979201,573256,115937,+
51377165,35802581,573289,520665,+
48201584,29659457,574236,413903,+
54862233,37254425,574291,573343,+
48954657,22736672,574936,375175,+
52339496,38117985,575866,545875,+
41626752,35015569,578186,239799,+
48286961,14258241,581147,194231,+
53515777,325144,581554,444059,+
46307373,38338325,583723,445957,+
49691073,1256440,584459,278478,+
48940424,5747057,584751,148898,+
43663745,34971576,585925,300518,+
49589089,5488672,586006,254317,+
50045473,10255960,586432,300473,+
40894497,37084784,587779,75806,+
40600593,39129424,590185,272478,+
50649985,822088,590203,304514,+
48118417,28204824,590358,333577,+
51410337,31035784,591282,456803,+
57138513,29493784,591380,547557,+
49707749,80237,591993,36101,+
43721906,34114585,592515,73236,+
46295025,35470768,593718,374129,+
48130850,23543593,594033,72888,+
42262625,36762703,594126,154668,+
59463480,32032033,595524,585287,+
52970045,1825653,595937,387323,+
50040752,23671217,597395,325356,+
49139025,20809393,597747,8443,+
45043080,35155393,598197,287018,+
49914040,16195713,598843,33906,+
54404704,3714913,598990,424109,+
55205393,33715232,599400,527605,+
52436161,4659736,601448,340369,+
49896265,22024418,601674,249171,+
49058929,24952312,604588,2621,+
54158809,37947722,605451,530376,+
51235909,2052477,605591,56799,+
41742263,39626665,606102,44646,+
44183393,42090584,606765,398734,+
46000833,33811600,606906,134261,+
51584257,5914584,607704,181439,+
48525298,29027369,608415,202932,+
50570593,33808360,609932,414697,+
52970177,6886097,609995,320097,+
51343705,15954146,610788,124035,+
47576545,35755248,611148,343351,+
51404177,17170784,612612,82901,+
50405697,24336904,612836,194481,+
49194977,44744552,614711,506580,+
53048849,9862632,616018,281111,+
51029745,32276776,616157,386760,+
52065545,22819063,618996,280764,+
61513889,15471967,619356,546684,+
46796865,35706016,619919,133620,+
55793413,7133435,619968,402744,+
56786929,28814992,620084,493277,+
49008968,31373265,620869,21388,+
51525533,23482469,622065,32969,+
59903032,2954449,622331,504892,+
42719425,41696448,622801,38652,+
50814416,28000865,623085,222158,+
55142705,409903,626838,339486,+
52897658,51408985,627417,599214,+
66300881,19062896,630393,612182,+
58312345,13003106,630465,454002,+
53947777,11314824,630924,24479,+
46713665,42076488,630991,365812,+
55656338,8844745,631374,345117,+
53929169,16519112,632036,205317,+
46570589,40580661,632675,295345,+
54330218,102025,632817,45684,+
58372162,24244409,633192,478437,+
55460129,21002352,633944,367993,+
52447989,27039517,633969,223741,+
50293601,32573025,634135,91049,+
49053353,35437545,634913,77227,+
54560545,5634256,635005,37898,+
56906925,15805541,637235,390881,+
55217193,16260169,639177,275275,+
55092273,3243320,639356,110669,+
56028513,38145920,639401,503456,+
52225953,29455384,640153,92220,+
54863245,15016581,640711,45525,+
54543713,23103440,640762,278637,+
47582665,40212201,641485,241857,+
63236440,3767073,642258,536381,+
54738705,18319408,642268,2187,+
53648193,49047040,642383,565284,+
55441368,12055585,642536,203577,+
55496465,7568001,643115,130751,+
55313656,19698481,643612,269683,+
52202885,31187371,644040,152862,+
51007280,35912433,644134,287951,+
50940898,34484969,645057,88860,+
54856345,21646681,646823,115195,+
55763144,20391713,648003,272990,+
63464737,6917352,648288,530695,+
50698984,46883073,649092,486145,+
62858881,19461120,651050,525189,+
56060481,15614776,651349,17214,+
48161867,46615477,651792,424680,+
58466941,9436021,652739,372089,+
56781053,7286949,652745,209143,+
63282648,33055169,653530,572107,+
59929409,36765152,655296,532721,+
52215681,35041400,655585,160964,+
59019605,13480363,656496,386364,+
60697775,5464753,656778,440694,+
56433121,18884640,657010,105741,+
58071608,35807169,658031,482620,+
57300601,11371010,658668,193035,+
46012093,45703749,659553,245735,+
51939193,36697730,659817,5634,+
62614121,18554170,659991,499260,+
57322847,15232849,660702,191196,+
52241073,36779329,660797,201825,+
46622137,44744162,660996,69435,+
61060793,35921945,661203,536551,+
52109081,36982425,661255,172277,+
53824641,34547105,662383,261335,+
47238385,44403736,662621,116120,+
63392961,3426056,662732,498769,+
57603160,13377073,663263,26954,+
63756913,4443712,665870,500335,+
59379217,27857872,666190,429463,+
57498253,41095765,667729,496369,+
61405123,4411805,669894,416994,+
57177125,26025741,672031,155675,+
60154769,4386512,672896,335979,+
52950181,38699915,673464,163050,+
54211105,40677576,674540,374151,+
66933317,8264109,675271,551491,+
73982737,20953992,675595,673548,+
49510951,44803721,677496,158046,+
57280321,33553416,679098,337877,+
51388103,44979865,679374,341982,+
51147769,43026098,679707,60900,+
61104418,44199929,681456,560715,+
61254184,29378817,683218,439461,+
59902349,39656757,683797,492187,+
60398688,7132289,685345,94964,+
56149361,38465816,685748,336387,+
59334001,23060401,685759,23623,+
56596921,34307570,685812,145995,+
58908770,39065401,685824,454875,+
54703816,43760881,686066,401393,+
55448753,49026872,686995,506040,+
61418329,14875922,687027,332244,+
62306843,55201045,687162,657708,+
55017201,38947496,687908,202339,+
68647001,42629746,688257,648234,+
62491786,20524601,689496,404157,+
60591825,27006568,689842,353913,+
61086400,5080273,690706,147833,+
57253105,36239471,690738,295470,+
59957217,36842449,690903,440603,+
57586081,51310776,691182,559261,+
74696089,16397618,692835,660876,+
59033120,29359281,693220,99923,+
60237601,28454776,700217,186796,+
63573661,15654261,700273,377469,+
62171897,14654794,700914,214239,+
76307553,28300480,701074,689043,+
66289568,16844129,703194,476525,+
57793461,37408621,703441,151647,+
62692313,4648937,703455,200815,+
65073941,16977101,705157,426867,+
72413505,13717016,705370,605867,+
76672189,29213603,706194,690210,+
62422785,18637016,706331,168470,+
55590049,42822528,706915,155526,+
60483201,30568000,706974,57925,+
62989681,1379880,707055,5302,+
74904697,13796999,707124,644808,+
62112961,22998816,707637,179902,+
62756543,42168049,708480,514722,+
63571057,8022417,709455,252847,+
75822461,25320835,710340,666672,+
64555089,53850472,710949,641836,+
59040433,49998544,711725,521908,+
76063901,36355365,712657,692665,+
62594945,23563496,712737,129400,+
75211613,28541395,714558,658476,+
72006360,15319793,715313,582506,+
65257963,27055685,716016,432138,+
68883361,30981400,718772,547225,+
65051189,13164077,718797,320933,+
68125729,16984872,720458,476739,+
68363237,14161437,721115,477371,+
68467649,30029832,721397,527138,+
58410673,42773064,721934,277185,+
62061937,51878209,722839,570139,+
63065793,31981105,723027,318223,+
58952673,41214040,724083,46594,+
64716337,20159809,724831,238109,+
58515737,42422602,725280,35163,+
60687281,45572016,726284,446957,+
66963881,44779210,726477,577890,+
68171578,23632985,727719,471846,+
67827377,27482623,728340,476130,+
63378648,33518849,733352,234175,+
65304688,27302625,733897,305952,+
67841656,9127105,734236,386735,+
65636885,22920523,736866,18822,+
68552992,1174449,737261,404292,+
66964792,781857,737603,255930,+
66069352,56943169,738347,647566,+
68830081,1342641,738363,412201,+
67000113,13489360,738658,272607,+
81242114,23806057,739152,707967,+
64257881,39044146,739437,401136,+
53724497,53239424,741031,257982,+
67157528,17472065,741519,277004,+
66368429,22906037,742497,143359,+
68873273,51464674,746277,625260,+
61732913,43438880,746808,280307,+
60892592,45435089,748281,279038,+
61025009,47568968,749034,376625,+
71996673,13014104,749296,495295,+
80662417,42779224,750571,731128,+
62356541,42424965,751381,94555,+
63165185,45811808,753168,403009,+
68986701,4641541,754947,244639,+
69055841,5673936,754964,260759,+
68569537,17457024,755153,224208,+
67585989,26352797,755663,175729,+
72420905,18657466,756792,491385,+
63934736,40842945,757621,57350,+
60161089,49854513,760095,297827,+
71127664,3092817,760231,400962,+
77585304,30868897,760992,633511,+
79974377,7165234,762801,645216,+
69474967,16407497,763470,19734,+
69300200,40053153,763673,488516,+
78191873,9037800,765086,607451,+
68358274,30993113,766206,259665,+
87244545,19936433,766921,755653,+
63249509,45669453,768215,24029,+
74759425,65362248,768513,768196,+
71367184,14033217,769877,349674,+
70457377,29774769,770273,394149,+
69021272,28854353,770340,161755,+
69707841,27224816,770374,285973,+
70189882,20516537,771585,32058,+
80819197,23446629,771841,656607,+
76558018,1844825,772047,552882,+
66939040,38265313,772072,159223,+
67236096,37998641,772148,240589,+
62491753,48337010,772968,10449,+
71404368,29658929,773306,424735,+
70137634,24028457,773967,91332,+
77284825,42833018,774726,651321,+
60189384,58142897,774977,481838,+
58422696,54661985,775213,199630,+
74821433,15570969,775795,495769,+
59244065,54885656,781639,50040,+
57924019,56431997,781782,150504,+
70358016,31287041,782476,252161,+
70258800,33257153,782837,299414,+
72439185,40672928,783829,514244,+
76374584,67519217,784248,782557,+
77975889,22559992,784423,571902,+
70310397,36468949,784927,358371,+
70795121,34661336,785338,356079,+
73994976,57084625,785915,676668,+
72424601,14160281,786539,56007,+
73522889,574858,786870,344421,+
69153624,58629377,787291,620306,+
70714753,31998040,788411,4234,+
69132721,40604640,788545,321738,+
63879173,53897645,789059,414729,+
72545474,22180057,789606,251217,+
77066528,65444369,789685,768684,+
80172640,8869233,790127,596106,+
72285232,23236609,790363,74438,+
78952433,57268640,790499,733512,+
68118960,46046401,792593,371640,+
74572025,9835618,792708,379659,+
73441304,4614657,792833,181912,+
65159969,49245152,793028,154809,+
75902905,18335303,795252,456684,+
71609477,56251869,795523,616757,+
66786728,47291985,796894,140903,+
83647793,10819080,797066,653983,+
71396321,34484576,797298,170867,+
74851449,1133113,798069,342215,+
71331713,36020904,798715,228238,+
73390009,36591602,800214,430167,+
75253280,6244641,800455,354956,+
89204152,40489057,800818,777235,+
73640712,25504913,801400,242645,+
61297192,57195409,801664,257557,+
81708608,11015729,801830,604449,+
73978925,22389043,803142,72738,+
83927760,48409633,803197,732846,+
73415528,27663969,803516,67415,+
68631655,48575561,803670,379428,+
75593969,19322673,803855,383543,+
74532097,18822664,804799,185336,+
73023829,31660077,805533,95507,+
76222642,4506089,805653,383526,+
75187609,11144162,806547,238932,+
79613545,10694786,808347,529950,+
75998944,13861873,808874,341135,+
72919616,35737425,811045,161656,+
70005689,67569922,811557,683148,+
74716685,26364403,812328,19608,+
67536192,50454449,812552,154067,+
72593789,64408677,813287,678761,+
75709387,18059669,814134,151518,+
64625837,61290067,814752,493860,+
76308513,17584289,815627,291565,+
77304419,17756317,815868,395592,+
77471546,30151561,815877,471174,+
84723442,12038969,816747,637248,+
75649977,35535497,816797,425285,+
69252001,62541361,817421,600793,+
75513576,38107601,817861,443012,+
76475160,10809953,818029,164594,+
75195602,29740249,819201,183222,+
73830248,36981345,820247,136912,+
83158723,13004909,820980,592194,+
77517793,49682440,821239,604552,+
88819896,56340001,821744,806727,+
73307641,70726586,822429,733992,+
67526225,57919976,823332,454565,+
86265017,32599594,824046,681327,+
75522977,40854799,824748,436398,+
78370769,24890232,827666,407239,+
79968341,65353435,828090,752292,+
74672853,39260125,829269,251153,+
69843057,51430064,830929,68278,+
77850505,21205401,832949,10965,+
71291368,53504257,833300,427265,+
76872237,30400517,833375,57061,+
76578920,40263473,835094,409119,+
65927593,58995945,835401,263629,+
64684272,64463249,835883,473668,+
84418657,13957384,836252,582697,+
67709697,62114744,836354,496549,+
79176890,6223273,837081,273708,+
78082609,29692192,839318,278111,+
79224289,11864673,840275,141141,+
75401659,41580917,840882,157536,+
77277554,66706777,844179,707436,+
81768889,54048777,845153,664017,+
86149985,12353393,845979,599393,+
80121741,8658901,846849,161569,+
82251089,23265792,848167,476434,+
80942477,2551459,849888,304482,+
83451144,35184481,852435,557650,+
72642448,53845905,854622,278263,+
80373041,33858641,855263,389247,+
80207033,32800090,856653,335904,+
84380237,78055749,857779,855233,+
73500944,62870897,858094,567087,+
71422715,61164133,859614,465942,+
81865992,16849,860652,23867,+
81884193,2745224,860803,37090,+
67307408,63125745,863587,129076,+
79931161,40960151,863604,390126,+
81964872,22433009,865039,211666,+
91946417,61395809,866009,817347,+
78599112,42687457,866355,23158,+
84243608,23365505,866529,465172,+
85938757,5089197,866985,514061,+
83228489,9065098,869238,282555,+
84499896,15668225,869413,435110,+
85603321,223415,869760,484338,+
73979001,55976185,872693,125385,+
74493730,65300633,873153,576678,+
80623745,40465368,873659,296542,+
93256545,42066833,873691,741799,+
74813449,57070778,873810,383451,+
67508240,65484273,875852,25949,+
100406009,30423922,876882,818649,+
81341305,37966106,877500,41373,+
86638979,39892093,877860,588492,+
91351489,26989857,878219,657723,+
70545704,62487857,878303,9474,+
83248177,28075864,879647,134642,+
72434769,62512513,879679,399675,+
77826769,52113073,880645,327251,+
85373377,15784689,881083,391671,+
98496041,2195801,881899,769533,+
82260131,39284365,882960,311814,+
85530913,23839105,883133,419507,+
101726912,47584689,884077,861004,+
85161521,2405921,886511,47253,+
87624920,11447393,888147,477718,+
88443904,66733233,889107,776800,+
86067304,17295217,890126,349649,+
80832976,46929121,891059,182126,+
87087768,13251665,892967,405338,+
84722039,48991033,893370,545772,+
81999085,62505333,896147,622971,+
86122825,19130978,896442,29229,+
102259321,41413970,897516,837285,+
86380121,19760146,898611,116472,+
75522160,60983073,899261,244818,+
85802689,29244072,900046,146763,+
93735512,74579777,902037,871310,+
97602154,70935977,903234,887763,+
78549809,74173952,904302,687967,+
92074549,31617837,904509,614773,+
94080929,27255192,906466,649373,+
83670648,44762705,906542,89831,+
94147415,38819161,906972,681990,+
91021568,53811969,907739,693250,+
70278881,69289136,908008,51657,+
93934144,71862657,908414,848763,+
74437849,64743047,909366,15366,+
74419397,65885949,913469,208643,+
89014209,23310632,920431,124076,+
86557361,44124336,921346,342847,+
86596257,53434849,923147,524541,+
101273872,20955969,923499,752446,+
97699289,55762042,923769,783966,+
75759264,69980257,923859,470582,+
84043697,51860479,925254,120396,+
111103848,23501489,925300,898387,+
98909921,35369376,926579,724022,+
90438241,8508576,926934,213587,+
90406221,11303381,927599,42143,+
86911641,74317481,929107,753163,+
90219409,25871352,930806,178377,+
98361361,5474520,932905,663978,+
94473065,52862938,933687,693216,+
99359297,3798272,934508,683535,+
101673025,17463808,935147,734854,+
93704216,32536785,935150,551417,+
91653017,10267474,937041,73074,+
74227320,71400401,937468,156485,+
92415141,22316941,938073,401651,+
91632209,19617432,938587,171788,+
90820591,32289905,940542,124230,+
93334032,11883649,942074,405627,+
91647784,26264977,942089,116642,+
111450233,54190185,942629,931829,+
76268192,70549889,944012,157983,+
90715992,43940209,945361,425118,+
91755749,37817467,948282,366066,+
93227629,49007507,948492,586884,+
91684544,35638497,949751,219404,+
85599929,57154498,949830,14247,+
93055585,23154528,950633,197928,+
78908653,69198645,952237,148011,+
88635408,59526545,953456,533227,+
102922080,49296913,953532,786869,+
92827864,83725857,953859,864674,+
78008041,70741466,954003,140766,+
90373064,45459537,954457,215306,+
93041593,30229209,954485,235263,+
92332951,38816201,955914,321462,+
102429433,336025,956453,698321,+
98700449,85795448,956464,932505,+
96462127,838529,957396,489486,+
93021936,45901265,957575,496646,+
86761240,59470081,957664,386495,+
92440642,49221689,958242,506937,+
95218569,17513977,959181,386117,+
95148977,21761023,960060,385830,+
94413201,24245320,960400,266901,+
94738567,63145769,961236,705954,+
86092277,59982907,961290,16824,+
94809416,30122801,961526,396831,+
94227577,29243882,961740,279693,+
85066136,62487761,962872,29253,+
112442849,23594673,963535,869989,+
99510578,11402425,965847,584406,+
107578497,79044224,966296,964961,+
97380121,8228786,966909,472728,+
95940768,10597505,967214,309061,+
80540017,74106472,967270,482159,+
95996973,13320805,967527,321749,+
89243105,61265768,968474,496947,+
95693560,22649473,969094,277381,+
99851841,50779025,969833,701245,+
90888805,54180013,970231,392443,+
93362969,46180402,972444,366531,+
82417177,74101177,973811,509575,+
108687071,20886145,974010,791766,+
84612139,66823733,975030,137046,+
87094544,79586897,975264,714139,+
106543345,33165088,977624,759331,+
111394544,6037857,978643,825874,+
111732746,34102921,979572,846639,+
122474969,8160713,979797,978325,+
101296437,57994829,980411,746501,+
100072805,55696891,981570,704742,+
94838664,46640657,982652,385483,+
107582197,13091387,983724,746730,+
102063549,69761077,984381,825209,+
100006401,7518545,984449,497755,+
96585633,39128800,987481,316848,+
98491176,22757345,988868,323785,+
112882001,53404056,989422,891737,+
93420561,53004080,990935,13178,+
83351336,72880065,991435,44554,+
103397640,70417553,991927,835166,+
97136192,61893377,997531,635850,+
88488689,67071936,997810,240625,+
93382661,57938589,997915,361795,+
106409065,45285818,998082,743379,+
102234905,93169433,998553,969397,+
113464664,4354577,999128,825483,+
94929777,54981352,999555,391364,+
98573249,43914752,1005393,379528,+
99465272,34238289,1005989,53032,+
100224249,26203337,1006127,8863,+
110434165,44118861,1007853,795725,+
107226065,3300353,1009033,665571,+
112119224,19309793,1009650,783821,+
112309016,25298385,1009669,792040,+
103965921,11985856,1009673,541884,+
95762017,68115552,1010094,625645,+
85588097,77631944,1010427,478586,+
100067096,61780145,1010630,664191,+
96118880,55981553,1011402,361487,+
116494001,30463976,1011702,865663,+
107201760,39284513,1014791,694112,+
94362385,60872608,1015774,185513,+
94540353,60689984,1015780,249871,+
124260373,58772509,1018135,1011581,+
103246241,3609384,1018535,395240,+
126172977,28751392,1018692,988685,+
102651193,23132809,1020265,319991,+
104012863,85541825,1020552,903528,+
98751816,63100865,1020692,599185,+
107699981,9140261,1022803,628089,+
114554389,988893,1022949,799345,+
106958857,32160722,1022970,634227,+
97330405,56484621,1024155,213263,+
107450528,27084705,1026158,624029,+
103710497,16698417,1027655,264013,+
86708048,78993665,1027803,412238,+
96108634,80515673,1028025,735606,+
104437984,29863377,1029446,454521,+
86960337,78378904,1029561,352918,+
110320272,2307329,1030156,682111,+
110491389,19194757,1030401,691559,+
92959825,68759808,1030662,19801,+
95172608,71321985,1033441,538732,+
103243333,36245629,1035107,102365,+
102153345,48959896,1037087,403680,+
105767592,29439089,1040788,433469,+
95282649,83209657,1040931,718919,+
83888896,83599281,1041056,10797,+
106003802,14908489,1041516,365073,+
105839712,4658017,1043486,99885,+
99186832,60501649,1043669,322456,+
89587281,78359536,1046629,117336,+
102477049,84082178,1048149,825180,+
115245181,21881301,1048797,758591,+
110920441,40479945,1049181,684325,+
103880161,49839456,1052488,364809,+
110970832,12506449,1054169,604558,+
100347373,73189429,1054253,639445,+
121819120,74452801,1057295,992632,+
106614889,84481977,1057503,866681,+
118193465,62565298,1057524,896277,+
131496664,38878033,1057970,1019353,+
116851333,52790845,1058927,834631,+
103228432,65604577,1062349,574150,+
108283937,16267872,1062400,73543,+
105619249,46306017,1062537,232307,+
104434961,70602336,1063657,677734,+
105654609,47582768,1065113,107210,+
131070177,27374744,1065271,996088,+
90557937,81947464,1066319,99918,+
107308936,80961345,1066447,829260,+
99280929,71932192,1067322,479933,+
108988256,18682401,1068022,30787,+
108479873,57709560,1068038,639803,+
116625263,236785,1068462,729366,+
111137544,15061873,1069082,514065,+
114048233,20556730,1069491,654774,+
105600177,52552912,1070209,323190,+
107265017,46023082,1071597,337740,+
109737272,8374209,1072267,107378,+
104012761,63664041,1073301,487043,+
111258056,32860481,1073679,537968,+
91392161,85175311,1074294,471264,+
115571537,11526984,1074458,678887,+
95537761,77384896,1074806,174419,+
106535680,90611841,1076769,883340,+
93976049,81204417,1080931,124177,+
110806978,61461689,1080942,690585,+
90275136,90013985,1081085,561046,+
115846728,1713985,1081206,658603,+
100797929,71347402,1082169,354924,+
101843113,94069130,1083081,846168,+
108377101,48187605,1083457,287745,+
93915613,82467445,1084757,260183,+
94699157,81806829,1085257,312721,+
132461856,36311425,1085364,996065,+
112829152,25157409,1086006,497539,+
130160065,30054448,1087096,956113,+
105753490,60565673,1087686,269307,+
111202929,32120648,1088510,257647,+
112062376,2718001,1088636,229363,+
114400423,12179465,1088898,552432,+
112211282,16595593,1088970,325395,+
135562529,36107192,1089789,1030534,+
99485344,80904913,1091128,557755,+
120236409,34316617,1091303,774759,+
99309441,81813041,1092791,563653,+
107309059,63321437,1095942,465534,+
112457344,33922993,1096385,357302,+
112064288,37862625,1099507,110794,+
125969801,6565450,1100382,854475,+
119038369,54254208,1100800,784167,+
113750216,6444065,1101292,182265,+
128979937,2716224,1101734,905523,+
112821761,36920120,1102700,297921,+
101914793,76760650,1103622,406707,+
116111168,20482145,1104186,543827,+
116045137,9763264,1104296,525989,+
114095889,22382273,1106035,40537,+
116471649,44062768,1106220,640279,+
116113291,22490021,1109538,497592,+
120403824,106816817,1110067,1096552,+
94768525,89003893,1110593,432121,+
110708225,56015928,1111333,291946,+
107842889,64813017,1111367,174241,+
103890273,79743344,1111682,563885,+
112212905,81833746,1112415,809616,+
101017841,83211800,1112605,522708,+
110191569,59580232,1113804,319931,+
98821328,92419985,1114432,678549,+
137236257,60511144,1114503,1060192,+
98151665,91001088,1116088,619741,+
115931539,25381277,1117038,363948,+
102190593,98251664,1119080,817793,+
116569217,16962264,1121147,307082,+
103830273,77388760,1121343,205064,+
107587241,70086826,1122678,176877,+
95215973,89992365,1123283,17983,+
112218353,56850200,1124017,161622,+
130036795,3752741,1125330,878358,+
117106877,2018419,1125348,217182,+
144037153,59169504,1125550,1123011,+
131864753,96212760,1127066,1119361,+
105353504,76439553,1127461,105610,+
113964433,67151135,1127946,636672,+
114694849,53758032,1128574,452427,+
116993504,38569473,1128728,434305,+
111844303,61017905,1129176,152076,+
113317472,56828769,1131404,73751,+
121724585,8454873,1131707,636211,+
130532520,5134433,1132036,873431,+
111135784,66561217,1135966,220597,+
114030872,102543617,1136063,972720,+
114227032,66985009,1138573,576496,+
127098400,6300753,1140336,775909,+
119132064,24191057,1140389,341908,+
109760469,80016317,1140583,614101,+
115884416,83323745,1141225,813756,+
123351073,44701080,1141714,718851,+
119383661,2301141,1141991,164527,+
133207408,89930049,1142315,1085466,+
121858685,63262133,1142589,773719,+
127913425,63552888,1143726,893881,+
115935529,53772242,1144002,176613,+
114657472,60243153,1146090,157895,+
119816893,19204485,1146339,136189,+
146404954,67261193,1146930,1143867,+
102792535,94283273,1153002,629382,+
141664981,48615661,1153361,1044103,+
121274232,2401393,1155645,82340,+
121146712,27134769,1157772,187021,+
100365464,99252593,1159176,654275,+
118227683,66924925,1159494,616902,+
130102032,15564529,1159548,794339,+
120726577,37956072,1159680,273779,+
112973456,84103601,1160494,687231,+
120399457,60230184,1160983,619224,+
123614056,27239905,1161911,542300,+
133910699,15281797,1162326,872556,+
122166233,16911305,1162789,35781,+
133413445,5119453,1163057,859201,+
131617160,51901233,1163576,875213,+
112777464,74666033,1163597,363460,+
128035088,90241409,1165601,996960,+
151147329,44119472,1165724,1140559,+
99741848,95659745,1167219,327494,+
113811680,110281841,1168644,987325,+
105522872,95849777,1168950,658847,+
123221944,4935633,1169531,118080,+
123551585,16033968,1169746,365651,+
118910457,60090409,1172193,319033,+
123591923,13891645,1172574,102636,+
121143032,49184129,1173522,129157,+
99531601,98302296,1173628,443547,+
134062305,34152193,1176337,855033,+
118297121,89277096,1179527,810428,+
110456554,83838713,1179720,2259,+
105594513,91432465,1180367,154857,+
126381649,68667528,1180774,794535,+
124627341,21128821,1180827,174277,+
140139280,14952753,1185218,940449,+
108864256,93401281,1186702,590773,+
125390209,31923952,1187873,337456,+
116591313,81467104,1189016,596805,+
109598410,91132361,1190496,504255,+
121065601,65114656,1190776,447073,+
156735434,29581657,1191492,1167957,+
110778497,87183224,1191841,256884,+
134203153,8381584,1194635,785596,+
122394605,59751283,1195026,293466,+
126492096,29582881,1196541,3086,+
128042913,44682400,1198311,596404,+
127146176,28823681,1199964,279007,+
156492922,33753209,1202934,1154577,+
160815896,30189729,1203080,1202585,+
132975773,61282965,1203503,833909,+
132555521,93413441,1204839,1009127,+
126138969,46456457,1204841,27073,+
139056217,56390809,1206727,929893,+
140456069,84243917,1209341,1053087,+
148164634,39097241,1209510,1040535,+
128292575,38757073,1210308,393642,+
119025345,82356256,1210635,557686,+
139482257,63970184,1212536,949803,+
141329616,91126865,1213100,1090469,+
118224872,80444609,1214133,28222,+
150344552,46796177,1215430,1071561,+
161550601,22301066,1217694,1193451,+
129788273,27148145,1218753,28937,+
128434153,48758425,1221401,307607,+
126586945,59772136,1221878,337685,+
151334776,61967601,1223676,1099549,+
132710832,67823089,1223796,798371,+
125950985,63145353,1224647,152669,+
107303281,100817521,1225433,267953,+
146544592,16137537,1226060,971727,+
129188241,48040040,1226510,251017,+
108662653,99380709,1226721,68095,+
120842841,113252665,1227005,987417,+
133282017,91191409,1227563,961647,+
137954074,5385497,1228041,769866,+
119719041,82628576,1228744,149857,+
107872577,101572689,1229669,359921,+
133092089,40881593,1233657,575435,+
141451865,76884153,1234457,990493,+
137421802,79469657,1236585,933318,+
115038344,101946833,1237944,695045,+
139213136,27536465,1238245,778872,+
147003945,5710313,1238317,953207,+
137568561,13905136,1239164,705933,+
108900065,102373688,1239757,212094,+
142351009,46872472,1240936,885991,+
133492717,19718469,1241189,339297,+
121184664,84956017,1243698,133073,+
126392673,74892800,1243949,459886,+
128189333,68368685,1244283,412661,+
149522113,71575384,1246475,1066874,+
124614337,78322847,1246674,82530,+
155414632,5941489,1247651,1074088,+
144802210,60396521,1249791,950640,+
120992552,106288529,1251978,847177,+
143649632,110000993,1253865,1162060,+
135108489,127473097,1254399,1198277,+
152454341,49773931,1254918,1043712,+
143610097,32097472,1255025,846706,+
118338970,103774073,1255956,731619,+
123302088,85589345,1257532,168983,+
117644496,95916305,1258763,88060,+
138567384,12426577,1259673,616742,+
157446289,58291487,1260354,1120752,+
137295336,106846561,1261203,1063178,+
134454545,121092881,1261523,1137405,+
137951029,31329757,1262639,581539,+
127637849,79955242,1263354,455703,+
155186768,79484945,1264416,1139083,+
127511941,121697485,1265933,1069295,+
155517496,5100561,1266146,1044759,+
145936813,33619125,1266657,869633,+
137216218,16342745,1267512,287067,+
156183649,75039432,1267766,1133229,+
129708481,80872416,1268982,586187,+
110169816,108084145,1269800,70317,+
143503465,52813321,1271287,836875,+
137603121,23153080,1271987,102180,+
164969777,54171224,1273768,1191603,+
169288721,61765496,1280374,1244631,+
132502225,77298753,1280943,556507,+
147851233,11510520,1280969,857652,+
142633585,67296768,1281219,845884,+
141851565,53066693,1281919,742091,+
156765392,113814929,1282754,1272183,+
121109417,100863442,1285482,517755,+
144796741,12747501,1288371,729127,+
121438997,103496157,1289161,608915,+
140738385,26873393,1290403,430549,+
153575377,95829409,1290569,1146539,+
116830561,105954241,1290743,303857,+
143891968,28885969,1290902,689785,+
147198817,34648752,1291735,817608,+
140700496,67234545,1291805,742884,+
141664880,22072433,1293266,487407,+
117459181,105785781,1294071,40393,+
143951225,21161146,1294959,651690,+
140501193,34530809,1295263,84625,+
141588073,695065,1297957,126227,+
141073768,51153409,1300645,531334,+
128137801,92380946,1301496,389703,+
142317921,94256056,1301664,959959,+
145409313,10950080,1304509,651262,+
141633881,43435351,1305078,385812,+
155763425,64461761,1307135,1030503,+
149621848,135234385,1307291,1305196,+
150201800,49865073,1308163,874228,+
140298769,58770177,1311813,238897,+
151141921,35258256,1312057,854424,+
138700897,127190544,1312343,1151772,+
119633200,108144513,1313531,99582,+
154997809,23777512,1317043,923804,+
143579816,69497201,1317184,730941,+
144582809,24126617,1317701,383223,+
115692121,113769026,1318371,87504,+
127676608,98202849,1318962,209485,+
168716505,32422633,1319401,1159287,+
130584757,113675387,1319958,901380,+
132235025,89923568,1320258,181591,+
145625181,61673941,1320679,727821,+
144783041,55167295,1322256,618240,+
152713665,17350408,1322513,844068,+
179960217,19901033,1322675,1290715,+
146564240,13930161,1323154,541505,+
125703818,103070665,1323777,319536,+
147885173,24822525,1324967,639869,+
159359681,53107136,1327563,1021934,+
151916877,58171957,1328057,877215,+
175564769,7866888,1330120,1229047,+
146563281,9993776,1332091,154028,+
151035037,14206629,1334159,727353,+
151193209,8972087,1334376,731622,+
145533297,65037424,1335249,650258,+
151344001,61112625,1336985,840693,+
157044609,61980632,1339012,973087,+
131118017,98709489,1339073,161939,+
146890401,49004720,1340195,497074,+
148981008,108989489,1340429,1082480,+
142059176,90322305,1341601,776800,+
149306049,25161208,1341935,564384,+
126341833,110663735,1343112,585732,+
149690641,45851320,1345190,647831,+
174124353,100900304,1345780,1318961,+
142490473,84760105,1346269,682567,+
146649344,79960577,1347711,777832,+
144116561,67897256,1348441,87966,+
159022673,30421320,1349863,924146,+
176059560,90730433,1350731,1302202,+
149684314,44944457,1352184,564399,+
146931488,124021569,1353170,1146347,+
148853821,38869621,1353587,1159,+
158814209,95489352,1356929,1104104,+
119812616,118759761,1357273,187166,+
122047832,118001297,1358345,487914,+
133247041,102918081,1359161,456183,+
154086897,54842984,1361329,789742,+
133114336,108791521,1361527,676876,+
129979416,107853425,1362850,166033,+
137796250,96073241,1362858,480585,+
140692354,87818393,1363590,264417,+
164084665,53205913,1365263,1022741,+
151761281,42577800,1366111,547040,+
133580448,105684385,1368674,483939,+
141765715,89517581,1371402,413670,+
154092013,46341685,1371857,682081,+
160751425,36339696,1373338,896085,+
145499328,78415169,1373809,132080,+
136157105,111996536,1375346,769665,+
145971329,78331352,1376571,100402,+
158788704,18705617,1377296,801083,+
153309345,6658928,1377794,77347,+
151057376,136083521,1380548,1236081,+
134854832,110093969,1382699,602376,+
149406656,68982321,1382797,290608,+
138275457,100440704,1382881,16816,+
144124833,87779080,1384089,117908,+
137934584,102490817,1385638,347403,+
154576149,39532877,1385689,511177,+
150708761,69043186,1386819,480348,+
160737793,878440,1387007,819928,+
172512329,71011687,1387128,1156662,+
170606042,41872969,1387488,1074513,+
164046377,41981362,1388475,937362,+
158056093,39574629,1392119,710385,+
153992225,95522096,1392230,935613,+
154376152,46929297,1394121,265510,+
158610760,25500273,1394376,689923,+
154382973,59923589,1394485,580213,+
172974369,32640913,1396765,1088529,+
162455456,9662625,1397140,831527,+
156197608,17875089,1397547,206720,+
152687843,66613069,1397820,440214,+
161841275,11688373,1399146,799416,+
156120384,30500737,1399254,113851,+
129087091,119324141,1400346,260538,+
154930160,89695233,1401151,875012,+
151235321,74345575,1401270,346662,+
156982915,4063661,1402404,159210,+
156812041,60210530,1402695,671256,+
156561297,36648784,1404053,148608,+
156792240,56589553,1405149,608768,+
128850881,120876440,1405685,178398,+
157620721,111189160,1406000,1084387,+
156710961,53974856,1407091,541184,+
154130393,64303090,1407378,254751,+
150729239,82295017,1408332,467904,+
138902905,109713338,1409937,469962,+
148270369,98295793,1412327,692995,+
173619824,139183713,1412333,1409870,+
158895816,66899665,1416069,733940,+
160212040,40790673,1416306,628919,+
166114697,37743497,1417367,880755,+
164233857,55074784,1417787,863634,+
150340783,86692865,1417824,304566,+
145066673,119878680,1418477,923432,+
147470825,100187458,1418811,632958,+
159455017,16311122,1419291,171870,+
169745717,109970429,1421233,1209621,+
192422357,56513949,1421909,1339297,+
172587557,27999069,1422743,1015951,+
141434872,112857489,1423479,633266,+
176365137,13782224,1426651,1077076,+
159479341,48641461,1428847,235633,+
167331297,147287057,1429145,1387739,+
134572952,120526049,1430538,59533,+
160606065,42226528,1433042,162897,+
156363537,73445777,1433159,150815,+
161680129,3559872,1433816,54207,+
187774721,16139160,1436059,1241030,+
185822501,22298301,1436321,1213919,+
177465889,4327728,1437117,1072630,+
149897913,106464569,1439755,726103,+
186235541,42474621,1441343,1220653,+
159304757,108801787,1441350,1003692,+
162780912,15140369,1441352,167669,+
157411157,75427629,1442267,224741,+
131062285,127752373,1443037,99421,+
185137505,48099393,1443209,1206481,+
137420800,120734001,1444600,19251,+
160858005,60121933,1445059,371307,+
149805729,100035128,1445248,103705,+
162030763,56450645,1451076,118656,+
147204952,113284897,1451321,674540,+
164899721,12839721,1452623,427747,+
186933850,14415113,1452732,1201119,+
133942648,129726529,1453304,594895,+
192252505,108090986,1454103,1405110,+
156880640,140729201,1454232,1214525,+
164632417,28938208,1454825,286780,+
162944933,63337099,1462590,257484,+
158516769,90761632,1464121,606792,+
166340896,35399361,1464434,467403,+
162400433,68723455,1465068,154566,+
159832545,127191176,1465165,1112618,+
194066545,93679776,1465199,1369950,+
161149528,77954065,1465582,460649,+
166555601,33443551,1467606,369504,+
158715381,86752685,1468015,286273,+
165713338,46388537,1468500,43635,+
160008792,84277249,1470591,367624,+
163789585,66173713,1471009,194713,+
164848201,100414946,1471341,947418,+
168486989,52661157,1472351,692213,+
167335921,150705256,1472753,1358294,+
153981537,104145952,1474263,487900,+
151274249,123101722,1474494,880251,+
159724856,86834081,1474599,195104,+
196149525,50210573,1475437,1308821,+
170680769,1862432,1475624,693201,+
148692359,118871593,1475760,688038,+
168319185,8864488,1477764,148229,+
166392321,64842896,1478204,569023,+
164969656,66012721,1478413,41752,+
168060945,34820848,1478546,316137,+
138428400,131559953,1479062,615977,+
157165825,96899568,1479297,239068,+
168607571,17584861,1479348,310518,+
198229713,121907960,1482107,1478308,+
193767264,67194593,1486030,1282099,+
199418877,115077317,1487665,1461017,+
169987921,47609296,1489511,558778,+
168373329,53892296,1490075,12400,+
147199241,120717466,1490178,363387,+
170425913,12319834,1491210,289407,+
146189304,123896977,1494388,444309,+
170192257,42995344,1496033,57772,+
203828906,42574201,1496838,1370271,+
207086722,66242729,1497009,1427232,+
205381720,74004273,1497249,1418014,+
172830034,7854857,1498794,584499,+
175156729,63559802,1499856,868899,+
185371872,72669409,1500814,1138509,+
171946120,5225713,1501354,234161,+
171950880,6098321,1501588,136235,+
195355353,51964345,1502487,1257389,+
176549013,76894829,1502863,961975,+
201570745,45986666,1502994,1335825,+
150860617,118801609,1503013,287921,+
174014305,43760568,1503676,700521,+
165638665,86308298,1504149,511902,+
169281861,66913325,1505353,352525,+
183253685,119161003,1505706,1282578,+
194919965,22040453,1505961,1227863,+
168048434,78196777,1508283,469614,+
175590641,131930961,1508821,1260883,+
161754656,98697425,1509255,266798,+
177876320,21641073,1510993,807698,+
153432160,119055681,1511823,524240,+
151378105,122012258,1515948,251781,+
174431137,17624304,1518166,151203,+
211741849,94306418,1518321,1496670,+
158063984,149512977,1518517,1185352,+
175092784,42762097,1519558,581521,+
173385197,76974789,1519771,760063,+
160595953,111740520,1522322,638769,+
175979288,12266625,1523771,496114,+
216777985,78057016,1524545,1514456,+
168212849,103514808,1529266,795055,+
169676761,111685946,1530222,944313,+
155692985,124511081,1530789,679525,+
168721976,90047985,1531918,400975,+
166222280,120805953,1532594,956971,+
157625840,119937041,1532619,593660,+
180862829,31830677,1533067,807243,+
201320272,125314209,1534112,1463577,+
193449432,8936897,1534436,1141265,+
173819777,70052769,1536979,349763,+
182388809,52478818,1542450,861741,+
153123333,135714925,1542699,807841,+
211972917,17016029,1543793,1400701,+
148917521,134049000,1545334,302615,+
155118545,131957616,1546594,745415,+
175134136,116316081,1547164,1050003,+
184086065,29109168,1548211,848164,+
178920609,35823328,1550105,103128,+
177574433,57892640,1551417,130048,+
161596085,119984971,1553220,597012,+
166864173,140073845,1554007,1118039,+
168956873,105035050,1554849,608748,+
143331117,142733029,1555371,10567,+
168733849,102700537,1557047,312781,+
167841729,105554288,1558645,222238,+
183505057,138105192,1559622,1304605,+
168116762,107580697,1560405,510768,+
169499905,102681216,1561958,116325,+
210827185,31108753,1562057,1362601,+
179709865,58850903,1562124,479676,+
179725960,54325153,1562653,232658,+
165536560,125585713,1564979,848536,+
187758185,13364553,1567331,875279,+
175257961,160653386,1570128,1363047,+
191195705,17591218,1570347,977676,+
180347335,62139881,1571910,143064,+
172661485,145835493,1575629,1201743,+
195706658,112178905,1577763,1283124,+
190996449,70287688,1578483,1025650,+
185170282,28533449,1579056,627681,+
158676649,130694042,1579719,23748,+
159360040,133586113,1580882,655819,+
191176656,8318561,1581952,922729,+
170379201,154958456,1584821,1239238,+
184563289,30559778,1585233,145230,+
206692096,8641185,1585315,1259262,+
200440381,152923701,1585531,1517967,+
209456417,146498097,1586087,1565395,+
151331008,142095649,1586470,13187,+
185353104,136233457,1589034,1260017,+
195332369,69872112,1590679,1086154,+
191342529,25378072,1591642,881589,+
183759709,75955667,1592112,683322,+
184913489,47631072,1592452,38693,+
165513808,133007889,1592650,820521,+
188131520,36797633,1592916,720943,+
185942377,31383129,1593109,368109,+
194168849,89133057,1599587,1103303,+
194875408,91977825,1599913,1129332,+
194453465,14137303,1601898,936984,+
202857993,64007929,1602181,1192275,+
175122809,109269298,1602258,539385,+
180891962,108301609,1603197,873918,+
191957425,64421448,1603986,921599,+
223619672,87617697,1604042,1512605,+
175291809,157658912,1604132,1279897,+
172258145,134880753,1605791,978373,+
194440709,115625563,1607682,1220190,+
168443458,124369625,1608186,345519,+
165797141,129270091,1609926,24102,+
190932113,12017880,1611806,679351,+
231914944,87649713,1612115,1590072,+
182660089,104888473,1612415,836213,+
195938893,41588805,1612857,953803,+
197412304,62089377,1613341,1037334,+
199261917,146654389,1613493,1439047,+
175879594,154284857,1616202,1230159,+
192516529,45756568,1616530,796417,+
188295313,53578945,1616599,69731,+
169695673,142529330,1616919,986442,+
190224856,56429425,1618877,664240,+
179802409,161239802,1620291,1328226,+
169470737,166895889,1620577,1272103,+
187345721,71381050,1622820,246387,+
186834829,86782197,1624141,682749,+
189345297,100516544,1624489,957286,+
173412589,121665477,1627491,83177,+
196605381,47941421,1627651,911801,+
221620387,4392077,1627800,1402038,+
189013061,64911581,1627819,262701,+
170108153,129889954,1628427,534960,+
174952801,119331856,1629404,272791,+
161603385,142978793,1632161,464761,+
198340369,14631217,1635491,898213,+
157512049,151194192,1636154,666897,+
212366289,47758792,1636167,1259938,+
201538291,28604525,1637994,1002690,+
183101749,102049787,1638018,222168,+
176673401,136708985,1639051,960855,+
195373405,32564483,1639278,721422,+
190344083,74206669,1642350,414294,+
186138616,97051041,1644096,488359,+
195525952,16994673,1644780,633725,+
207496449,95038552,1645082,1253403,+
196801954,73758377,1645173,914022,+
197917152,16355009,1645762,805451,+
202637218,133805705,1646361,1354848,+
183105441,106750184,1646380,302695,+
215894485,151946893,1648073,1577561,+
198785985,5005633,1649663,818751,+
196369857,131702984,1650037,1250338,+
186215648,98634065,1650267,78392,+
179866561,136874400,1650500,990447,+
164663493,152950669,1650977,884925,+
195871185,19925608,1652682,499591,+
175834448,128917809,1654495,541358,+
226311057,36562289,1655861,1424867,+
227278440,431041,1659140,1428369,+
168298008,149278465,1660056,840511,+
174687305,133602151,1660260,585282,+
194171961,69341321,1663259,181597,+
176466005,130050523,1665462,177528,+
202338698,10888969,1666575,869232,+
194918293,114801515,1666956,1046016,+
179623933,140281139,1667322,953880,+
191816337,94819424,1667831,644422,+
197165434,52562777,1670361,398358,+
172999618,140627225,1670739,639252,+
203858265,80225321,1673455,1034609,+
196068031,71018561,1675692,324024,+
186836545,174876528,1676322,1411883,+
194430725,98337741,1677017,791045,+
192814226,115712425,1677168,947295,+
236586696,66793921,1677259,1540134,+
193583601,87270920,1677460,188707,+
193345185,89299136,1678247,289820,+
202088481,6657976,1680144,730567,+
216103041,131123896,1680353,1446168,+
216908033,33482592,1680650,1226725,+
199041816,45397025,1680694,60605,+
200804033,43768065,1683401,622409,+
228660601,113172170,1684326,1521345,+
176394280,137304513,1685487,284084,+
179471145,143068393,1687257,881821,+
180651248,131451905,1688667,433658,+
199223616,61046321,1688708,219059,+
194474176,110973841,1689079,873502,+
194711901,91741621,1689839,47517,+
214658600,12338481,1691725,1142248,+
198764472,90803617,1692963,788570,+
196297009,87001057,1693357,73769,+
204271233,32732720,1695877,732106,+
230445952,63940977,1696200,1433411,+
173433489,150076232,1699127,715394,+
184809689,132475337,1700089,729471,+
173754016,145963665,1700169,101150,+
209296761,3224489,1700305,948745,+
203178001,18319096,1702103,98678,+
209951321,66173481,1703467,1029629,+
175823333,164818349,1703909,1103625,+
203044449,62932072,1704169,656568,+
214978849,174743697,1704421,1616727,+
196109353,96973785,1704867,277397,+
202908545,46773816,1705280,102433,+
205390657,723744,1707249,641168,+
217147331,139795261,1707252,1454496,+
204023040,44401681,1707573,528740,+
196441361,98201280,1708853,93640,+
174626869,150026747,1709526,633528,+
209770583,94799785,1710072,1112328,+
191709945,115556281,1711889,163005,+
205008914,9458377,1713177,234312,+
199077826,92286761,1716213,152142,+
170355993,155738729,1718165,283517,+
226018849,128592328,1719680,1489849,+
246665024,50716817,1720164,1589483,+
211578257,91018944,1720951,1098082,+
208350661,1172795,1721340,717528,+
216960464,87280497,1721681,1202542,+
206057232,37115137,1722358,52965,+
216663009,95759272,1723902,1220237,+
177071113,150097634,1727874,376125,+
196418433,110653160,1728287,321532,+
193448280,119449793,1729322,117493,+
182931525,141728413,1730481,181457,+
233089669,128845357,1732837,1550977,+
240535745,99854216,1733231,1557720,+
219367629,96983621,1737535,1238675,+
207008576,154009425,1738393,1357030,+
238741968,104171249,1738447,1538630,+
239467137,140540944,1739589,1646558,+
194307729,124141777,1740651,513019,+
188753137,157196497,1740955,1092157,+
209318833,30420760,1740973,333992,+
229799304,56136097,1741283,1328898,+
209300749,56395557,1742723,593751,+
195119536,145977601,1743002,1069723,+
192468465,160611121,1745025,1189241,+
227613488,175533105,1745569,1677382,+
202052641,138777984,1748260,1121145,+
200090041,110995130,1749756,260205,+
236898097,162852544,1751071,1692826,+
236154731,49850005,1752780,1401252,+
209176849,67494712,1752791,381202,+
169849525,167138013,1754979,536561,+
211808049,4508033,1755445,280409,+
209078306,77342041,1757649,491334,+
212827249,13883952,1757699,559128,+
224595712,107247889,1758773,1315472,+
227307009,60045712,1758849,1243504,+
212854949,25946301,1759825,514415,+
212650849,10495792,1761014,84883,+
193604713,171976394,1762020,1282329,+
194316320,189125393,1763957,1449972,+
228943009,61381392,1764071,1263312,+
219218059,123438293,1764462,1284570,+
214830145,115507041,1766619,1144475,+
235964169,167799977,1767013,1687753,+
190509749,142267037,1767501,429649,+
213884440,13009681,1767680,389323,+
224818354,113084297,1772904,1308279,+
191815805,180519573,1773293,1321727,+
198758609,128752632,1773344,557893,+
185976712,159741889,1773736,883921,+
270130657,22963864,1774292,1769911,+
216903649,68767512,1775152,880137,+
253917641,13290441,1776811,1590943,+
189799231,146511041,1777488,16824,+
227206073,185662025,1778193,1688623,+
223180130,81677113,1779906,1128999,+
215108657,67658264,1780449,680366,+
216214049,45462152,1781388,602233,+
244590736,118012321,1782631,1576556,+
230123473,195422640,1783416,1757179,+
179985221,162612701,1784031,150289,+
228503221,39448235,1786650,1158738,+
223090333,60270885,1787079,1029329,+
219882961,12534561,1787779,803871,+
217016411,6238165,1787880,237222,+
235741891,98450285,1788294,1398780,+
194370577,194288472,1788920,1451253,+
250809544,65786257,1790372,1551019,+
234826977,181964624,1791122,1716557,+
190339720,153959073,1792611,684026,+
217971232,15753489,1794048,156619,+
204788481,127252561,1794393,728531,+
216431111,71454121,1796934,526296,+
220002761,60201161,1797039,813467,+
220500304,94036977,1797519,1027018,+
208443385,113977321,1799255,488641,+
230306594,16856617,1799823,1146372,+
205777777,121757344,1799939,386924,+
174811384,173683137,1803339,274186,+
272680897,73932544,1805312,1780817,+
220191697,143028984,1807173,1308988,+
237711383,47602585,1807602,1300908,+
221793761,201455336,1811469,1698302,+
232019197,66647749,1812241,1189241,+
217996760,76688481,1813252,157225,+
224379737,67963114,1816164,924597,+
252722689,918232,1817306,1512539,+
232235457,115152344,1817806,1330421,+
224827721,20589751,1817868,820188,+
253936384,64073697,1819872,1543031,+
196549857,163690904,1820557,998422,+
221789909,42856317,1820689,102349,+
222597370,45003113,1821882,566931,+
237819201,28238576,1824143,1244776,+
195691624,163475073,1824270,942011,+
250706872,71217249,1824983,1497324,+
192728159,158961313,1827960,318276,+
184927058,169509529,1828305,381126,+
223789361,28154376,1830128,329549,+
223805645,75760533,1833493,765859,+
184154433,175055560,1834581,728614,+
212828065,120729408,1836108,430361,+
222152497,80928312,1837215,563174,+
221187649,107611672,1837486,903979,+
243473345,117817608,1838836,1467281,+
273840432,32641969,1839498,1737791,+
224357929,56728946,1840545,94080,+
195974296,179865681,1841354,1166169,+
212982453,122574205,1841547,209681,+
246922697,4391609,1842591,1370527,+
224758169,57671362,1842654,362079,+
220022704,149627793,1844342,1248585,+
250961745,101162696,1844891,1514180,+
203307673,148206650,1846116,456597,+
220266616,98037505,1846655,61156,+
240829904,74041937,1850748,1274843,+
180993121,180276376,1851497,437104,+
242253505,164050728,1852363,1618302,+
278764549,78625117,1852631,1794439,+
271315360,39126241,1854640,1692233,+
253043425,99451456,1854665,1521152,+
225511125,73991213,1854839,438479,+
227787337,44216377,1857541,23245,+
226502464,66259857,1857752,114069,+
190800865,170807896,1858295,258584,+
217207649,118895263,1858380,186108,+
232551275,95385541,1858494,1109280,+
260346031,166096721,1861056,1788528,+
209672721,146996680,1864566,744535,+
271217361,47624896,1868046,1675513,+
230487385,20895143,1870092,389088,+
226689253,88670747,1871820,514920,+
208634272,162253249,1873066,1010891,+
231855773,51769109,1874769,706475,+
193192114,173526233,1876410,443871,+
235837865,120372298,1877574,1249011,+
185362784,182701617,1878412,364621,+
239252456,6424161,1881322,1039661,+
229483097,95158882,1881636,800835,+
231708305,57428808,1881664,552619,+
235768553,86455495,1882884,1042914,+
232155290,47623273,1884618,267123,+
225395057,187490784,1884812,1525891,+
225160033,196804175,1890588,1581882,+
206495986,163693481,1892187,781134,+
208118265,198178201,1892485,1411599,+
246132033,77531800,1892879,1262328,+
236182113,147268289,1893523,1369085,+
235998445,122751493,1894013,1207367,+
236913585,2926801,1895345,791601,+
234572112,43894897,1896657,475370,+
235528625,10755288,1901267,13768,+
233920880,69975761,1901829,495340,+
200402865,172174456,1904211,257120,+
268524269,3389237,1904951,1577559,+
196717521,192546881,1905029,1121231,+
242144248,70301377,1905425,1080640,+
233815056,166751921,1911382,1420543,+
218126421,144601501,1911429,480529,+
234975763,72761165,1911798,126222,+
235229665,70288648,1911881,213692,+
224413281,131799376,1912791,672596,+
279235145,161895033,1913473,1884431,+
290671029,98510237,1914407,1864411,+
250723945,34469833,1914721,1239629,+
212182433,157507280,1915414,100131,+
217209568,147620545,1915516,206767,+
227532264,195857377,1916306,1552371,+
242077328,28682225,1916358,922097,+
238316945,16476656,1918236,44075,+
224059585,175438368,1918539,1326898,+
237044725,108769581,1923461,979005,+
269360056,131281105,1923589,1687780,+
242410096,55738801,1924646,913471,+
216249274,160249337,1926819,816372,+
207630264,194288417,1926946,1257149,+
231334384,113536017,1927401,455986,+
239358257,44923424,1927532,65139,+
260713440,89064161,1928596,1463945,+
212342705,163351568,1929026,542079,+
254075128,17559345,1930566,1259423,+
244146053,66679675,1933428,967344,+
253271003,94762885,1933818,1328226,+
203548985,177094666,1933908,61245,+
238737912,99922337,1934425,880904,+
255220293,45904045,1935063,1281869,+
227322353,170167745,1936323,1271887,+
241926693,59750989,1938435,709849,+
240079653,98605885,1940183,889671,+
265148137,207610442,1941177,1912920,+
242259965,32039301,1942351,364375,+
266697920,62098001,1943001,1492090,+
215772187,169959749,1943634,909498,+
243606833,34434600,1950817,345514,+
236071753,226883209,1952021,1792175,+
243599893,50830429,1953655,371533,+
240933809,89860687,1953732,613428,+
243988248,35714705,1953737,93922,+
261977976,43262801,1954651,1364224,+
228446755,144487181,1954698,763440,+
278814800,86615121,1955237,1666300,+
214314897,193825744,1957114,1251639,+
298671000,89502433,1957616,1886793,+
201010544,187334913,1957946,111515,+
244917885,34262293,1958543,363747,+
287038976,138330641,1959154,1844073,+
245385553,17074705,1960333,335821,+
251183985,2492888,1960354,1019311,+
216176541,195967285,1960467,1300015,+
216876893,166190035,1960896,279018,+
244306721,71179536,1962584,571129,+
208127609,206965018,1963200,1318941,+
245916313,21754370,1964109,52416,+
251911512,239268337,1964771,1960800,+
199934705,198856593,1964833,987713,+
299063089,20997352,1965736,1854413,+
215866481,190778640,1967377,1192370,+
247144893,128328565,1968931,1215159,+
246977752,32123569,1971206,26369,+
236517589,124790157,1972947,387397,+
236528417,124675064,1973187,328142,+
309770673,82430720,1974337,1970954,+
241608376,231065905,1975376,1829965,+
226942405,155861181,1975677,698995,+
250735826,148275385,1976055,1393974,+
251198408,56405025,1977287,928976,+
246487472,99521409,1978271,896308,+
280467553,169252384,1978550,1844947,+
250722301,1512405,1979649,796355,+
289203665,163156968,1980028,1904699,+
246279313,90199680,1980343,734706,+
266449689,69316697,1981483,1399319,+
301850993,129849632,1983540,1941635,+
269491216,143216641,1984148,1627199,+
241475089,175563768,1984890,1411543,+
251649873,27237649,1989289,737985,+
235808021,159659035,1989666,1108560,+
248149610,74371033,1990263,189126,+
216698203,201516245,1990416,1277514,+
249483739,73024133,1996050,457554,+
249412081,73358496,1997072,239517,+
251675688,23458625,1998514,203371,+
276263841,52933520,1999310,1514083,+
238685112,187425889,2000019,1429982,+
241894789,122837627,2000232,98232,+
246838037,100063869,2000947,325247,+
252560698,46410329,2001828,623835,+
304344746,67291705,2005020,1874013,+
230631281,198086481,2006059,1400333,+
243004849,128929552,2006189,736336,+
284876317,195065829,2007717,1944379,+
244896256,117382081,2009263,282008,+
283330264,86339697,2009809,1630746,+
249479545,105606873,2010687,774971,+
229114753,182482360,2011762,1145861,+
272897749,159465563,2012100,1681158,+
254255737,15911042,2013630,24489,+
256780417,37181424,2016289,821244,+
212432557,196413107,2017170,882762,+
263178461,213559891,2019468,1834926,+
264301064,39787937,2021672,1161639,+
224511067,176520149,2025024,171366,+
254644241,144583521,2027561,1273973,+
278649401,69525346,2030169,1494186,+
260510641,79994200,2030419,1045720,+
252298081,124024816,2031488,983593,+
256180137,61828409,2031991,147617,+
316984528,73315825,2032561,1973762,+
292428901,28094941,2032681,1679551,+
217510085,205692573,2032723,1177157,+
257440917,34743757,2032953,390295,+
257983370,31813273,2033688,557829,+
258740453,9558029,2034425,662211,+
267831720,18769121,2035390,1197491,+
259110115,195150413,2035956,1662882,+
261584713,140609545,2037169,1363499,+
307978153,2467415,2038956,1858428,+
259267441,11354896,2039074,613679,+
255614072,96125297,2041140,694019,+
249950568,126020785,2044612,612819,+
253847664,108078353,2048680,258869,+
259484337,59954792,2049023,494470,+
256516449,94827872,2049694,533843,+
288268889,36532361,2049725,1587555,+
211960161,202764640,2050903,639240,+
306409802,142245337,2051220,1932363,+
261368362,55665449,2055561,645888,+
270026625,11445568,2057851,1151346,+
291136401,203221480,2059593,1970470,+
264087848,20790689,2060775,791188,+
228312199,211671593,2062128,1348050,+
236040696,170620961,2063128,134087,+
266261249,7403448,2063614,928165,+
287188441,123412250,2064510,1649319,+
265429058,44228569,2064750,884433,+
255373509,117791837,2065567,540113,+
316734561,77923936,2065902,1935469,+
264666689,5182952,2067986,707541,+
292742818,123193289,2069751,1712760,+
233737512,179499617,2070355,651686,+
266804440,103624081,2071030,1143223,+
263989687,10499657,2071080,73992,+
323649490,18364073,2071338,1984197,+
259913553,118170040,2072667,931672,+
295493513,10974010,2073594,1644549,+
315880561,52472656,2074813,1903612,+
264808113,9977864,2075885,113848,+
280917489,122301568,2076515,1524768,+
264705413,43370205,2077487,205009,+
280537321,108489506,2078874,1470693,+
268018345,59877961,2080321,926915,+
238333584,173594897,2081431,85354,+
307669841,6961640,2082917,1791540,+
262884945,89715928,2084761,2238,+
263889973,91725515,2086932,651336,+
270094714,177663593,2087280,1586199,+
217032385,206602456,2088940,53039,+
304192341,99739741,2090229,1780559,+
287201584,72810433,2090810,1492789,+
298052993,177371240,2091359,1896192,+
318167929,160072082,2092908,2034213,+
267502298,35941225,2092941,131178,+
276504729,11227577,2093827,1177303,+
283976632,23778337,2095367,1380980,+
302555905,7516576,2099035,1696526,+
266409241,89558570,2099100,678267,+
265639809,163590352,2099474,1386363,+
268861369,10788217,2099681,10099,+
254425921,148186680,2099825,728784,+
304676229,201597757,2100349,2030979,+
270073553,26757200,2101511,680238,+
310861189,144094237,2104609,1913713,+
234715304,192958577,2105714,821103,+
266077537,96141384,2107466,88467,+
269561029,67615117,2111579,353881,+
265057952,153591137,2112087,1237520,+
233049129,197249737,2112729,799163,+
274726715,29843653,2114136,941112,+
272853376,50810065,2115670,800057,+
249286833,166181624,2115713,458650,+
273091313,17567969,2117595,716897,+
313298357,137142859,2117832,1906608,+
288518389,40823277,2117991,1410839,+
273606373,2604059,2118420,765192,+
236701792,191698449,2121769,445302,+
299186141,17699525,2122225,1596831,+
247187208,174488417,2125655,38360,+
273210312,30885313,2125835,19950,+
267757432,167220577,2126099,1361830,+
297219800,63621921,2126659,1568930,+
260699489,140238847,2127222,64134,+
230875448,201617969,2127885,138224,+
281805489,81319297,2129871,1236637,+
280417057,111062224,2131874,1289411,+
274574257,13006464,2133054,171647,+
271351192,97027809,2135283,569258,+
275516105,11738218,2135868,568671,+
275007736,190324161,2136081,1619164,+
279725808,57828545,2137547,1047554,+
271351529,158451778,2137605,1324686,+
272884853,119272989,2138135,1028219,+
313604848,11228865,2138613,1774954,+
274224913,138783360,2139606,1236457,+
313330848,145808449,2141810,1892139,+
280613737,130146362,2142780,1339479,+
286974610,64862633,2144118,1290309,+
346821176,57158801,2146057,2132826,+
269096201,121340674,2147310,329565,+
291731240,107161841,2150660,1469667,+
268050209,131204552,2151363,557426,+
277781632,28084497,2152086,277865,+
282848717,69065827,2152710,1103508,+
278273881,18911690,2153190,496311,+
288344825,182147698,2153838,1707303,+
262835989,152534157,2157051,489059,+
278078977,61471648,2159195,113110,+
282905944,93429681,2159290,1145025,+
279813576,127552081,2164536,1193957,+
274752883,106907885,2164734,242526,+
338930913,146039680,2165239,2116572,+
276349480,106800481,2166761,728140,+
267753473,206985800,2170497,1556512,+
236831265,207625048,2171463,139328,+
323601713,202768255,2172954,2112864,+
290360546,155614681,2175651,1554732,+
273868773,185031629,2177365,1448303,+
254068984,183060193,2178784,6985,+
268683392,156311729,2179053,904592,+
270115889,183076608,2181290,1338079,+
298520441,90013065,2181683,1470565,+
323594001,161543416,2181696,1982411,+
225718913,225240704,2184891,610270,+
284997041,46626656,2185389,814592,+
252530701,222939381,2185599,1445561,+
304182552,73428289,2186603,1543842,+
249291117,194944069,2186631,446093,+
257744413,196983925,2188577,1162003,+
317235641,111440505,2189815,1792133,+
278483109,112977293,2190805,229391,+
292471905,118932488,2191123,1382254,+
307519297,72459384,2191656,1589903,+
291043009,30271288,2192140,1122607,+
279096144,156919297,2193594,1251109,+
292875149,29307477,2193671,1187657,+
317350330,103035161,2195028,1771125,+
286409352,182341729,2198528,1577577,+
318938984,199250817,2198726,2030011,+
290032480,60951313,2200474,1041769,+
251401096,200117185,2201512,801745,+
350410513,160809169,2206103,2201695,+
298896881,67615520,2210220,1332061,+
307529320,235356273,2211857,2065086,+
286893809,85868817,2212417,732481,+
242626501,214125805,2215249,369365,+
334319085,136721813,2217551,1991831,+
295209577,69247034,2217687,1169568,+
248154801,209692976,2221523,618316,+
251466081,207196520,2221586,813485,+
255223121,198985135,2222520,568116,+
289570937,69169257,2223533,639955,+
356378813,116033109,2224415,2174093,+
248421921,214029521,2225023,889379,+
290421064,126995697,2226024,1187677,+
268509874,250472057,2228694,1795833,+
365988482,51488569,2232633,2220546,+
291627361,82105096,2232986,837907,+
310968441,236712281,2235107,2070487,+
266834768,189206465,2239094,893259,+
270903593,201066370,2239791,1298508,+
305337640,187640193,2240794,1772091,+
343555456,24427921,2241481,1978454,+
288871399,149853977,2243364,1209864,+
276465952,161697889,2244034,171539,+
296386488,149728369,2244547,1415220,+
349320064,97415857,2248114,2059967,+
289570045,128039171,2249940,931716,+
321664042,63258137,2251527,1673130,+
362622728,64888529,2252295,2171198,+
305203477,93542349,2255697,1353743,+
292974537,110355289,2257983,839449,+
302840192,87084609,2258347,1247666,+
278934544,163168657,2258633,385322,+
283288757,149433869,2259159,388577,+
267231653,208362525,2259497,1198817,+
300635757,55902629,2259803,1061207,+
267609727,191361329,2260716,476838,+
296710785,25544048,2261087,147796,+
297097197,18935797,2262833,330705,+
283305441,156498961,2263103,763869,+
284022941,149901125,2264069,254925,+
340599477,42831709,2267991,1903643,+
348887472,66385409,2268251,2008982,+
289448901,132111421,2269593,388063,+
305737680,88912913,2271266,1278313,+
298468658,45259945,2272176,405441,+
305212113,33975185,2272847,1155911,+
297146289,76759336,2272915,79740,+
298451605,55505003,2273712,411252,+
301600081,91159921,2273737,1100023,+
268899283,196109405,2275218,658512,+
297118144,100561057,2275289,817012,+
349864265,96505378,2277666,2024877,+
340369200,108408913,2277863,1926834,+
304080538,25754729,2280960,1015863,+
274768325,187376973,2280997,708887,+
324900016,229805745,2281581,2096920,+
247050881,229459680,2282875,90602,+
311272826,112919881,2283057,1450836,+
347897821,221566821,2283507,2253619,+
353975896,205377841,2283896,2253901,+
297260461,110530691,2286606,727104,+
296967096,107047681,2288238,47323,+
312516221,61104405,2288441,1350325,+
302200296,11803841,2288456,645487,+
298162024,100048273,2288698,514615,+
295515152,254021009,2290462,1957257,+
365234109,70256357,2291107,2153669,+
252089096,226040961,2291432,46111,+
305180529,24144088,2293059,942560,+
295309352,146287569,2294203,1042412,+
335358744,85208353,2296515,1800962,+
375926877,38517157,2299101,2241485,+
326266321,90532216,2299321,1656082,+
363241877,71749373,2300735,2122035,+
301530181,146135101,2302433,1248967,+
303820312,44957937,2303090,165903,+
304580593,35989800,2306447,237318,+
301450481,245130175,2306748,1927710,+
268463099,210673717,2307312,773274,+
264069249,215041088,2307617,201580,+
280768209,196972952,2310538,1062599,+
298591941,181215421,2311743,1415321,+
297145761,140218256,2312302,798179,+
318948273,100078129,2312335,1484697,+
297868592,131132369,2312646,529927,+
355255505,34801088,2312903,2008086,+
278752017,193180424,2314124,661237,+
268586689,224848936,2321455,1141900,+
311817897,81523769,2322389,1153477,+
333778544,22864577,2323294,1685067,+
307825632,46096369,2323747,574092,+
319756673,42423720,2325044,1372319,+
288306664,257441377,2325086,1853459,+
320544043,197504309,2326038,1836150,+
326785640,153196433,2328021,1737772,+
331258961,234994040,2328165,2113328,+
309167528,29346225,2329601,593582,+
296142977,151770369,2329643,337373,+
304958189,103863717,2330167,4837,+
261676296,235135505,2331562,1081175,+
306360409,94154457,2332277,134553,+
311931969,143918648,2332501,1389970,+
309092923,62050805,2333412,592446,+
310872741,187248061,2333933,1622853,+
295096589,159136917,2334773,334189,+
323248120,147225393,2336022,1637407,+
316028337,193096192,2336385,1730386,+
315631649,1325023,2338200,1116552,+
329792256,32594225,2342605,1551064,+
315638629,193634507,2343858,1708788,+
312060769,99020353,2344591,1033705,+
311773469,38391077,2344943,595161,+
265551073,225986944,2345540,22007,+
316126849,80860128,2345718,1165445,+
301159528,149910369,2346066,789715,+
314248385,78726896,2346635,1045962,+
311775575,32801881,2346936,207930,+
330770712,239583937,2348497,2101980,+
321375344,201970257,2349799,1818818,+
290139681,183189016,2351268,297863,+
301625457,228967304,2352067,1724284,+
304771153,139517200,2352628,790181,+
324275353,117001415,2353842,1495554,+
301539362,153003289,2354253,727548,+
393906874,26392217,2354667,2348052,+
316351185,179842033,2356251,1606013,+
298772555,173977573,2356626,1022364,+
340362856,67851361,2357188,1725737,+
311936677,83669949,2358033,382609,+
278629105,239872408,2358166,1457201,+
322728104,5470433,2358920,1275849,+
314358093,24707525,2361137,67,+
320397280,207161601,2362049,1806600,+
314576339,21343837,2362098,305904,+
259728945,242474296,2362188,894925,+
288358424,195280673,2362745,713448,+
309453633,210187640,2364368,1664113,+
288999696,194172145,2368162,284175,+
317466384,170424241,2368575,1529450,+
276320929,232743072,2371929,1197028,+
333177901,243513541,2373487,2106491,+
305941397,146456779,2373654,426246,+
315666280,68020753,2374103,164858,+
326813071,44976929,2374290,1339380,+
278161177,222765719,2374932,934914,+
317134585,4903946,2375838,429855,+
321692913,1690360,2378856,1060957,+
329367392,220845569,2380507,1947642,+
315996481,89285416,2382314,483883,+
326160017,286901064,2383019,2259488,+
317636505,80257513,2383119,746351,+
264195541,250175725,2383705,1160369,+
321487009,11543088,2385060,965593,+
294815464,262127473,2385391,1831750,+
324219592,130395889,2386336,1402589,+
326976865,34343928,2387753,1256592,+
334547441,77638184,2390460,1514275,+
319583249,47981048,2391255,481898,+
322159793,90614144,2391802,1097985,+
293162981,207169051,2392116,1076604,+
348724581,72290381,2392853,1778351,+
319065730,71567273,2393484,414897,+
292889409,201614273,2393765,835117,+
256565360,251784801,2394007,238040,+
329346096,212940401,2395174,1879087,+
318454365,90066181,2397255,52073,+
344138665,94615273,2399089,1706299,+
321849737,101481849,2399359,1055777,+
346743297,145798504,2399876,1846209,+
275414488,235207425,2401482,895717,+
322718473,61103289,2407915,685587,+
320232128,93393905,2407971,427556,+
322874641,21477000,2408745,267758,+
387271697,94231664,2410443,2239652,+
328562873,15216490,2412618,1123311,+
284933842,224843033,2413425,870270,+
314318321,143435791,2414412,388092,+
385760369,49592088,2415235,2201728,+
343296649,103958567,2415648,1656558,+
327483073,227560704,2415797,1893150,+
304078385,209197793,2416039,1337277,+
327525309,76380533,2418461,1081865,+
320130290,227960233,2419494,1795173,+
305308305,181605568,2419669,641688,+
314993023,146473265,2419986,561876,+
329565029,51252813,2420263,1127725,+
307189025,176276576,2422905,234776,+
330431565,30419173,2423629,1125159,+
351850577,104010984,2424152,1784933,+
296653456,206690241,2426059,736518,+
376594833,64113944,2426140,2088533,+
343314433,168467520,2426277,1804006,+
360220705,49663288,2426941,1867834,+
365610217,133237922,2428038,2014875,+
342603025,53356248,2428442,1537431,+
313806640,158244561,2429396,421125,+
372462853,94850555,2430036,2049816,+
319542525,161767253,2430413,1184623,+
327324408,42632065,2434778,259653,+
309930097,183394849,2435029,940289,+
330870809,131451977,2441099,1314363,+
297791944,291377617,2444603,1982036,+
326591097,142354169,2447671,1162507,+
317637696,160910081,2449292,689153,+
325957185,114288568,2450069,549366,+
313102849,212713648,2452070,1428773,+
368436650,95987353,2455194,1953447,+
312463808,198212129,2456280,1173049,+
356998561,264572880,2456803,2291790,+
271012872,266703809,2457134,1247861,+
330575989,70491853,2457469,257635,+
335934481,167758656,2461557,1559672,+
299087601,216069281,2463683,106169,+
289242069,276858733,2464435,1709133,+
342677504,62243393,2466767,1363320,+
331357713,263543200,2467863,2048066,+
298275025,235670063,2468544,1256532,+
325828088,140892545,2469004,690273,+
332476723,208460285,2470656,1710006,+
333793705,51452906,2471490,355923,+
348082081,197539425,2471777,1882335,+
326352033,138720544,2472285,512306,+
296276345,224772706,2472336,185835,+
329592621,119466085,2474263,417915,+
311690098,212772185,2475603,1238616,+
332752553,92289250,2476596,313617,+
331132705,111886033,2478007,234037,+
334027896,82579441,2479011,505052,+
335925497,47498722,2479590,679017,+
414738353,127040264,2479745,2442258,+
318595409,263166672,2479984,1889189,+
335782272,59857649,2481446,630577,+
386528809,65927498,2483433,2114700,+
305253721,227580290,2483988,1212195,+
324581888,157214849,2484155,82194,+
312687173,197388989,2486715,395291,+
375952213,270180685,2487637,2424691,+
310375008,203872465,2488886,149817,+
394703232,75046129,2489487,2201842,+
316780081,188407200,2490445,298836,+
283098609,250917233,2490595,303677,+
335103360,100262033,2493176,134059,+
276836173,259263909,2493267,41545,+
328102328,150205745,2494326,142751,+
287350243,249888845,2495076,870822,+
317603405,188870371,2495370,164112,+
337745665,205770481,2496335,1702739,+
350121393,104476744,2497005,1508948,+
411533265,26417648,2500091,2352872,+
339509688,8077505,2501131,196682,+
395631921,211043521,2501603,2381439,+
408873349,90027997,2501887,2338463,+
361869665,59514488,2503764,1697303,+
350412665,2198938,2504541,1385016,+
329189417,213573682,2504880,1568097,+
319668185,204724951,2507700,1141974,+
379997009,262577503,2509260,2402754,+
341182681,56402471,2509512,695964,+
352616977,38237584,2509846,1433129,+
326639737,170663354,2512047,116262,+
311162113,214360240,2514506,113893,+
310372785,285359728,2514561,1904462,+
317811505,291489328,2514701,2026876,+
328891885,174079813,2515069,956951,+
370984469,52502877,2517767,1821917,+
321598717,190736949,2517963,240751,+
282108497,262569344,2518887,738542,+
353650249,116994122,2518908,1536543,+
343280373,285252365,2520329,2197391,+
340641905,120560168,2520756,974909,+
358070441,66516466,2521407,1550964,+
343287569,45820593,2522645,482573,+
347660481,294098176,2523084,2278097,+
332966546,161338681,2524119,850278,+
347446385,12686808,2526202,1050833,+
326044169,182914903,2527038,61230,+
352516113,153551824,2527694,1603095,+
343763913,76634969,2531579,6395,+
401839377,86933104,2532824,2222283,+
359494261,17204541,2534147,1511817,+
310590721,238094904,2535515,1207950,+
306193593,233209049,2536379,253775,+
345070677,102847229,2543801,742469,+
414758977,24786648,2547215,2325900,+
355913816,258521105,2547810,2120681,+
343570833,121622600,2549321,584822,+
278429018,274883305,2550618,421203,+
342906369,127848392,2551718,342181,+
349527969,335697232,2552624,2484057,+
317383569,241755128,2553109,1378520,+
347631384,78463297,2553173,104538,+
351264002,7653289,2553807,947532,+
316543645,221362883,2554002,356694,+
364382386,219125225,2554005,2010954,+
389911377,86812064,2558437,2033164,+
300245553,252478480,2558962,727839,+
302328889,283028762,2559297,1649514,+
371270297,188626354,2560227,1965456,+
352505728,92661025,2561917,1110278,+
346938529,110511887,2562264,295074,+
350631512,40461809,2563328,131043,+
404848509,157001797,2563973,2279691,+
324698736,211245281,2566921,702436,+
281501241,276394841,2566981,207281,+
327986753,326287800,2567723,2269966,+
350427968,77512065,2568014,300539,+
312908984,242260497,2568994,1067671,+
353630721,199562080,2570113,1709400,+
384993689,149763802,2570217,2024046,+
348644065,110039616,2570358,499085,+
335158352,242042273,2570520,1690585,+
349973117,93822869,2570821,320439,+
301161049,273946538,2571945,1424406,+
356951993,50373490,2572107,1164804,+
348111305,122321818,2574699,514854,+
354349857,93540512,2577469,1041790,+
407369857,13843552,2577505,2201024,+
318531681,254291656,2579219,1457166,+
350776369,111211777,2583323,84151,+
404258721,131370536,2584103,2207416,+
352443305,108212146,2584959,793800,+
312488224,249278833,2586755,1053284,+
347047920,172837681,2587536,1208755,+
294635705,287646538,2588694,1454001,+
285521153,278714784,2588810,327397,+
354996224,59898977,2589293,231378,+
346477517,150380597,2589937,16905,+
355859648,47022465,2592394,242117,+
356267841,63920776,2592719,735876,+
355224487,102571529,2594076,887502,+
400877906,94689625,2594445,2113764,+
313880357,263856717,2595065,1409053,+
332127001,205885826,2595219,188628,+
357762753,127674664,2595275,1258242,+
359052768,57525505,2595777,1018864,+
300318433,264067864,2596105,524404,+
355271024,86266817,2596149,486362,+
329799720,229533793,2596332,1260503,+
332659880,297327041,2596881,2048780,+
339145401,187835321,2599117,80623,+
358429241,94168330,2600430,1036719,+
366648945,198103136,2600579,1834480,+
368374753,840784,2601079,1432840,+
301465617,265270712,2602210,677911,+
345486696,169263025,2603775,592766,+
366177673,127764674,2604786,1506435,+
442148081,111834696,2605528,2541917,+
327363727,312639089,2605752,2102412,+
377424722,118060729,2607177,1741842,+
361166904,103426657,2607447,1188332,+
318841817,251925609,2608051,1208939,+
333482104,214139857,2608453,884276,+
334321297,262293424,2609228,1735061,+
326662824,281841857,2610863,1811972,+
332525409,299407232,2611757,2032894,+
298702789,289497277,2612069,1445147,+
310432112,266768513,2617020,1188385,+
360684329,36925042,2617953,65208,+
360979889,77648337,2618687,832609,+
397156513,179003520,2621277,2144978,+
342199745,194176913,2622513,550987,+
432064641,11581136,2624744,2400353,+
342436184,194747313,2625535,383326,+
362469888,56906689,2628811,473190,+
380129809,167798687,2628936,1856802,+
360316186,106895081,2629161,683304,+
330117938,228757465,2631411,111828,+
400302561,210769216,2633907,2244518,+
349810977,175796432,2635399,171880,+
367758489,51466873,2636155,1121391,+
418309905,240820888,2636322,2496727,+
354941913,155920409,2637815,551957,+
339304457,212567794,2639616,589911,+
311401048,264281665,2639678,567637,+
451015874,127820953,2640918,2592735,+
315220744,259339393,2642552,155105,+
373672520,82735233,2642804,1410721,+
357873160,157853313,2643174,989317,+
364424217,315319049,2645311,2355431,+
367076480,53599553,2645458,893547,+
348369537,189402904,2646144,458081,+
355521017,160328887,2646498,214560,+
349354082,187970569,2647122,649533,+
392524361,275056066,2648649,2379768,+
367177672,4552257,2650130,649173,+
308482069,282341917,2650729,1256573,+
366616963,105697709,2651580,1005918,+
391284097,98460544,2652091,1837094,+
349980746,187905721,2652504,144861,+
347124169,230964297,2654589,1455623,+
313938245,265636941,2654933,189095,+
372805063,120442169,2656080,1395396,+
380281889,197493473,2656775,1894263,+
317876761,266445386,2656857,1048362,+
368748202,2438969,2656911,745374,+
348780985,258148343,2658246,1764768,+
330992777,247175719,2658702,1087224,+
341648041,219240050,2659230,800283,+
367466353,74584272,2659590,185455,+
350391104,192535937,2660492,484383,+
390456008,214454049,2660995,2094662,+
380471425,211596888,2661924,1946017,+
395407761,240252400,2663497,2244090,+
391726421,8747501,2663633,1768089,+
296540888,295092065,2664056,1088343,+
351453713,217397840,2665692,1336651,+
359030233,332018135,2666454,2384496,+
366617626,114998681,2669394,386217,+
361158805,171076221,2669691,1071305,+
343255896,218791841,2669981,559166,+
339050762,229378969,2672712,357957,+
390326753,329987784,2672954,2580685,+
354638821,189757211,2673204,779712,+
364263825,256134056,2673286,1936585,+
370147241,85103026,2676624,222081,+
406096497,122775664,2677521,2043134,+
388698109,29712613,2683793,1619185,+
346038688,252676785,2684746,1539327,+
328917362,284141209,2686824,1591203,+
369646129,117652192,2687108,63821,+
371643985,100884496,2687612,653605,+
392678333,63613445,2687771,1713429,+
454665713,110897040,2687951,2562994,+
371062127,110234257,2690880,131232,+
369267392,130664129,2692852,39087,+
322713093,290579245,2692999,1534803,+
313652057,310807049,2693077,1696293,+
373954581,79956365,2695375,396961,+
343623881,335648626,2696637,2247354,+
435160769,36181217,2696861,2331603,+
339501337,243706777,2697487,901085,+
378310976,15755825,2697549,1045780,+
388091313,119296240,2699603,1628736,+
398353457,246797424,2699981,2238356,+
323087047,269285609,2701338,237336,+
359843617,195118792,2703218,889405,+
374732753,102166385,2703467,721197,+
376441832,58893137,2704795,403956,+
353045805,212288933,2705399,167659,+
376505185,62005281,2705895,154423,+
434384720,233765793,2709533,2527966,+
371433031,150250601,2712732,833286,+
351675650,234383353,2713131,1215696,+
361176901,192513741,2713911,214021,+
387571985,177102833,2716671,1746497,+
346999456,252452305,2719160,1337723,+
351553713,306504640,2719871,2045814,+
353384721,233664736,2722798,1178199,+
377938469,240968637,2725049,1892663,+
424158608,102573089,2725850,2170179,+
327064745,304689513,2729341,1670137,+
376494464,130636497,2730361,383774,+
308545133,297955219,2731260,648492,+
354232613,224605915,2731992,518424,+
436736203,226059365,2733678,2499144,+
392824933,49192605,2736093,1471859,+
398134799,293197393,2738250,2380146,+
336723053,277042805,2738811,1334963,+
460258585,215225066,2742192,2671365,+
356099937,249838232,2742944,1426775,+
399684073,160733354,2742996,1837095,+
306051744,303902017,2743964,456753,+
449132529,157425992,2744162,2479439,+
359326313,275730345,2744819,1804201,+
384073089,63080648,2745595,532834,+
389205905,84698673,2745911,1283401,+
377524384,317334993,2746041,2318590,+
383022089,93430738,2747661,317130,+
379098744,244406881,2747735,1864260,+
447979721,194052226,2748288,2517399,+
388051978,136674905,2749431,1400178,+
389215912,13826289,2750257,1150458,+
379088016,143480081,2750441,671674,+
386006593,66232200,2752146,812501,+
374055539,296084461,2753610,2135610,+
380696233,139863385,2753843,794459,+
386633713,42973384,2756782,585935,+
365504432,224662289,2756841,1245418,+
386699168,17374049,2757654,15725,+
356506793,238884274,2758860,1002753,+
386680801,57535336,2759446,403507,+
386770001,67095200,2761445,315624,+
356873712,238695169,2763494,923877,+
386928069,81314477,2764049,557861,+
395233525,190920573,2764959,1789397,+
415337657,83816122,2766573,1922280,+
351140040,260189681,2767552,1223965,+
371654321,195684081,2769281,357671,+
336372793,285835449,2769447,1268155,+
350238685,261170133,2771379,1156103,+
382137073,148128840,2772081,229006,+
333687569,279832472,2772277,159552,+
460563089,206243448,2775488,2620075,+
389416073,147290025,2779763,1262497,+
387976481,118089840,2781127,686540,+
373064485,246783803,2781558,1631754,+
391105320,63968513,2782811,584146,+
415718627,39783037,2783838,1855350,+
346046520,266764561,2784572,740235,+
471589888,189730209,2784925,2679618,+
399890901,204892781,2785393,1874873,+
372659449,204483657,2786589,287749,+
435799106,105870601,2786589,2205426,+
411957049,245764922,2791071,2215014,+
478802081,78474225,2792405,2651777,+
427402421,11937245,2794205,2034063,+
345262029,315817717,2795111,1846287,+
337779937,285669424,2795486,940237,+
415817515,305857493,2795724,2505672,+
414336953,118406985,2796991,1845089,+
386277353,155649225,2798327,545509,+
379677697,298168672,2799269,2110490,+
327092089,317383898,2799300,1535709,+
402020090,2647081,2800125,1367586,+
338129669,285121581,2801425,704885,+
448840737,237781217,2801911,2549255,+
384057345,175469048,2802853,760534,+
453101045,35617853,2803839,2364613,+
421084209,154346417,2804669,2014333,+
385929817,230230729,2804963,1670227,+
410330155,139868933,2807364,1765206,+
368628745,238240633,2807839,1098719,+
358963985,263184936,2808053,1232620,+
426471168,7045985,2808962,1978067,+
356345413,261545085,2814489,791729,+
485195089,23126433,2814875,2678247,+
352163697,347516912,2816515,2183132,+
399863169,131240432,2816926,1340549,+
354791144,266175057,2817191,852902,+
398443160,45453233,2819693,607716,+
479281801,140929641,2819863,2654709,+
441850897,28419424,2820887,2189134,+
335401633,297548992,2827780,603815,+
380112737,249547592,2829075,1590698,+
414712897,144376864,2829967,1786892,+
343237717,308092909,2833901,1509011,+
421770496,24705025,2836991,1789960,+
321792493,318884469,2839411,930075,+
336099696,300421121,2840288,141313,+
493778741,70126061,2844471,2726633,+
322575569,317186513,2844605,54579,+
374485145,236272378,2845074,657801,+
393612657,168553169,2847091,505589,+
397768328,145728225,2848073,694616,+
380373863,221357209,2848776,369600,+
377325177,268876009,2852119,1625889,+
406133401,10390010,2852907,929340,+
416513209,76566633,2854185,1587023,+
430174736,86726465,2855022,1927915,+
411137697,6064784,2855773,1314466,+
390445248,206194465,2856007,1151148,+
451540777,75299882,2859132,2250825,+
400642073,139450834,2861169,268710,+
407615008,194735617,2862140,1681985,+
393773505,183907688,2862511,607904,+
352904545,286115728,2862743,677324,+
347637893,293401005,2863883,559,+
406777893,23787805,2864379,275093,+
391302088,200256289,2865764,840505,+
406208387,102297517,2867010,854364,+
395061545,181345353,2867627,71063,+
414246337,76577809,2873063,1357619,+
421858113,266977024,2873706,2256085,+
439654033,181003560,2874804,2180629,+
489837512,248140529,2877996,2830691,+
472045016,196116321,2878189,2577014,+
409487992,89628849,2878273,930894,+
330516145,319837008,2880278,119553,+
357640879,291458993,2880570,1133742,+
422501569,82880632,2880623,1634216,+
369859901,266313861,2881249,867671,+
424308289,170690512,2882272,1874639,+
404860976,146575521,2882599,825812,+
403172552,160041537,2885350,754709,+
389619793,220889680,2886688,834533,+
352190576,309960801,2886818,1415443,+
375032392,255708769,2886842,349357,+
410952520,210476833,2889539,1732706,+
337400161,318254856,2893062,876563,+
406791864,144270497,2895692,314969,+
335167160,321454593,2895707,864422,+
364837138,349869737,2896635,2140410,+
347970648,329063345,2897581,1642208,+
397660929,388428872,2897986,2671781,+
381585709,254049587,2899986,1053486,+
447227417,7149994,2901063,2077266,+
382429393,375276744,2901573,2481200,+
441319691,150520309,2902440,2071020,+
394627765,212168301,2902851,32005,+
338160752,322382289,2904364,1004987,+
342721377,314342672,2906003,142390,+
419404945,39232776,2909510,1214199,+
415464784,46372737,2910149,547878,+
364718705,288550833,2912869,860411,+
417782777,65044642,2913495,1033794,+
428948840,158026673,2913732,1812589,+
360273024,304794017,2914586,1306717,+
416999013,5938445,2917873,391547,+
407796176,250642961,2919413,1817856,+
376107912,269625377,2919662,610045,+
404537624,203387457,2924296,1104463,+
455857769,159077842,2925519,2247276,+
345414457,327466394,2926998,1308159,+
424360280,230300081,2927405,1974336,+
419152954,27038921,2928075,625830,+
337127681,327717576,2928122,178459,+
391820744,237862913,2928705,451028,+
458170921,134338681,2929087,2235961,+
497140209,227094752,2931107,2792012,+
443000712,216924913,2931165,2197720,+
393496593,235580840,2933003,90368,+
415298569,137275223,2933718,610950,+
504524440,230303281,2935298,2854625,+
420080233,99864345,2937813,893251,+
453266905,256164393,2939831,2436441,+
451455377,234759729,2943667,2337707,+
377624121,277725641,2943721,651193,+
477122744,247870097,2944674,2641097,+
427579761,34279376,2946577,1296986,+
457585417,46055114,2947164,2126961,+
409951693,213594515,2947758,1330938,+
385724560,263649793,2949247,494576,+
474877437,72902149,2953063,2367711,+
346849426,331122761,2960136,1057977,+
355624513,320656720,2961778,998827,+
407782739,213868717,2964348,781764,+
381547933,300340869,2965095,1520281,+
364145896,308540401,2965306,764273,+
399752648,238486145,2966514,205499,+
427462865,57862968,2968057,913646,+
391876973,280173365,2969007,1453889,+
415879135,182237393,2971644,86334,+
356952129,323619232,2972501,1068354,+
413858233,260159305,2973541,1792051,+
440982472,185383089,2974968,1927277,+
382343633,324300600,2975024,1848059,+
413040080,203202593,2975997,803774,+
368022237,313378597,2977775,1188393,+
428857418,17293849,2979054,586905,+
341350259,339467917,2980212,315804,+
372728467,301458077,2980992,677670,+
383431657,290354234,2984589,1107078,+
432439304,332993057,2987193,2485528,+
447611877,99926669,2987401,1822477,+
405966145,234039528,2988134,65877,+
413513473,217793520,2990337,1018828,+
437239277,413521219,2996928,2929338,+
421539499,213704837,2996976,1413474,+
444316529,209055152,2999023,1998678,+
373697505,306349288,2999287,347688,+
522365009,262394088,2999426,2987545,+
461441429,240399933,3001301,2359735,+
419240528,197668929,3002389,624410,+
433444821,215299325,3003125,1781609,+
427920209,204465432,3006629,1509248,+
465083825,281505936,3006700,2533229,+
448934479,118071137,3008016,1789554,+
468627313,207509664,3009052,2337795,+
537209805,29207141,3009331,2923495,+
406094752,280718689,3010409,1624348,+
444023615,49784353,3011214,1527762,+
477893801,1467465,3015101,2268865,+
402647609,260884762,3015681,757038,+
401670432,298296337,3018519,1698830,+
428955794,162571033,3019806,505905,+
521440066,76240601,3024858,2765649,+
408001751,353984041,3025656,2309868,+
429191937,175636657,3031695,19331,+
440212885,75879371,3038370,849366,+
367784845,335818933,3038917,1236139,+
523704720,227810833,3041623,2891142,+
429920928,186493345,3044647,370056,+
470895433,321491065,3045437,2680507,+
442319417,49682649,3047003,825329,+
449272872,194801089,3047986,1852149,+
368312615,335481481,3048030,1089252,+
357775912,344311569,3049518,603991,+
458380913,401414384,3049724,2937795,+
487805131,245876885,3051186,2579430,+
478571561,243508121,3051479,2472009,+
439828605,201022261,3052503,1589725,+
438138409,233134727,3055038,1763376,+
440753392,118419009,3055211,625926,+
443780376,62379841,3057544,703857,+
384576736,314644785,3059871,778150,+
386274793,311187769,3059911,566945,+
423441633,282215089,3060505,1807197,+
440248488,187578209,3061715,1419026,+
452214105,54287353,3061747,1477017,+
441696673,138086304,3063203,934170,+
398335296,294687121,3066859,757512,+
424679536,235651089,3069015,990710,+
456221962,49887017,3069225,1586952,+
445948721,64986751,3069828,623946,+
446320713,9948025,3070441,413559,+
489614753,168435872,3078610,2384355,+
528365552,96093729,3078838,2766013,+
446937645,338306261,3079205,2484421,+
408661608,369223889,3079240,2314171,+
469777417,231244967,3085368,2245410,+
478313392,200911809,3088331,2270394,+
465529712,173770913,3091230,1962205,+
385138729,325665458,3091743,737400,+
446687209,140287202,3095004,600447,+
519973552,160815729,3096381,2695924,+
444474141,161272501,3096503,509739,+
535899833,153876295,3100596,2840772,+
431177399,233895673,3102630,734952,+
462774245,431252813,3103589,3049953,+
444825069,174313877,3104207,823273,+
414926640,279577393,3104691,782992,+
453656795,79901221,3105684,958320,+
474141809,43708272,3112046,1894417,+
436053713,311734145,3113697,2093573,+
504798314,139047817,3113772,2471601,+
493016456,223232321,3114798,2463509,+
444440801,282415856,3116019,2001206,+
460491441,34286896,3116289,1355914,+
507898097,228157584,3116701,2639468,+
451603333,172375965,3116933,1297923,+
382549792,370693057,3118325,1875278,+
458936810,691561,3119229,1188870,+
364167019,359502533,3119994,14400,+
416697760,396609681,3120823,2513010,+
456914338,19433945,3121416,826659,+
477269633,55907840,3122757,1927262,+
368449592,358867569,3123232,1020419,+
415825889,328479032,3124109,1864482,+
477242321,374918304,3124150,2851705,+
415659825,287450353,3126627,23437,+
437110400,230111201,3127732,54345,+
470986289,112978992,3128278,1784993,+
390539221,332671115,3129630,818238,+
431022473,278238777,3130825,1533865,+
445890617,198067834,3133599,118314,+
469239485,47506293,3133703,1626157,+
467997848,128155905,3134911,1683032,+
451574929,174665248,3135095,948122,+
489584192,229483457,3135522,2392715,+
387588469,339760477,3139343,749773,+
450438424,181109937,3140586,467713,+
453601537,160136832,3140955,571906,+
377655841,361823521,3141653,1397549,+
461189064,152087777,3143518,1410893,+
437999352,298976369,3150397,1870684,+
460414913,99125280,3150878,297077,+
468636218,206624089,3151449,1902690,+
506040752,46720209,3151604,2360197,+
521680265,213611273,3151757,2698761,+
452771760,440057873,3154126,2981911,+
458130881,146122896,3155356,619153,+
395180096,378982721,3155622,2030123,+
468373472,50212929,3156367,1379452,+
420147713,293032904,3156955,29238,+
380560625,367398728,3163313,1462614,+
446412769,229756392,3166797,848602,+
467613817,64376329,3166951,1177751,+
486464525,333525141,3167633,2679425,+
446995585,225359808,3167803,487746,+
479881400,171290993,3168168,1961021,+
465662496,215952385,3168987,1786870,+
465589109,77683277,3170689,756681,+
465841137,12893384,3170858,245263,+
405563697,368933792,3171935,1990466,+
514042101,43731805,3172625,2425293,+
418752881,384860256,3173422,2320943,+
491327767,93164777,3177660,2044044,+
441771057,341045504,3177779,2211268,+
445090081,239968416,3177917,123486,+
450237808,242976625,3178262,1375249,+
464425921,125766496,3178826,478133,+
465477776,108736401,3179038,244489,+
425090985,294369721,3180387,335645,+
496793737,332798759,3183942,2744088,+
468423793,23595120,3184068,317629,+
467835193,73609010,3184137,26394,+
472257616,56688561,3185153,1267794,+
452141217,300510832,3185703,2017700,+
469319777,123898704,3187859,1189138,+
382869953,363798120,3187904,997969,+
501093709,333106837,3188983,2775737,+
468743232,83497729,3189932,417279,+
469957019,402365893,3191550,2841402,+
469085825,95615688,3192674,661819,+
438102461,276843861,3195007,1024109,+
395368929,375189952,3195876,1791433,+
485158529,95837407,3198042,1799034,+
392922248,371455329,3199597,1632970,+
430688049,333844688,3199708,1871885,+
416303688,324107105,3199936,1077079,+
471731437,467659813,3199945,3181115,+
432572505,302437993,3201029,1378749,+
432719473,288510040,3201391,69346,+
430561073,338503039,3203034,1911480,+
533335425,34830128,3203039,2611216,+
557143105,186690088,3203087,2934812,+
472544457,91623449,3203179,1003141,+
415951537,323846992,3203455,887002,+
468414609,148017232,3206379,753652,+
538559953,194593200,3206393,2758218,+
549356424,212240497,3208643,2885844,+
476289345,4373408,3208747,1194854,+
455782801,228735096,3211208,749973,+
482436405,16704301,3211235,1561899,+
469972049,264144552,3213787,1986044,+
478751688,43601345,3214609,1319212,+
478016433,41513384,3215314,1247105,+
473662721,103759976,3215937,807032,+
500910417,53422744,3217452,2078747,+
474445226,128560921,3217824,1143237,+
544570385,23699648,3218379,2713588,+
461389053,209400485,3218687,521327,+
513314585,12786761,3221435,2291253,+
586018977,237445264,3221892,3215321,+
549876856,333147361,3222029,3125786,+
422689585,325924968,3222234,1236833,+
468155553,197619680,3223331,1241278,+
461803200,218811953,3223466,998561,+
556872200,281996321,3223609,3055200,+
484457189,87335997,3224839,1579001,+
476327664,64229377,3224874,653093,+
464588249,246601687,3227424,1613382,+
478169792,17067969,3228064,931247,+
491344640,418146113,3228738,3018859,+
536315137,113999872,3230657,2615680,+
561688993,102319199,3231180,2885004,+
477711905,40276136,3231421,463770,+
463343833,314408042,3233700,2146005,+
555293984,27512657,3233982,2804519,+
380817857,378558737,3234395,441633,+
389854073,376580914,3235188,1327995,+
590618097,210397304,3237007,3205238,+
497942677,104229357,3240243,1946755,+
533329613,110838115,3242376,2553858,+
469687993,193974599,3243480,700704,+
449619645,288451301,3243899,1428445,+
538268977,75284584,3245648,2595917,+
482321089,80597088,3246027,1142830,+
567528989,21242947,3247038,2909346,+
425111713,365226120,3248793,1939256,+
481925505,166697048,3250042,1494469,+
521651969,107181312,3250658,2369573,+
429713392,354744817,3254365,1854332,+
479394373,149854235,3254982,1065114,+
510282137,102468634,3257316,2150133,+
469372641,267786136,3259284,1767689,+
482820200,76637681,3259460,602589,+
472730785,198427056,3261411,748810,+
516694717,314109109,3263873,2728843,+
403233041,369562176,3266726,1211881,+
500381881,188404994,3266970,2061465,+
484649589,69175213,3268515,440027,+
531532928,279123905,3271947,2751406,+
436116992,318465857,3272625,857972,+
484674497,189203672,3274485,1542494,+
485833609,93017593,3276455,695959,+
561111585,33181328,3277786,2797763,+
449914973,293148149,3278005,946761,+
476181889,286098352,3279032,1993249,+
517923153,201421120,3280679,2364594,+
489778403,101111629,3281502,1265880,+
478751712,196183697,3281650,1069001,+
487721722,4468649,3281757,394794,+
482153441,159929640,3282694,481715,+
595943112,120791857,3283617,3139550,+
484333745,274404176,3285024,2054675,+
582076929,1299208,3286693,2995590,+
444008888,308070305,3287257,171408,+
564550440,32661233,3291124,2813341,+
484613146,157095881,3291861,715362,+
468197273,245742370,3292188,18003,+
492208289,77780568,3292624,1215385,+
441230632,340594993,3298015,1632610,+
492686401,133430161,3299603,1361401,+
555326056,133068865,3299605,2724214,+
471124833,423301760,3299863,2804332,+
499990056,444255985,3300573,3113720,+
503590913,291151520,3300672,2409473,+
461874689,272539567,3301134,373008,+
486141317,210990957,3301985,1524853,+
499963408,434830849,3304550,3062309,+
503597465,145042138,3306711,1829754,+
500944161,402604360,3307779,2905370,+
516161783,43696825,3312948,2034606,+
505680945,209511248,3313898,2056993,+
469142866,265052825,3319344,832125,+
495932089,145404743,3319932,1374060,+
512491121,214029680,3325295,2169138,+
477398280,299514433,3325553,1911996,+
560382448,124077825,3325924,2729727,+
494233968,352645265,3328304,2543701,+
526198805,213167181,3329677,2387045,+
524006041,33155834,3331605,2133480,+
609038453,249781435,3332496,3296994,+
500062297,389285114,3334629,2787684,+
615471521,208068216,3336167,3297788,+
506114642,28261609,3337176,1540911,+
518567003,73812997,3339570,1983150,+
434893823,350814385,3340902,958968,+
498448673,123990840,3342542,979267,+
441550497,355940753,3346345,1551035,+
475775857,407245057,3347345,2655059,+
500495736,71989889,3348650,245755,+
404672097,397023544,3349997,1305726,+
475019713,268469760,3350728,832977,+
501749697,21924392,3352516,253295,+
517245944,250318257,3355678,2285183,+
533207504,62097473,3358690,2226603,+
533685713,50463000,3359737,2229734,+
468759713,315435199,3362190,1602894,+
498736433,338645744,3362355,2433656,+
504005705,3509218,3363561,423636,+
503467153,93107999,3365640,579282,+
493934465,200811233,3366339,654883,+
501703657,136819154,3366942,758859,+
503843165,90224181,3367775,112339,+
450914504,334670577,3368207,824158,+
475185265,346694968,3368386,2120977,+
427566049,376255137,3370689,1237537,+
499232066,211982521,3372327,1465686,+
612457961,83525575,3373554,3168540,+
516483994,285962297,3373569,2371566,+
561171169,273412072,3374003,2867026,+
509477833,79522009,3375215,1312489,+
524427505,293156368,3375217,2509262,+
618228793,219044089,3376357,3287785,+
500386560,167943953,3376814,197591,+
519828947,175180429,3376974,1993566,+
537503857,433618319,3381468,3209268,+
484394849,258478472,3381651,627194,+
477920456,281794161,3384643,741308,+
506925583,126269345,3386226,945288,+
509210393,41240745,3389573,568061,+
496038352,275416609,3389702,1817917,+
460484074,331967897,3389799,1216542,+
539059641,290091641,3391247,2642941,+
497403058,246103529,3391818,1539435,+
546679593,50209529,3391895,2362319,+
413201720,396770913,3393988,752041,+
474354104,303601521,3396620,1127555,+
484844465,295534591,3397356,1600890,+
518234185,23635106,3397740,1559511,+
504001193,200549529,3398833,1274785,+
492117496,242972721,3399308,90957,+
512767321,28214210,3399537,1064430,+
425897360,425360513,3402529,2119548,+
461046369,407334272,3402797,2369318,+
455864071,341581145,3404010,754338,+
521103213,252744725,3405241,2194463,+
512611069,31920181,3406925,275225,+
461219377,415543704,3407012,2434509,+
507759633,159816769,3408569,284685,+
567996445,173741061,3409021,2703675,+
454866017,350768672,3410835,1178066,+
498323505,227004568,3411458,151137,+
466816819,332552957,3411708,1318422,+
456136389,414481517,3413663,2346469,+
525233401,64023266,3418251,1714092,+
528826968,63846545,3418313,1846094,+
510206888,160029825,3420641,221912,+
491339401,273648386,3422166,1182531,+
440861409,372496432,3422583,623332,+
534360968,404184785,3423386,3002439,+
501989873,242592800,3424669,1339656,+
410518800,409371361,3426103,223920,+
578928721,201398896,3427289,2830922,+
517031093,19009725,3427303,701501,+
500874689,232565672,3428043,610202,+
609527969,286536168,3428189,3252130,+
527611729,193953048,3428740,1998747,+
623778465,108432896,3429209,3206420,+
589246255,239489153,3429342,2990904,+
436398753,383440240,3430052,1015641,+
513189616,151707361,3430652,599159,+
510885797,187362557,3431945,1045239,+
523683393,5632120,3431996,1486449,+
554425896,414184385,3432587,3182990,+
518576875,17072453,3436476,152274,+
586725095,375867673,3439008,3276192,+
575454865,215900536,3441847,2786510,+
472496867,327875149,3443634,571932,+
650590265,177456473,3443943,3441539,+
507645433,217734650,3446799,117138,+
502367770,492197561,3449697,3196530,+
487844552,362755377,3451190,2165089,+
554701697,220178049,3452173,2504197,+
427393873,401407680,3455142,694169,+
578716649,288235207,3456564,2942982,+
533825425,48523696,3458234,1742135,+
578958656,65181969,3459350,2674025,+
524701265,35307608,3465844,677211,+
480583568,321950369,3465885,514186,+
554600993,430374800,3467133,3207134,+
611632186,114725081,3468999,3040842,+
540836233,241686009,3471039,2282815,+
526676329,59388938,3475815,766716,+
504778593,385741825,3476593,2513721,+
535222008,6073889,3479228,1614215,+
469148704,380788177,3480194,1852601,+
493526114,298186057,3480282,324141,+
526188033,106517240,3481282,367387,+
526601675,106334053,3483246,394056,+
445863249,428176657,3483873,2109943,+
463742813,392320485,3484817,1885543,+
556536065,143441313,3485963,2293291,+
531601248,489047585,3486218,3306173,+
428581193,412628674,3487095,1027872,+
560080184,52298097,3487474,2298449,+
421050277,419041979,3488394,617526,+
506966009,263184777,3489283,736661,+
500459761,286750920,3491747,721800,+
436274465,411201233,3493127,1385019,+
531668993,483734024,3493275,3271646,+
538993672,495126769,3493826,3369871,+
644768512,5078337,3496725,3299678,+
566735049,20074153,3497025,2387357,+
571790680,296047233,3498382,2818491,+
469172183,359632345,3498396,176478,+
568303645,228861203,3498498,2600412,+
476294177,391299344,3499998,2056957,+
492582009,355047817,3502943,1924161,+
512483064,262842017,3503591,1200544,+
504264577,283048024,3504226,580997,+
554993425,74242608,3505897,2122122,+
608823705,12161801,3506899,2937155,+
648867408,38068129,3508057,3322080,+
533997201,58367056,3509612,931221,+
508089425,307246353,3510263,1699361,+
509991248,274167905,3510992,1067031,+
621418273,67702079,3513378,3062010,+
496475936,310781441,3513499,193026,+
536214544,32933953,3514934,1119595,+
535609608,2346065,3518746,769753,+
637719960,22636481,3524614,3201355,+
529358269,372042837,3524867,2596623,+
543058872,126220577,3525629,1663610,+
620606073,220764409,3526235,3123417,+
507990728,287607905,3527661,360434,+
567294973,366475845,3529413,2958571,+
531692432,170062689,3529726,139987,+
609094195,426811133,3529794,3490764,+
484790393,371362570,3530472,1769043,+
638525912,221512737,3531070,3280003,+
523696161,299179121,3533117,1954183,+
668055634,227843273,3534156,3522585,+
530644769,189256232,3534986,464637,+
652010533,161639435,3540804,3338478,+
511484465,287976368,3543672,181901,+
465562015,396143633,3543696,1522878,+
525639489,406862177,3546367,2715929,+
559323865,88535546,3548985,2031534,+
539208565,131926093,3549683,741613,+
481380881,362382960,3550615,672686,+
660878312,281136449,3551573,3509862,+
464510041,390316761,3553431,709147,+
573376024,38171793,3553579,2322480,+
605337181,43970051,3555678,2806734,+
540406585,131225543,3556812,429744,+
532579880,209640993,3557624,537529,+
546267765,16768733,3558323,1281617,+
539611937,155393544,3558653,840854,+
549623352,173749009,3559413,1811332,+
452985640,407864673,3560984,229929,+
540590825,533271346,3561387,3492390,+
589335793,345803409,3563259,3034835,+
508317377,331165944,3563729,1588516,+
537348266,196053625,3565965,997992,+
585498584,5763057,3566786,2496847,+
629307698,126177385,3567057,3074364,+
503468457,350613449,3567431,1720133,+
515216945,350403168,3568424,2049421,+
548331425,301844168,3568578,2344093,+
671945321,80204695,3569412,3449460,+
509696477,358158149,3571593,1988503,+
603350209,31691488,3572600,2744849,+
439153989,433042717,3574011,1286189,+
532271065,268515321,3574215,1624141,+
533676520,375316273,3576814,2533343,+
570049631,454081105,3578148,3274350,+
672192853,151598397,3579615,3458195,+
592083560,390787473,3579638,3186103,+
520008504,287583857,3580148,578627,+
552018856,67553025,3580865,1423248,+
529974513,297489320,3581711,1804754,+
481347761,376196431,3581844,640332,+
522601586,290264761,3583989,1216692,+
475507000,395305953,3585801,1410776,+
560078465,331504328,3586764,2612959,+
556253393,147262232,3590700,1735675,+
556350481,264312616,3595426,2203159,+
566397441,310621136,3595483,2583578,+
662082095,31268401,3596718,3329610,+
524176705,349126753,3597131,2091947,+
557738881,174904480,3597800,1833311,+
632968733,113438275,3598218,3057834,+
616018997,338121259,3598254,3199458,+
545984746,170566121,3598704,92889,+
631804929,276876952,3598998,3206053,+
470725728,412262449,3601074,1578655,+
529037000,285173313,3601094,1326101,+
603614317,319810629,3601149,3031543,+
468664328,405247185,3603428,971269,+
536548621,354388501,3606263,2337193,+
602708265,109666793,3606733,2672809,+
552689677,76157797,3606925,329929,+
559149537,145103984,3608452,1698761,+
553526913,34157264,3608927,218860,+
507910449,360786448,3608927,1700190,+
541642032,220940209,3609224,129069,+
516333617,347386104,3610291,1764148,+
478501361,396631041,3610607,1190093,+
523753176,299792705,3613007,682100,+
540270129,344177912,3614989,2294032,+
554907713,47943720,3616021,292214,+
584856721,180519936,3616137,2431322,+
609790129,66105777,3616669,2734851,+
498601504,362079393,3616892,731865,+
560402289,150543032,3618173,1683244,+
444812225,437069551,3618810,240024,+
541416055,234621833,3619452,18444,+
588811399,233212457,3620352,2590482,+
555590047,69033569,3620544,109488,+
493166945,386606688,3622573,1532446,+
644843314,43943561,3625545,3125640,+
592523545,332979863,3625884,2913966,+
497873504,374481377,3626953,1302636,+
574370186,77229481,3629043,2015394,+
533363712,434627617,3630410,2784573,+
509316743,391462009,3630900,2068416,+
564973641,283633721,3630953,2327399,+
550251376,204087601,3635359,816998,+
489687072,417780257,3640352,1958855,+
610436071,22185161,3640542,2683056,+
558730209,125911888,3644493,1450,+
561329315,7162813,3645666,686766,+
571942401,136683736,3648348,1879489,+
451901733,442914589,3652235,1057179,+
555358041,191587721,3653851,528629,+
504335793,372113824,3660947,649860,+
507957184,393214897,3663818,1848257,+
599311370,221907481,3663840,2604123,+
494692289,462489632,3666927,2501908,+
614887538,444339769,3668535,3434178,+
566333369,19037863,3671190,219054,+
566059800,79253233,3672332,251037,+
603536857,41920537,3673019,2481305,+
641514425,389839351,3675360,3444582,+
508981633,433331169,3676917,2348965,+
540822337,291992049,3678391,242661,+
575402776,227452705,3681593,2075660,+
622529330,158402713,3683313,2796666,+
536647456,313345761,3683526,1049869,+
515115800,465320513,3683592,2702257,+
491898593,405453360,3683959,1104508,+
484158249,413794297,3684723,242621,+
536141717,412244349,3684929,2511571,+
457439745,446025313,3685257,260767,+
558445297,218300224,3685516,498659,+
568143928,122131345,3686647,835058,+
671873456,250359585,3687485,3402914,+
574276584,42648097,3687744,1458503,+
541654992,297231649,3688327,580392,+
538987829,447863997,3689113,2796899,+
624412970,283052521,3692730,2992413,+
572160545,181924728,3693764,1636487,+
493782685,405686373,3694851,942227,+
570252248,133319969,3695175,1081532,+
571656769,350564977,3695911,2565301,+
588739730,216408073,3697101,2287302,+
481904864,423893793,3700985,826168,+
544945089,305796568,3701899,1272750,+
560453529,230991977,3702611,806203,+
664549824,423826177,3703364,3670527,+
624972144,253156417,3704392,2913201,+
566609728,193485249,3705099,914750,+
676332409,27099482,3707772,3312477,+
655091561,73268026,3707817,3101388,+
600850777,185646722,3710190,2411697,+
571610584,242795041,3712720,1824185,+
517165689,387844057,3713039,1602219,+
575232240,13312961,3713696,606895,+
525849929,355845682,3713949,675378,+
620958504,28118513,3715834,2643215,+
621888657,30117169,3716931,2654747,+
537813505,328425816,3716955,574694,+
638785234,391727033,3717102,3375735,+
535653745,334631313,3718359,113959,+
634166417,483821984,3718519,3647994,+
472346017,442763377,3718825,980717,+
577910353,27427840,3719579,1127608,+
597677104,54822897,3722356,2157789,+
589534992,491509169,3723091,3386312,+
578342736,165282241,3724316,1536111,+
588857701,223448685,3726125,2179857,+
469753088,447368129,3726630,754891,+
540450329,446581138,3726705,2711262,+
469487857,447412768,3727480,76835,+
649772576,53406545,3728000,3003099,+
576351905,128276753,3728553,737381,+
603182960,92815041,3731119,2267900,+
575801789,204299717,3732873,1514927,+
577074000,175787393,3734497,1327124,+
527691409,492590368,3735659,2910100,+
578221521,169352960,3735685,1360712,+
540054445,426825253,3737653,2516567,+
646065849,18094873,3738889,2935485,+
467626744,455902497,3739366,1105917,+
567268224,481510753,3739735,3151032,+
583306001,61883976,3741166,1294423,+
461674741,460592221,3742171,297049,+
587995889,347202257,3743431,2642727,+
628461973,334875565,3743503,3074809,+
628059105,480358376,3743735,3568432,+
580620385,134669808,3744604,1118121,+
596251248,76438145,3745936,1984993,+
720669961,179583961,3747197,3677603,+
585147521,59532096,3747958,1341701,+
584296320,40811921,3748937,1191910,+
626245576,131202865,3749665,2661518,+
572748968,274216785,3749732,1813147,+
567390965,249037341,3750155,752231,+
558901705,302947826,3750393,1460640,+
577040609,186960632,3751198,904371,+
496216001,424921505,3751245,971251,+
616742385,57386353,3753017,2456079,+
507401825,421450488,3753449,1627144,+
619823269,221877117,3755031,2662199,+
568361969,250890512,3756751,678366,+
658374609,401196688,3757740,3502907,+
541686425,402008098,3758061,2223732,+
529824037,370875659,3758664,626886,+
563142848,278982305,3761692,516519,+
569016473,252576825,3762067,440231,+
584459301,97780781,3763289,315557,+
578590929,242357873,3764747,1629235,+
474541473,456840145,3770119,645531,+
510981313,418827744,3771921,1453960,+
562943473,364537720,3773041,2217578,+
534937825,367828008,3773897,103272,+
629274177,413680664,3776434,3285973,+
582979505,183649448,3776564,977043,+
599995072,110405217,3777112,1927575,+
602616925,554224643,3779682,3687954,+
624032665,157673306,3780000,2557323,+
609852664,333776097,3783234,2773171,+
555915096,321820625,3784210,498887,+
626007872,139615617,3788938,2544955,+
584735794,197757497,3789594,1092663,+
566289169,375795472,3790504,2305099,+
539166935,439869913,3790644,2438826,+
584498961,209946320,3794455,1132054,+
621263521,171122856,3794471,2474556,+
525771569,395972417,3794763,498391,+
513086529,440889752,3798538,1883413,+
569900769,418376632,3799369,2658528,+
524107777,401072592,3799808,326655,+
597992807,144992329,3799944,1701738,+
592273357,132436019,3803184,966264,+
611925605,16886573,3804941,2102529,+
567090624,304888417,3809982,10387,+
594971321,72468490,3811215,307338,+
580652481,278669656,3812052,1580527,+
651255538,447693305,3813081,3525882,+
595757329,107578296,3814325,1004880,+
532654584,393176417,3815213,425246,+
528222184,434524017,3818321,2026434,+
631732001,486824736,3820039,3525848,+
598104401,96543536,3820057,1175322,+
630083869,166282293,3820923,2539655,+
553860825,352489801,3821725,783507,+
560666192,346484433,3821860,1455365,+
617268081,34530296,3822232,2160707,+
499398353,447172399,3822924,783300,+
604629137,94653224,3823211,1693812,+
598150417,17521144,3824794,264599,+
561310577,339100104,3825926,1121519,+
620181704,459619713,3826900,3317663,+
658539365,221179533,3828449,3005387,+
511093808,436734545,3829273,1157406,+
546678240,474770593,3829347,2727782,+
613953200,204729761,3834954,2206685,+
613600714,537188777,3836211,3608034,+
601261917,12035557,3836971,887355,+
610876535,168424681,3841050,1970214,+
663107712,205092913,3841410,3013345,+
532110753,426968209,3842553,1799605,+
682607569,221443681,3843725,3243265,+
599239893,151407245,3844711,621623,+
665683249,137723008,3845791,2979910,+
602668529,14808648,3846422,291185,+
568127776,329409441,3847193,477708,+
629151466,64564745,3852042,2323275,+
617550577,190072609,3854371,2157703,+
677798752,106721329,3857887,3089366,+
508473530,483016393,3858933,2175534,+
747629329,206807632,3859339,3783364,+
623254874,182488873,3860070,2261661,+
698695777,77546112,3864012,3300265,+
693062965,221484491,3865392,3313380,+
711120346,45945641,3865902,3417123,+
650622561,477527960,3867854,3559315,+
520997697,436402928,3870955,203470,+
506612769,456599953,3871475,868641,+
608421009,88370033,3874327,880345,+
609122531,90717469,3874860,1070460,+
676494888,13819505,3876163,3026116,+
595326264,272526097,3878128,1497909,+
573720800,334619681,3878160,569927,+
685415649,287628017,3878441,3306499,+
708038157,105929509,3880593,3372533,+
650721682,66846329,3882201,2641554,+
607258288,266729025,3882574,1989717,+
526792261,508100891,3883794,2657046,+
552026993,484558280,3886656,2708291,+
745178161,300077464,3888280,3816845,+
716611661,195675571,3890604,3478284,+
522299057,520673672,3891636,2714195,+
556542224,419112497,3891904,2017677,+
632711905,49658296,3893980,2201591,+
544078184,411250353,3896600,520979,+
625517599,104673857,3896802,1978026,+
624107345,32628968,3896804,1881957,+
634492450,23639273,3897243,2230614,+
563869857,371892184,3897309,314866,+
679076789,83002747,3898818,3015264,+
613926671,47724961,3900246,560712,+
668783361,397214920,3901121,3377880,+
626057185,75139776,3902025,1933676,+
707525313,208582864,3911023,3372000,+
584715621,327020221,3911113,971241,+
560440944,395389153,3912534,1368845,+
702788705,10261728,3912937,3258136,+
739542216,83899745,3912940,3614231,+
612092737,173292592,3913286,358315,+
613804721,149485376,3913468,443859,+
636608323,304429805,3915708,2673894,+
703916389,237089917,3915751,3357079,+
756921584,170599793,3917680,3774909,+
668548257,507425264,3918557,3730562,+
659512893,462729829,3918655,3500433,+
612714661,222203005,3921665,1453903,+
694837656,167818865,3924320,3185923,+
642379585,333379768,3925781,2835134,+
735679488,74126545,3926213,3561816,+
689737777,218492712,3928735,3164862,+
594686069,303815181,3929195,270325,+
561817985,407594688,3932347,1560614,+
565039346,392339641,3935226,994071,+
634876096,533978001,3935287,3601926,+
618681841,177511201,3936481,1229099,+
670798289,366657617,3937431,3244241,+
612385360,230737681,3938677,1063660,+
557954685,436443653,3940033,1995097,+
613996209,222368657,3941861,1007203,+
622803165,51171413,3942947,269623,+
568887682,426540569,3946413,2092164,+
536962513,469425120,3947336,1983621,+
621225925,148738653,3947871,590417,+
630843936,245781361,3949278,2181329,+
590119810,357954761,3949704,1682025,+
652900961,210455616,3950392,2577047,+
589677072,337964257,3950814,271565,+
564074769,441601592,3951191,2162366,+
508299408,482948449,3952160,76713,+
679052033,272758520,3953054,3073371,+
524914440,469281761,3957310,1286003,+
630405645,101491013,3957737,1579541,+
636199949,155370067,3957894,1995702,+
627902065,217299168,3960204,1855549,+
634826981,242394269,3960515,2214285,+
626380357,128337899,3961854,1107084,+
632371709,205564003,3962646,1967910,+
602463312,582639617,3964390,3607973,+
644347709,147531653,3965403,2201195,+
617292658,232843625,3967728,273297,+
634799299,496242797,3969174,3375408,+
572447650,416859593,3969816,1848183,+
638418169,156635063,3970800,1982322,+
510550177,487770448,3971485,770950,+
619144241,238576496,3971571,1207024,+
563132489,419899337,3972297,1380589,+
759825021,12076229,3973375,3709865,+
630520392,158712769,3977448,1447471,+
718840225,105198568,3982406,3317213,+
630094528,157937905,3986467,1115096,+
592999385,353668378,3987246,343719,+
654805565,52065813,3988537,2296709,+
630898085,130423293,3989533,271813,+
631164593,145891185,3994073,485089,+
621862057,297762722,3994677,1870530,+
675130289,78249368,3997357,2696640,+
674737297,70831344,4000713,2677058,+
602077401,337067161,4002067,363441,+
673763192,21794577,4004375,2642342,+
555751584,539623313,4006874,2902985,+
518927793,498430280,4010369,1487938,+
635823626,120374041,4010853,26952,+
615045045,297700973,4011829,206387,+
519137856,504977521,4014161,1733766,+
691764288,326607265,4015026,3208733,+
777048009,20729833,4016373,3802105,+
740373385,200323058,4017591,3518976,+
614448266,545730745,4019235,3399492,+
631608097,225985272,4021208,1194375,+
626014401,485737616,4021916,3148591,+
640326680,36764913,4024241,759638,+
655666901,9852845,4024699,2101125,+
583566225,399317528,4024789,176084,+
633496521,205170601,4026279,525221,+
565532349,473999813,4026425,2225633,+
643573912,10782849,4026849,1379224,+
562478449,545935272,4028444,2965251,+
615653153,334243040,4028541,1644086,+
629290305,243368008,4028574,687509,+
610041008,341380289,4029372,1338415,+
627862216,258614721,4032273,816436,+
754655965,7510773,4032377,3586149,+
635527333,216653869,4033055,1229917,+
638325013,221081149,4034233,1566395,+
635640081,210698176,4036026,954089,+
638444216,189711105,4039231,966560,+
643537201,51093976,4040947,242756,+
586064136,570041489,4042040,3306965,+
631748033,257789400,4043339,1187606,+
647660401,576563880,4043907,3741220,+
518285689,507219698,4045920,1151109,+
660646177,160917232,4047274,2217725,+
684232213,416376925,4048313,3336541,+
593560279,390619097,4048674,421584,+
572708261,436569741,4048717,1238297,+
624002048,584657345,4053048,3626543,+
645227945,128727298,4056399,293652,+
590625249,412574977,4057053,1520099,+
562325361,482447600,4057603,2088820,+
630430493,589700885,4057953,3685349,+
656183409,136476152,4061999,1892762,+
675655448,162438465,4062322,2521109,+
652279241,189468585,4063555,1848031,+
593025741,400597861,4063743,600443,+
642434611,317051645,4065300,2210754,+
649393457,89237664,4069517,741236,+
647413817,160338082,4072272,829275,+
679029424,205220673,4072661,2612970,+
592896241,407467960,4076195,32344,+
663334709,369916541,4076975,2852565,+
794982625,203425096,4079080,3911113,+
657657499,37213637,4079754,1652742,+
649451169,205050488,4083421,1457950,+
644753696,290093601,4083872,1944121,+
621490456,336923761,4084366,289937,+
629152592,309820769,4086144,237143,+
601667737,418592522,4086930,1867449,+
619915469,362973957,4087639,1618891,+
712750465,155477736,4087647,3051080,+
691541393,587759144,4088490,3993527,+
709414921,327925079,4090890,3254730,+
659060256,598129345,4091311,3851580,+
786955937,234183872,4092505,3849924,+
566293648,479825665,4093019,1838258,+
670194985,60897801,4093993,2123355,+
647970544,215868193,4094720,999161,+
715140033,420228920,4095692,3548527,+
662200858,197614169,4096455,2015406,+
670737013,378290315,4101288,2922612,+
669535345,62204656,4101635,2040952,+
581782160,445420161,4102075,1209278,+
679309617,90342272,4102541,2358380,+
671246561,374584440,4103396,2907785,+
651343248,196093009,4104690,91367,+
653421601,171053761,4105111,209311,+
657316481,116936840,4105748,1095135,+
600287149,411514837,4106219,1142453,+
662541152,2401169,4108336,1561707,+
605308621,404346901,4114879,1045121,+
671722352,189396209,4118429,2170428,+
699958273,480528049,4119961,3588235,+
588919208,469395185,4120049,2102238,+
671097565,193642053,4120383,2147471,+
573867912,463496609,4121063,604492,+
645459921,269644081,4121351,293751,+
694378792,466989217,4121507,3488450,+
708210265,53699738,4121541,2858916,+
663976261,135528141,4122153,1595483,+
666876865,4617648,4122863,1662804,+
585919041,445467856,4124757,536338,+
594917005,437114133,4126177,1432719,+
662938661,208302091,4126962,1791852,+
584518088,457727537,4127245,1527600,+
792021264,72518417,4127668,3792779,+
556245089,510455472,4128109,1958354,+
669935671,336943145,4140966,2588430,+
673495624,161790001,4141025,1989710,+
620741741,381072021,4142251,584597,+
664851976,96490561,4142543,735928,+
742935193,183629450,4144494,3318087,+
636207776,344093841,4145323,1313096,+
664542889,125989017,4145781,501587,+
729784009,474849962,4147809,3759444,+
660915736,202800801,4148072,992793,+
664076123,149573845,4148556,90558,+
546872256,510010801,4148589,167932,+
704688815,470959873,4149732,3544614,+
610282136,411041841,4150451,138268,+
721451881,15808441,4154879,2967079,+
597426272,455512929,4156348,1746967,+
604205561,548495465,4158615,3049697,+
765758197,343283949,4160133,3712499,+
622188505,392303258,4161288,1084251,+
712725969,555065912,4161529,3907546,+
676785481,68999015,4162752,1780290,+
668196792,137600417,4165070,59549,+
709744085,64352093,4165209,2745331,+
627739081,397231706,4170033,1663716,+
690467473,354128824,4170889,2902330,+
812495473,133876945,4171679,3919087,+
640317559,349598777,4171704,1243854,+
612431832,420721777,4171715,1068924,+
618846137,412378329,4172521,1416109,+
672011192,50736017,4173924,557525,+
654628649,442309018,4174695,2820972,+
561840979,504020957,4175826,1073196,+
650420193,307822640,4176371,561826,+
660582232,253093393,4177205,162460,+
704801448,293662225,4178391,2898854,+
677584274,172836697,4178826,1834017,+
655089137,312220872,4185565,1468324,+
709945941,211735181,4187627,2780867,+
668734528,260784145,4187881,1741778,+
674495881,118950986,4187964,980271,+
652924505,328058313,4192943,1462217,+
677817232,37299889,4193246,1230529,+
622786033,552730264,4193750,3170929,+
657918661,307027261,4195723,1398283,+
691295465,179494073,4196491,2258421,+
691243729,61992432,4197088,2120517,+
668889737,385091362,4197210,2604771,+
582164529,535648192,4201057,2507118,+
684031553,293884760,4202616,2405711,+
634139719,385457177,4203342,585594,+
692771681,331979360,4204055,2744052,+
715195264,132190417,4204679,2730382,+
675243216,209027441,4208446,1351087,+
776353273,345790105,4210147,3737287,+
682439064,89831377,4211316,1415611,+
647663881,351742631,4213404,423774,+
672236136,227957425,4214253,681040,+
666250817,303603377,4219733,1606935,+
667837289,268930762,4219926,662883,+
673267810,232559753,4222074,39843,+
796202929,481540312,4226131,4152808,+
683768969,5076442,4228389,380922,+
735856801,126239056,4233572,2983463,+
746144505,287677993,4234089,3294577,+
678731801,262694505,4237507,1700885,+
691480426,179901401,4240299,1904832,+
714422656,520437505,4240639,3674060,+
722623381,89064781,4242001,2713871,+
655775037,553573717,4243555,3359439,+
629431613,428062949,4246567,1270695,+
757332065,5411361,4248325,3228397,+
685885201,220581736,4250647,1623482,+
660835584,338163073,4251169,896760,+
802650589,20925733,4252475,3713179,+
695760664,714177,4253374,1756299,+
717914261,61286285,4253829,2557955,+
667804264,340251361,4254515,1758590,+
866908229,108282957,4255303,4245557,+
687399589,164769117,4256281,1023009,+
717228424,432023457,4260761,3309876,+
719419185,411711568,4260851,3257028,+
651645425,375683088,4261277,303472,+
761556449,240170432,4261687,3348204,+
577009401,518445065,4261925,1111949,+
584625049,507384362,4263387,480648,+
690971761,175478160,4264296,1467395,+
655640297,474293369,4265583,2753287,+
691354051,118289981,4266072,969888,+
704317625,211444858,4266948,2286867,+
675857449,283520402,4266954,374949,+
661482145,634232776,4267495,3819824,+
666166704,334883537,4271291,766672,+
687575912,205934177,4274340,47959,+
639955848,422440129,4277103,1295920,+
694653489,39948488,4279027,272560,+
662923129,353636473,4279945,328853,+
757736189,30831797,4280029,3158487,+
624932237,581298309,4282103,3195451,+
747233873,69326840,4284862,2995047,+
828058072,61232049,4286017,3896682,+
709842456,238125601,4288071,2398112,+
583919921,544844671,4288176,2182758,+
697921130,23983513,4293954,273177,+
573571258,535344905,4294143,1203984,+
625199889,524535472,4296744,2630069,+
691670498,247136377,4297335,1492470,+
730851973,51684059,4301106,2636070,+
626087177,515776762,4302438,2514405,+
657124465,433921343,4304364,2170314,+
690333365,588601771,4307610,3705834,+
702449449,20909522,4308159,1209516,+
719667569,1230353,4308615,2302441,+
646886160,420710593,4308866,820533,+
834052001,33445471,4310412,3915468,+
714188024,69223617,4311566,2088907,+
700881617,131176304,4312764,879109,+
696373109,324515467,4314036,2247276,+
558986333,556476115,4315818,465912,+
610370264,500460657,4318198,1498031,+
654510065,412186536,4320404,1188515,+
674664193,349215360,4322907,819854,+
736528787,206334109,4323198,2771664,+
704068369,77145432,4323637,349464,+
629458379,582028597,4324572,3136728,+
636191617,535982289,4324617,2802563,+
696358609,564335327,4327638,3592932,+
715761189,2501693,4328593,1988335,+
709811321,178771450,4331838,1830225,+
800578113,109616065,4332651,3567869,+
711905626,146898521,4335648,1804869,+
635312129,475434408,4336010,1796443,+
619165537,494006704,4338413,1383578,+
677675601,442301696,4340414,2558233,+
694568401,360412224,4341660,2270395,+
783540257,408395057,4343609,3728205,+
873919042,187950377,4343742,4223115,+
691693440,343701233,4344227,1980056,+
695878113,282528385,4348979,1158861,+
708557834,161687833,4351323,1100100,+
709270768,127950385,4351649,739946,+
707572401,165582680,4352074,467585,+
669520769,425205992,4355323,2035854,+
669502896,404145425,4355660,1576459,+
585925729,547028008,4357432,1442665,+
670580649,525674137,4361671,3035367,+
653347793,484943120,4363783,2346438,+
725489305,525277033,4365431,3576473,+
689193898,488220185,4365774,2994873,+
714615440,28296273,4368793,904802,+
698412112,288719857,4369585,656242,+
694133617,325046184,4369617,1433906,+
826078033,201702239,4369680,3794646,+
814364657,198494312,4370100,3678883,+
794300125,191089283,4371894,3456786,+
700935517,500854629,4373313,3195127,+
860823178,164444825,4374969,4075854,+
840699880,19499073,4377708,3881231,+
582962384,554922977,4377719,1145952,+
746710648,5892865,4380251,2635202,+
606454937,526085529,4381733,398231,+
777550605,378190453,4382441,3530289,+
771298613,1931549,4383533,3076785,+
701950555,289372373,4385562,662028,+
686080441,365571746,4391136,16827,+
754075713,162383560,4391531,2796282,+
645829560,620088593,4399046,3397993,+
798668258,359183785,4401327,3665508,+
772595265,424014641,4405015,3561419,+
732331048,295937329,4408630,2529121,+
719629157,242056637,4409181,1727525,+
722918841,85037401,4409803,713889,+
805633673,205865225,4410101,3519039,+
714489816,243687121,4410594,940537,+
700439009,446873057,4411289,2713479,+
729293381,327441981,4413329,2569993,+
710944841,419727706,4413762,2707851,+
718770752,203226449,4414309,393444,+
679719248,417809105,4415128,1625787,+
716397253,236415035,4417008,705828,+
816774513,72840704,4417490,3581137,+
725064704,219001617,4418348,1803659,+
633489275,518278021,4420584,1844220,+
685310744,409478993,4422098,1688025,+
683731709,403719427,4430856,260448,+
865612411,229694645,4432530,4071096,+
783011197,73131589,4433981,3113219,+
739338297,212385929,4436393,2265737,+
746482784,230177841,4437005,2524000,+
778920205,414602773,4439701,3530323,+
721522176,273413585,4440382,1643705,+
681599745,432759448,4440961,1719468,+
690218560,393239953,4441801,782026,+
606925560,555319681,4442302,1523205,+
658729680,470971121,4442888,904355,+
688144603,399911765,4443348,394338,+
716275857,301408849,4444793,1461423,+
759809509,47416077,4444937,2637549,+
751914185,233523753,4447043,2614849,+
644544509,595447317,4449461,3053543,+
732015293,334164595,4449468,2476446,+
721591999,255986417,4450998,337644,+
850469536,10785025,4451080,3862721,+
736295073,222474584,4452850,2031581,+
690786251,406569781,4454016,1346004,+
772256145,375348568,4454202,3308489,+
684778960,417993313,4455214,631571,+
711190680,378827393,4459771,2073526,+
735255931,223801781,4460646,1890924,+
671457017,458557769,4460857,1334631,+
723601553,295353680,4461654,1701367,+
772551776,107033921,4462031,2849364,+
677412905,441563458,4462191,840168,+
829811497,201800937,4462815,3677707,+
735361040,565246721,4465665,3665684,+
714347253,574296445,4466719,3533397,+
675266728,449618529,4467177,871280,+
755064161,135928296,4468942,2417069,+
856960657,1644529,4472471,3891001,+
735873953,185722584,4474147,1428970,+
781105168,650429089,4475225,4327268,+
690763656,444525601,4476934,1991229,+
729272629,251005213,4481609,720565,+
758773361,162715056,4483133,2469868,+
737905393,144274384,4484362,797105,+
738707616,112153009,4484700,187795,+
739257257,95297434,4485168,658119,+
790276201,482361266,4491381,3755226,+
738676145,173222928,4495021,111392,+
879225241,46963881,4495571,4058571,+
786341265,146490608,4498586,2988983,+
756191721,83945641,4500999,2179747,+
600828665,578932663,4501812,676662,+
743479329,91169272,4503939,688258,+
641526257,528862272,4504177,773030,+
638672368,532678257,4504380,77885,+
752633057,146267729,4506019,2036559,+
739240097,258737304,4506142,1731677,+
742412729,148935922,4506684,5301,+
751501585,182729368,4506754,2059351,+
759924529,128747272,4506758,2309473,+
722099665,331614431,4508010,22536,+
789738971,555976021,4509906,3979224,+
756773641,51587001,4511319,2097143,+
695259802,427822073,4511805,200520,+
844961215,78267713,4512204,3708864,+
833650312,187570017,4516536,3610025,+
807300433,445974160,4517198,3753433,+
731815992,500407409,4518718,3164689,+
834653096,419832225,4521434,3925795,+
761163553,541675560,4523768,3668601,+
719897377,360882672,4527235,301878,+
716640785,405901088,4529163,1938688,+
739242082,283358969,4529367,1555854,+
841617827,7552909,4529412,3638418,+
749759083,41889989,4531128,350910,+
662711000,615709713,4531369,3184582,+
670398389,496444843,4531482,1188270,+
652409713,525093400,4531534,943663,+
891863229,172794037,4531967,4136331,+
790096459,449291237,4532844,3566238,+
812955281,582443216,4533973,4203744,+
666316017,502917344,4535156,211357,+
750828336,407155025,4535321,2868250,+
755257289,27702778,4536267,1648650,+
774062424,307260193,4537140,2882503,+
713831560,598582833,4538017,3523386,+
763842352,343230177,4540350,2796211,+
825326977,354636624,4541471,3669924,+
752798657,38100824,4543819,795942,+
621226177,572867104,4546042,895243,+
764637008,284174465,4547032,2553759,+
753955570,49332473,4547559,1007622,+
836198113,189666120,4547593,3577644,+
691596656,460807761,4549607,667906,+
682401289,555785257,4551583,2786227,+
654653683,532914749,4552260,1253262,+
864463978,135797705,4553094,3845829,+
683744321,485150960,4553685,1401838,+
751173960,184826081,4554185,142664,+
608703535,589443713,4554444,505026,+
750248497,208869424,4557448,43379,+
748249129,233704583,4558200,122526,+
763483576,436249825,4558640,3131849,+
737452537,316979354,4559664,899907,+
753890721,166319576,4560931,768314,+
812654337,85865944,4565467,3184686,+
751171977,246647737,4568163,1356155,+
635089475,571155181,4568214,1625400,+
884794049,335986728,4568785,4143932,+
741480672,308360609,4571812,577127,+
776182977,643313272,4572271,4150680,+
679849385,499925578,4572324,1203849,+
700388120,456519521,4573015,1084416,+
865746721,408118656,4573824,4087801,+
826851800,310395953,4574068,3542451,+
788665075,640798733,4575108,4214664,+
813455143,379812665,4578138,3521406,+
832561565,24910483,4578216,3426126,+
661147693,592418485,4582151,2736503,+
896912992,11777409,4582203,4093066,+
761248760,320179041,4582342,2397805,+
645218760,558369121,4584880,948009,+
707975208,518805425,4585906,2688127,+
760398600,165390001,4588307,995160,+
777060984,717154577,4590953,4454746,+
761127769,212289623,4590960,1582026,+
805404805,265029851,4598826,3111870,+
757974917,344832989,4600407,2312071,+
721731361,417498561,4602383,460761,+
775248385,349640593,4604671,2772757,+
715110280,470064801,4606435,2096118,+
760040689,592623887,4609956,3739476,+
768794959,256787297,4609998,2106084,+
914931992,336685409,4610131,4332558,+
812159736,275357921,4610483,3199106,+
743727457,730063439,4610658,4320936,+
765499729,154158112,4611173,596932,+
769429397,186709277,4611355,1771329,+
670607897,591468682,4612398,2734425,+
824163201,359144576,4612769,3519272,+
911325409,92892912,4613367,4177988,+
777751632,102295409,4615151,2055658,+
761928826,226802345,4615590,619107,+
696611824,533066337,4620717,2408554,+
757500353,355106240,4621092,2199953,+
769090209,110378288,4621718,14435,+
790691221,78022621,4621789,2491271,+
731871823,437175905,4622058,2092608,+
675879865,537512793,4622311,1657827,+
905126089,359045161,4622335,4266365,+
803655089,372857208,4623280,3267629,+
741476649,399465337,4626279,1910881,+
745002241,354986640,4626469,548850,+
898595160,315296801,4630520,4152007,+
786163329,135977512,4631786,2303493,+
772210609,27382912,4632019,626512,+
891820951,357828041,4633422,4141602,+
750885688,467157889,4633861,2831150,+
805413493,537789419,4634190,3837186,+
654912413,567143285,4639493,75831,+
771556849,190960288,4646842,295025,+
822212717,423211349,4648273,3582969,+
901229392,576871233,4652560,4619535,+
771452065,477635296,4653284,3156185,+
725516453,444713659,4655322,639870,+
670517201,568791416,4656121,1983498,+
778177528,37662369,4657184,962535,+
735269441,642229536,4657724,3721201,+
937785765,197292653,4659149,4359457,+
857020801,204091105,4660243,3591085,+
840064641,463738721,4660613,3854581,+
921690552,224468369,4661152,4236949,+
762513002,351733177,4663698,1927185,+
679482551,543388921,4664418,946884,+
781485528,62756929,4666389,1353590,+
778153298,148503577,4667130,257295,+
788135585,97375423,4669158,1974342,+
892209368,537977505,4671193,4443404,+
941176088,399716225,4671493,4530606,+
767143567,444855329,4673328,2811942,+
742060049,409941201,4674485,475525,+
696216817,528602904,4675299,1648268,+
748238275,480770621,4675320,2688384,+
842818825,358266266,4675617,3593520,+
782135233,32922280,4676944,423727,+
687023377,547257304,4678103,1743314,+
783085481,32480866,4680966,599157,+
789243107,174344989,4682496,2005704,+
742799312,464671809,4685146,2307349,+
758845913,362622905,4689601,999669,+
682752273,550200880,4692329,424938,+
699303808,523028865,4692552,646433,+
785730877,20821509,4693067,230427,+
782368949,184048413,4693133,170225,+
876262056,109712785,4693589,3706980,+
780455450,233828521,4693959,1282380,+
878744879,134658433,4697424,3732570,+
759184053,367990285,4697983,717303,+
787367744,17802737,4700396,98979,+
918492205,195179733,4702359,4138543,+
753719664,398590961,4702685,1247900,+
816651480,558516001,4703545,3891876,+
948948144,221703953,4705141,4401500,+
911945969,523366032,4706002,4503409,+
681145057,584933112,4706317,2248470,+
797435113,254217074,4706820,2391567,+
733131377,479591952,4709014,1885265,+
899825047,154794089,4713828,3930012,+
820060912,218034529,4714688,2869079,+
866185306,114015161,4716006,3538143,+
957146848,423146289,4717837,4624140,+
768162653,353976789,4723025,398219,+
796751601,285938296,4725489,2350558,+
643037008,629077105,4725757,2002816,+
879352677,514122317,4726625,4218683,+
977383480,387704161,4728403,4709870,+
795290817,48622544,4730032,1265681,+
675095809,618303552,4731976,2555841,+
837070418,432756457,4732875,3588390,+
804134000,330369713,4733057,2713242,+
794685385,86502441,4733931,738935,+
799355609,116965497,4734167,1780547,+
837470248,504398529,4737228,3816145,+
852383777,265197089,4739087,3399489,+
705461263,535395665,4739166,592638,+
943557072,380324609,4739354,4445467,+
795265042,155626169,4739442,1214601,+
799844352,104056273,4740985,1661190,+
795155849,149389673,4742895,498989,+
807357809,115965848,4744195,2146644,+
794693626,272486585,4744374,1982655,+
867245440,160792273,4748978,3486713,+
809048360,68904273,4750472,2131163,+
864678920,62352993,4752617,3418384,+
800955623,262905289,4753638,2150340,+
806080681,414648071,4755426,3024324,+
699589072,672719857,4756145,3409486,+
819850429,517110083,4756932,3649020,+
800946561,49149776,4761311,274064,+
753353153,442239360,4761578,214219,+
772640201,402520601,4762407,1863407,+
868978728,228187985,4762876,3519643,+
791677232,374429937,4766410,2388431,+
716190001,537888016,4767539,1587472,+
1009171165,132211283,4768218,4759512,+
738828409,493168442,4770159,1530354,+
942327329,121970112,4770179,4232162,+
821007449,78594778,4773168,2429115,+
808239352,319348929,4775318,2523381,+
797430609,300193232,4775614,1934297,+
748030472,520829697,4776494,2504155,+
813373897,70945034,4777404,2046783,+
800883961,198522551,4777578,853632,+
843971473,85413969,4779399,2990575,+
951411585,80328856,4781115,4291498,+
805803889,32681736,4782750,295505,+
799289456,777018561,4783121,4621952,+
685590657,590309249,4786729,1311463,+
989905053,130210565,4787011,4598363,+
806330113,113627080,4787327,823396,+
687241033,589811690,4788234,1423899,+
796282305,278323121,4789895,513509,+
802145104,228075937,4791779,939662,+
803948591,393659521,4792278,2700576,+
852554425,126872953,4797289,3097691,+
745318457,489161369,4799671,782019,+
841157429,437767997,4800967,3486627,+
653381378,633280105,4803306,880347,+
731099575,547019081,4803348,2169120,+
799752065,289201608,4804588,1297951,+
646862961,645343096,4805018,1588527,+
766574609,436575312,4806194,548887,+
694678209,688230512,4806346,3360757,+
811414457,90982594,4807269,978996,+
810234705,147447953,4809613,208211,+
831851729,587182352,4810106,3947193,+
925035880,580821393,4810121,4611282,+
709822657,563579904,4813073,93264,+
796133840,551487873,4815163,3407146,+
823509529,10012898,4815240,2137203,+
953899399,150162137,4815318,4274082,+
814249245,42630133,4816459,1152807,+
742401825,537740728,4816522,2268669,+
772528432,434395969,4821158,1288021,+
937668184,46660257,4824348,4100903,+
832446189,18747653,4829617,2393125,+
945168053,174320925,4833031,4175771,+
780253317,510843757,4834725,2805553,+
685844891,616200085,4838742,1702140,+
723366427,553806149,4838838,599406,+
797938081,485808081,4841631,2925091,+
997929040,239522673,4841731,4626108,+
822817153,30774097,4842565,1636735,+
817756213,602555325,4844863,3827691,+
741001280,654203793,4846199,3410446,+
819875200,114691761,4848454,385665,+
808788881,325273520,4850602,1773495,+
790408730,545084953,4850766,3178761,+
726586385,557401808,4856267,878148,+
1005689953,18180264,4857495,4632256,+
818975477,240044637,4858675,1555759,+
836970480,282910913,4859728,2674927,+
817223960,240200673,4862729,843488,+
847006433,233445024,4864115,2790134,+
951497793,176573345,4870747,4175957,+
763366689,503453288,4872820,1714873,+
823418989,203696437,4879181,139307,+
819254749,267945237,4884121,493533,+
832585921,384099936,4887413,2819946,+
834706061,61736565,4887865,1821697,+
829960897,78566664,4890858,187019,+
839751898,258790649,4891800,2464323,+
830000153,152465479,4892850,1219098,+
866953485,279865061,4893479,3163165,+
836602243,127674029,4893480,1941342,+
766008113,579227624,4894670,2890719,+
929081288,224788305,4896034,3930713,+
837148547,563772589,4896906,3716844,+
841324440,18346753,4897558,2119653,+
849730847,150657169,4897968,2537154,+
974110969,266698682,4899864,4376541,+
828181584,228700577,4900004,1369447,+
845619353,6405369,4905865,2245709,+
780368479,477865217,4908714,1392138,+
849234240,155338753,4912026,2415707,+
831065521,280860321,4913389,1911129,+
858283344,213048193,4913925,2769886,+
864138002,357167497,4914771,3219090,+
949664921,66960706,4915533,4064604,+
773101121,497359471,4917948,598578,+
895406141,89373285,4918225,3399169,+
994791633,441959440,4919466,4693049,+
785564528,468651585,4923697,1544,+
990262657,406185009,4925547,4604473,+
757360241,606552161,4925949,2879849,+
778327921,498921825,4926063,1618165,+
782453281,574548856,4926659,2986742,+
953351800,372100593,4927924,4256547,+
842245441,398828416,4929616,2896271,+
822185264,333185457,4934012,591251,+
730818347,657419269,4934646,3004668,+
797855789,456420837,4935697,1756189,+
913967152,274198129,4937642,3711151,+
916937913,86607689,4939373,3644155,+
1029600625,309491568,4942036,4785789,+
725507520,608575201,4943415,1782224,+
858059209,341387927,4946034,2923974,+
839373712,198995937,4947704,23415,+
990918152,469633329,4947743,4674106,+
730982889,595334393,4948051,1212755,+
843672688,143567745,4952709,1155662,+
726838032,602744737,4954650,757981,+
702530577,635972192,4955360,995467,+
846099200,11216033,4956903,1186472,+
837503793,254770160,4957396,244493,+
875543053,47662115,4959258,2854596,+
768391258,557388905,4961079,2142804,+
848385377,102974232,4962220,1524457,+
731739739,674942117,4962444,3104088,+
1043606289,130435768,4962601,4803330,+
840188064,238191137,4962809,266084,+
1039835329,382935352,4963253,4893986,+
804351089,463143632,4966077,1842892,+
782406977,515282912,4966863,1636900,+
784392281,513660921,4974059,1565873,+
827869504,505835457,4977099,3020122,+
875334081,206513201,4977379,2847359,+
710813233,634917409,4980035,338377,+
950497393,86394184,4980605,3952312,+
866245976,578296625,4981299,3884600,+
831585141,455914381,4981641,2710351,+
849946529,130984207,4982418,183204,+
958296893,508133669,4984405,4455261,+
755262937,615550569,4988143,2589441,+
826391520,408549953,4988204,1914383,+
864104209,466772808,4990348,3355125,+
906765413,37475165,4994073,3334129,+
899670029,230718453,4994545,3297289,+
965028865,290856928,4996289,4162388,+
854190529,7987377,4996503,28277,+
866004945,93694273,4999407,2249189,+
1041093193,207811274,5000865,4756728,+
839838361,322073865,5001129,674065,+
729848817,620090824,5001821,1067196,+
912850153,435865129,5002435,3839239,+
854453089,220807536,5003155,1682550,+
854157864,159230977,5004414,304741,+
789910226,628188985,5004951,3262470,+
826338079,563575697,5007564,3270894,+
1035961109,407484317,5011643,4839711,+
855546713,193978090,5016954,263511,+
755221905,590040088,5019624,1067669,+
865816897,764141424,5020182,4631381,+
942465733,102075517,5021005,3772915,+
875013649,654874608,5025205,4206516,+
920974737,238853584,5026078,3537801,+
861130905,86204681,5028089,462785,+
1020795136,164340001,5030087,4548292,+
944243440,85207233,5031528,3768047,+
977025813,272336045,5032949,4200133,+
862419825,82717153,5033537,511077,+
1006949601,16668976,5040567,4401928,+
709457457,665665312,5040910,1587231,+
890887833,53797609,5040955,2800461,+
854411601,336570280,5041701,1992160,+
756434801,605809361,5044689,1655777,+
867299896,168813345,5046663,1709560,+
860363456,247678481,5046712,1355019,+
921285281,54143071,5047236,3396984,+
866732433,114619240,5049838,1234551,+
862860817,272551512,5050665,1859302,+
858560736,701514161,5051777,4251794,+
917150545,209834008,5054104,3365029,+
889414705,303002063,5054196,2979948,+
744105509,661107837,5055509,2628467,+
912181152,730816289,5056579,4718158,+
957892193,262744104,5058217,3945940,+
872687465,93776266,5060520,1761831,+
945476921,221043561,5061217,3759719,+
877197913,400199114,5062827,3009840,+
876841960,152928961,5064395,2112446,+
834755357,440563589,5070373,1580931,+
894140905,412148953,5072573,3328763,+
827276825,480822658,5073171,1966104,+
794792685,683361973,5073191,3549753,+
834344368,435146209,5074684,382775,+
853872849,362765072,5075077,1621004,+
1055404593,307775384,5076685,4821716,+
862248408,285177185,5076713,207476,+
969985985,580612728,5077052,4590191,+
749682439,666241193,5077218,2692500,+
957826344,144840097,5083613,3824358,+
749940817,637547184,5083813,1896804,+
1015785653,386516349,5087005,4570057,+
838588304,504458273,5091975,2601772,+
876289176,395437265,5095675,2788868,+
988103333,373742765,5096511,4301219,+
872222424,350653457,5099834,2345129,+
862169641,335438471,5099862,1214892,+
732030634,671999417,5100477,2086776,+
877127648,186369665,5103498,1306757,+
788878123,600945365,5105964,2305932,+
993744107,132649237,5109492,4169100,+
876598609,221746432,5111207,1191842,+
900842327,48908809,5112798,2629806,+
748548992,697445009,5116489,2926782,+
742465384,662309137,5119831,1888066,+
965200929,124051792,5122666,3817923,+
818267753,523289050,5127396,7881,+
1053305561,381552681,5127901,4804181,+
963778761,170197321,5129551,3796827,+
855850561,404068416,5129814,789013,+
861362072,483793409,5130497,2776992,+
820234913,573264024,5131495,2616208,+
794941800,663679153,5132078,3169983,+
799331026,729757625,5134782,3780105,+
1110836721,240843776,5143796,5115229,+
843294257,761034984,5143859,4295284,+
777215449,613799522,5145039,122946,+
872662981,367410301,5145721,1900913,+
850208656,447767841,5151357,640538,+
895016680,590641761,5151635,3845454,+
918609881,604686281,5153641,4129617,+
837485665,495850048,5155219,1317394,+
814355741,551970835,5158740,110142,+
1053207168,437696929,5160669,4826870,+
981598609,42813232,5160713,3921838,+
1032883289,520492807,5160882,4806066,+
1041191497,428253049,5161249,4723183,+
897500546,17812441,5163651,1861896,+
894140121,141502121,5164141,1595813,+
793487000,601636913,5164548,1561421,+
854180416,453235921,5165614,1441927,+
900362149,147507851,5167590,2114400,+
938344181,601783101,5169427,4262201,+
978104291,112004941,5170332,3862302,+
735081069,698962117,5171489,2199771,+
1084451473,9576360,5172526,4863561,+
912354233,90922999,5175210,2558784,+
975627961,307393706,5177199,3933006,+
1050804208,24663985,5177537,4584374,+
829638914,556547593,5179620,2205543,+
851695297,467321664,5179796,166737,+
993634625,537313008,5181472,4514447,+
845759681,489481680,5184052,388655,+
897316813,129764915,5184372,1227852,+
748333089,697319792,5185351,2435528,+
898224817,19429777,5188405,447667,+
1027502929,110624232,5191399,4355322,+
821619456,584713585,5191586,2302545,+
868798337,451263072,5198495,2041124,+
745287217,711032304,5199949,2550468,+
909544091,628798405,5202042,4048890,+
901481039,119511217,5205588,218544,+
955487505,501346688,5206441,4029134,+
859535649,577623953,5208265,3096443,+
1114828752,19023089,5209379,5047544,+
745155808,699869745,5209631,2113902,+
903722138,5533129,5211840,699087,+
862948789,494245597,5212427,2240057,+
841076737,534402792,5213114,1733925,+
893902744,307838833,5213894,1452305,+
888553024,498934977,5214474,3048821,+
923601128,121947905,5215259,2657814,+
864929489,552919592,5215848,2952389,+
907764983,226466569,5216160,2097456,+
911900000,656339201,5223750,4149349,+
774031288,656998545,5227767,809018,+
981740501,176474621,5228831,3780189,+
828397872,624814369,5230758,2826109,+
908072368,5375569,5231060,260389,+
899705704,350315137,5233019,2149958,+
817956480,588734513,5235469,169424,+
1049822913,249482320,5235537,4530284,+
933645360,481389553,5235677,3631788,+
909292088,107520689,5238052,712275,+
950674824,108779617,5238163,3220926,+
914387889,141025168,5240193,1909630,+
861659925,577978733,5242681,2965727,+
902509385,331874266,5243742,1987125,+
908312369,196515072,5245292,268813,+
766309106,729524185,5245530,3001377,+
1026750440,178028433,5246368,4263659,+
904574817,269668784,5246867,1174742,+
931442208,27342065,5247473,2657758,+
881218232,421970657,5248755,828362,+
1110499697,259464632,5250240,5004227,+
1111027968,126699665,5250412,4976917,+
1079753699,151443277,5253312,4730394,+
925322288,24633905,5256033,2322718,+
794476079,704191537,5257374,3051414,+
916785345,40989608,5260399,1487384,+
794008082,689025049,5262714,2790351,+
889522256,400515201,5263478,864763,+
976348056,118048721,5264761,3579034,+
729097538,727288969,5268285,1180878,+
991522449,317917552,5273387,3909456,+
917811233,97853784,5274685,3386,+
929166065,382712136,5275171,3026360,+
916686889,179636793,5276807,938415,+
991568721,670287656,5278951,4727482,+
967653617,139895064,5287453,3358324,+
1003789301,182786381,5287911,3917999,+
929002629,110768573,5290285,2110829,+
922122533,42231005,5291511,632783,+
917569224,233439457,5291882,1006989,+
921006385,164861928,5293389,883216,+
962383469,874249397,5293703,5274951,+
847795205,813100221,5294615,4359137,+
895692257,478182512,5299981,2497170,+
961714533,415740605,5300689,3620831,+
958357136,284574641,5302401,3258718,+
927195185,11549121,5302945,1584259,+
876999695,570899281,5303970,2884014,+
1038777577,671587689,5304023,5014659,+
922918043,423650149,5305296,2892000,+
775472853,689592365,5305399,1188593,+
1100007181,69369141,5305987,4817757,+
877836034,565831097,5306139,2838384,+
923273645,326974581,5306711,2319305,+
1102870704,34460177,5307061,4838828,+
899131761,893130080,5309615,5038622,+
748203385,723197433,5309853,1212479,+
1081018353,350251064,5311069,4753540,+
887119829,460876157,5311113,771019,+
981420993,16750865,5311967,3494363,+
1096766393,462361810,5312439,4993302,+
934085616,279641441,5318158,2465581,+
797942881,725422656,5318999,3074772,+
922523129,252739378,5320050,669273,+
883837816,574799505,5322615,2969306,+
907200945,386312513,5323091,1088113,+
979959674,294052201,5323305,3575760,+
939502441,662918809,5325665,4216705,+
820102729,663175897,5328679,2465921,+
1125315576,534601681,5330076,5268923,+
827338283,662491909,5330214,2657460,+
934939361,73950336,5330231,1797536,+
921244685,623563733,5330401,3838113,+
933312625,72307343,5332716,1468392,+
931621296,83825281,5333454,148283,+
823119071,796058401,5334648,3985344,+
841474754,600612121,5338740,589485,+
932639432,356693649,5343253,2537884,+
963267361,467453761,5346773,3656069,+
843571841,680531216,5346988,3146847,+
905058586,425544425,5348055,777696,+
896418240,685227473,5348731,3866944,+
925709705,326390698,5353158,1618581,+
936384425,95077378,5354091,611598,+
1018442640,602615761,5355003,4613120,+
877369809,541460816,5355580,1839685,+
914000809,473333522,5355624,2616993,+
1027565585,104791296,5358562,4021865,+
1070528385,252472513,5361913,4517241,+
947825713,221716800,5364723,2416472,+
1065343121,127525376,5365641,4421882,+
885551505,720112561,5365729,3931665,+
940464833,109680840,5372524,264913,+
932593072,307327249,5374214,1561879,+
928162129,346117912,5375638,1564903,+
858262104,831307697,5377102,4387969,+
1028539873,560464080,5379831,4544344,+
900004152,477711329,5380361,395696,+
1054050962,517066969,5385372,4651629,+
905397633,682391120,5386721,3842428,+
938345705,253193671,5387250,605784,+
994633601,675197376,5388539,4602434,+
854886865,602329488,5388731,521532,+
941977337,330225079,5393076,2255802,+
927754849,377334863,5398356,1316130,+
900033001,545501450,5399751,2534400,+
947338689,82863697,5400719,95931,+
1127906752,379728337,5401666,5026375,+
948141697,54570432,5402555,880098,+
962994370,663601001,5409855,4258068,+
949127381,116866125,5409977,244345,+
1024263568,709907569,5410961,4897090,+
976962584,199029297,5413171,3006644,+
969428929,740017792,5415407,4621724,+
902387353,507140114,5417094,1425135,+
955084537,133642754,5417556,1868331,+
782504245,728551533,5420197,1287171,+
1014408529,735193888,5422375,4900562,+
882928969,831390698,5423295,4466232,+
953066192,148271889,5423572,1388149,+
953431864,30864577,5425448,728687,+
926183633,496514705,5425551,2664263,+
955568169,237597017,5425579,2099261,+
1037058120,402002353,5430079,4199094,+
810080616,714981521,5430706,2285513,+
862143866,614896345,5430969,1351410,+
990906465,297461888,5432116,3367337,+
878399032,610634929,5437522,2364607,+
801246161,788518920,5438279,3376610,+
956377824,1911697,5438391,341866,+
1011564989,203581413,5439265,3601423,+
953903231,204513841,5439312,1047126,+
949271253,301447325,5440553,1606381,+
900205001,682179706,5441052,3613551,+
962077517,875331237,5447023,5108165,+
1097097872,373297169,5447529,4709374,+
1108628976,491801761,5449497,4948424,+
879909837,585960389,5450329,125611,+
1129121673,239032105,5451123,4886657,+
952485554,633599017,5453217,3911796,+
887739280,652799233,5455297,3098096,+
937633825,405745768,5459524,1282297,+
1017930557,304406997,5459695,3734173,+
981606661,215300845,5460221,2860295,+
944356426,500565449,5461800,2969025,+
941344552,414457969,5469848,1786499,+
1204947985,159331648,5470652,5411893,+
942958209,562733392,5472552,3307807,+
1043038049,270189752,5473044,4004759,+
992384999,380104057,5474058,3404394,+
1063185997,634243669,5477293,4857803,+
1065220697,15685882,5479950,4185561,+
1029487953,393452864,5482331,3970960,+
968109480,80297953,5482419,1452122,+
859128385,693264576,5483268,2821105,+
882773713,632597280,5484987,2449088,+
986373383,278523049,5488662,2930400,+
988547073,46251784,5492106,2739365,+
861286489,672556538,5492202,2401305,+
963751664,284228961,5492585,1680380,+
989940573,660039205,5494029,4314691,+
1089170209,805551537,5494447,5482443,+
967309601,348602016,5496697,2425264,+
970110941,124100131,5498004,1038372,+
1093563032,657004769,5498214,5101837,+
923744193,565973480,5498344,2730287,+
836718465,693758216,5503519,1229380,+
898038929,579927552,5505458,874057,+
1122274736,706708065,5505790,5395603,+
835674529,710225488,5506855,2170984,+
1011847207,439576457,5508816,3760410,+
979457021,46556885,5508875,2080791,+
991279232,345147969,5511232,3102257,+
963826159,733989137,5512272,4378476,+
815427649,800792351,5512950,3389610,+
1041189457,550187992,5515303,4385770,+
967395073,301539480,5516517,1606058,+
913360248,622731329,5519090,2948779,+
1018991011,122830781,5519886,3386646,+
976720418,36185689,5524770,635601,+
893714257,601773312,5524908,186085,+
956758712,553829249,5525646,3263483,+
979262333,44945765,5527501,1542213,+
1011170041,267909815,5529744,3296550,+
987610754,692068777,5529816,4354959,+
823124328,762686305,5533011,2829662,+
982161977,153152194,5533959,1904454,+
1008478856,10361921,5537424,3040207,+
882919521,636216800,5539610,1422163,+
956608425,925806761,5544253,5187305,+
984062845,112220821,5546395,1683287,+
886571040,631960433,5550653,87128,+
982964961,12171985,5551179,634265,+
1139643525,329416541,5552467,4876325,+
946107605,472295133,5552497,1146571,+
826875273,751106185,5554027,2475393,+
1095321865,475494098,5556147,4652634,+
1041488833,38528640,5557184,3642543,+
877467096,652807201,5557308,205561,+
969798328,804784225,5558423,4677712,+
976052785,292105888,5558644,515251,+
975268096,300535281,5558714,214641,+
876477213,655727525,5558837,804091,+
975452465,365025528,5560156,2141453,+
927364008,566289425,5561641,2174474,+
882665249,658310328,5562745,1982168,+
1197985493,357607149,5567947,5324795,+
1051024136,127848945,5568335,3768622,+
950330969,736556698,5569275,4147224,+
988754336,243182225,5571115,2051328,+
1154108785,96361871,5571840,4895388,+
802674609,764903857,5572601,762033,+
1068436273,488470224,5573010,4390561,+
1037939033,622745674,5575284,4453845,+
918883817,580667177,5576715,1452319,+
882944665,688128338,5576922,2616111,+
1216845056,448122081,5578381,5512538,+
943623368,521507649,5578447,1922620,+
989835865,83650898,5581197,554112,+
1118542849,198301072,5581564,4571329,+
1004087965,236989283,5587908,2667636,+
1095279537,92469944,5589139,4290556,+
970657425,448884176,5595145,2234618,+
1007934856,327200545,5596370,2972989,+
961091459,453788893,5596734,462930,+
1027359885,386200213,5597729,3557073,+
822297472,774235377,5600547,2454400,+
826853029,748095597,5600751,12509,+
1150676049,267372952,5602032,4859803,+
951134757,499923757,5602555,620487,+
1220298113,324176705,5602953,5424311,+
973343978,406507897,5605965,1137300,+
884999648,666678945,5606708,1066919,+
848636069,736731787,5608884,2149482,+
986364785,312754328,5609644,81021,+
998538369,180993473,5612099,1759045,+
1126779301,219194301,5612167,4603479,+
997956269,70928997,5613181,1106063,+
1133893749,317148157,5615297,4718091,+
1029673253,16614765,5615537,3140573,+
1129513697,52929744,5615603,4597382,+
983958912,907907089,5616523,5154528,+
1135323408,389143889,5619047,4787690,+
1050721121,242267480,5623362,3633325,+
1001021609,71494377,5628233,159373,+
961243352,589567089,5628797,3073808,+
1002002210,5483593,5630934,900819,+
988609568,340515825,5631409,21742,+
899865721,657088010,5631480,1604691,+
984416424,472348273,5632460,2697027,+
930893573,608358125,5633097,2234387,+
1093721877,799657277,5634325,5337961,+
1109357737,49626409,5634683,4347809,+
1002089824,399366673,5635945,2795086,+
842191233,748412560,5636494,1639173,+
999629105,352696783,5637276,2394312,+
1010449553,135972624,5641015,2156126,+
1257088135,29595353,5642406,5585046,+
1001199073,267374400,5642551,1733652,+
1066943602,230603849,5646873,3806964,+
1202902976,28327041,5647262,5186363,+
1006796401,127159096,5651344,1265923,+
947102912,816865409,5652196,4397601,+
992533873,353042760,5653763,297804,+
995483405,333560741,5656075,658767,+
1135791969,279951952,5658839,4635432,+
1189008837,513861949,5659633,5302647,+
1146121141,412804941,5659857,4842089,+
958816873,620636714,5659965,3116034,+
1008174473,136058770,5660718,815661,+
1078208781,831312181,5661819,5318891,+
1023099624,413825857,5663334,3260971,+
991139689,409919017,5663803,1916593,+
986031847,459737369,5666784,2227944,+
1254624512,444982769,5667491,5666868,+
1010302895,316608433,5668506,2350086,+
1191788813,108811555,5672328,5066286,+
993958321,383328160,5674175,1143766,+
1017637793,365414480,5681117,2794266,+
992101889,879470408,5681172,4979905,+
893430649,690122618,5681250,490479,+
929684488,664238929,5684315,2692816,+
923174552,642304449,5685487,1619108,+
1013249056,236256561,5686548,1670797,+
1064672695,584745641,5687190,4357794,+
1142336741,571155261,5687239,5011591,+
1015402389,6831997,5688249,160939,+
998649497,557070874,5689419,3316932,+
958311048,557893025,5691218,1464989,+
1214614833,590221280,5694559,5545826,+
1050058477,176723349,5695047,3248801,+
942015376,612943905,5699193,1830140,+
1016085897,181439977,5699197,276255,+
975253793,528746832,5699410,2121155,+
1018223301,23165725,5700007,530775,+
932219689,629375882,5700318,1377363,+
1010991619,307148381,5702010,1511910,+
1029952945,441614176,5702785,3316882,+
1037549625,233999113,5703609,2907559,+
915579224,821483297,5705593,4023744,+
1019778049,12653457,5706611,327849,+
1226435376,36563761,5707341,5291056,+
942001328,609216785,5708631,40754,+
861585080,761995521,5710913,2068720,+
1283235432,245035889,5711842,5710511,+
926638802,648304489,5712228,1363983,+
1227409457,430429904,5714316,5419469,+
832504992,813761969,5715521,2641898,+
1066766753,82595000,5715678,3483619,+
865452952,802292529,5721488,3105741,+
1012835425,360706593,5721957,1933453,+
1079263121,406713456,5726357,3972976,+
995431201,492718360,5727875,2331974,+
1003961901,443233621,5728341,2172043,+
1032002881,212032960,5729398,2361515,+
992525165,507996981,5729975,2356873,+
1022484877,208670627,5730060,395502,+
1142184177,634674664,5732452,5079837,+
1060186445,51344181,5733661,3246035,+
826756057,803038247,5734680,1095264,+
1010119337,371002807,5734950,234894,+
1042550641,4837696,5738044,2647037,+
1141171528,130550449,5739076,4481875,+
882929704,734722177,5739169,142076,+
1069591169,755675217,5740421,4884673,+
843878033,787623200,5745161,561606,+
1025332259,249523933,5745852,1367400,+
1028822497,124317304,5746796,677303,+
1095752522,709994329,5747274,4912713,+
914063544,692531617,5753574,111581,+
1045109713,115501537,5754275,2613905,+
876935873,867471600,5757493,3887186,+
850377201,786850936,5760739,943152,+
952762223,618868465,5761494,270594,+
877186801,786282001,5761939,2769509,+
964294513,618951544,5763055,2353754,+
946107912,656362289,5763469,2263324,+
1031283897,224086297,5765617,1318005,+
1042167201,32935136,5766296,2266151,+
1034843042,27026377,5766345,1272492,+
1199706753,409693265,5768197,5122369,+
1012287817,456280729,5768861,2230909,+
850987569,794440993,5771361,1692485,+
961089465,606872521,5773695,94337,+
1133458249,725052777,5775209,5188869,+
1116331648,737330289,5776145,5104434,+
995943453,503008325,5777983,874721,+
1021560021,370383965,5779805,980663,+
1286924520,171281953,5780836,5650809,+
1037647985,72345728,5781949,163524,+
1019785489,396780993,5783095,1455843,+
1109586608,416664017,5784090,4226695,+
1039548701,2673365,5789401,31395,+
1261411291,469371221,5789412,5605194,+
1001906792,513153057,5789945,2031596,+
981148657,723779784,5790066,3759409,+
1092600361,321609321,5790459,3821903,+
1199680689,83464168,5791085,4954368,+
1025885149,867640403,5795868,4958310,+
983067392,663694289,5797317,3259316,+
1098251969,754558447,5798442,4997688,+
1015411954,465961433,5806476,1837875,+
959508857,633482314,5807388,640749,+
872196072,787012177,5808345,1891178,+
1105606445,674405381,5809745,4772811,+
1161850145,648635768,5809896,5147143,+
906701741,782011315,5811870,3015594,+
894346581,753853501,5813193,1154789,+
950409789,808252757,5813321,3953947,+
1000729397,521225997,5815015,785681,+
1094817761,312724056,5815766,3755213,+
1157379361,272240785,5816635,4542647,+
1232074248,522932465,5817218,5428111,+
1264270001,359237921,5817861,5509631,+
888078421,764313501,5819419,394161,+
1046111762,180153097,5822610,1059507,+
982273832,589568897,5826373,748890,+
1014595053,484407125,5832163,1031677,+
1004023925,626459981,5832165,3170261,+
1042617449,456782002,5834037,2894958,+
965068805,641895163,5836032,1344756,+
958870889,654346137,5836109,1140763,+
984143337,591992969,5836439,733931,+
983133557,606972907,5837562,1884690,+
1233428216,644708321,5837964,5599177,+
981638795,602733733,5838882,1268112,+
992869800,601597073,5840174,2399689,+
849297809,820259937,5841259,740969,+
1062967898,287047465,5841576,2786073,+
935147240,705657473,5841828,1458209,+
1052733199,20458913,5842230,1146456,+
1184153281,356146440,5842827,4820950,+
1023223121,677904081,5843293,3838157,+
876375981,799823941,5855103,1754603,+
1055605016,75875265,5855669,993350,+
887225221,782221981,5856991,690223,+
1071031081,1006527561,5857579,5720727,+
1097842351,416867585,5859582,3837000,+
1004950369,972327832,5871443,5225726,+
933469433,808775465,5872041,3519857,+
1146642049,799841712,5872197,5367842,+
909175505,759348728,5872583,249846,+
1044318161,1011300416,5873031,5600054,+
1064170205,695857013,5874181,4329657,+
1122362251,222166901,5874768,3909732,+
1045340263,385334009,5875350,1675674,+
873529960,807394833,5876028,920629,+
1060570261,139083371,5876664,1310676,+
902953441,770595096,5876919,975916,+
1147060704,810693377,5877844,5396993,+
958730373,755663725,5881593,3282173,+
1163853977,654267514,5882652,5066709,+
888294784,843626497,5883173,3188566,+
1062812498,5816425,5883954,1176213,+
908595249,768854192,5884639,1525706,+
1169548401,269757296,5886272,4524029,+
1076625833,330752105,5887701,3013441,+
1058652293,274157995,5888826,1456704,+
986141489,629520032,5890452,1461517,+
1052747392,341430097,5890841,1232630,+
1110008081,261184481,5890979,3668607,+
1113805368,730537025,5895962,4871531,+
927149465,876232618,5895996,4020507,+
1092286384,163179937,5898403,3139226,+
913929400,770210913,5901459,1646434,+
1058506289,314102193,5901805,1392307,+
1127629793,67284225,5903513,3849167,+
1220411024,22331697,5903524,4955533,+
1272633504,12498913,5904759,5392360,+
968463227,675069109,5905104,470022,+
1129675049,475692922,5905479,4271964,+
1133527777,506655249,5906663,4383717,+
1056060449,690519007,5909592,4117392,+
1014582897,649908832,5909905,3154386,+
1070886817,67803544,5910887,1665716,+
1008373089,600125552,5911984,2110889,+
1071743008,34694305,5912312,1741543,+
883016813,848601125,5912337,2968963,+
1023433666,536611241,5914581,1284258,+
1097760213,246962125,5919913,3236841,+
1137149473,190401760,5920967,3969608,+
1256498936,194077761,5921009,5253932,+
1128267288,142904945,5923069,3799432,+
879838097,821289377,5926929,1014275,+
1042108416,470912545,5929494,20035,+
1095967269,685336477,5934759,4465871,+
1236242185,508322233,5935597,5283797,+
963959537,736769544,5939438,2675057,+
1062320449,363407377,5941579,877007,+
989175897,762521849,5941643,3583633,+
987572433,906958145,5942651,4636337,+
1121907145,508648343,5946258,4139166,+
948150682,756604937,5946465,2434656,+
1135214881,108036369,5948925,3814865,+
1065259033,412588370,5950641,2240274,+
1114483953,132373040,5951848,3387613,+
862279400,850536753,5953646,254881,+
1053715033,448526217,5957065,970785,+
1297842168,293581249,5959755,5551478,+
1148684489,405318953,5962669,4223535,+
1353861821,74347891,5963442,5906712,+
1082275673,172428394,5965782,1573545,+
1310989401,40310825,5965975,5604199,+
1045463845,505983693,5967081,1451341,+
1220674489,594596217,5968059,5251319,+
989164237,670418229,5968689,330551,+
1267411897,530639522,5969280,5500869,+
1062178289,442269233,5971575,1908529,+
1166616745,848625698,5973429,5515938,+
943114792,758449489,5974378,1037543,+
1092506929,377441328,5974660,3022989,+
1069120840,872796513,5975178,4974227,+
1025125411,687202061,5975964,3353406,+
1103248880,79606113,5977943,2853344,+
1089122145,380511008,5979578,2877421,+
924918032,791317457,5980025,1677834,+
1093552601,8140185,5981207,2298155,+
1069835697,562619104,5981761,3325206,+
1135785625,438153671,5982438,4047570,+
1111701169,645414552,5984787,4355504,+
1086637873,563872127,5986020,3654690,+
929701424,920618097,5987878,4155823,+
1055949049,477502201,5988635,530425,+
945780641,762530400,5988758,1322915,+
968157617,755678984,5988909,2692672,+
1102883026,312174041,5991489,3020646,+
1083354065,259844568,5991916,33467,+
1286416906,251396201,5993622,5406237,+
1058286640,497204673,5999066,1897803,+
1192947169,413878152,6004864,4652151,+
1164073425,408942568,6006084,4308283,+
1197094930,162066953,6006396,4522167,+
1095164832,122473489,6014152,1631883,+
1014002737,651697032,6015060,1792333,+
1074633449,443669242,6019728,1975497,+
1028224529,615448272,6024617,1293914,+
1208639413,560256925,6024689,4997971,+
1028133413,621414125,6024719,1744893,+
1072694049,1017866977,6026139,5580973,+
1079015520,417478273,6027141,1752022,+
1301709741,440798725,6027531,5582735,+
995969704,706335921,6028435,2104440,+
1097652513,17047400,6030394,450307,+
916269609,823867897,6035347,1133469,+
1044457345,577717056,6037930,1329339,+
1122451601,228602360,6039799,3125190,+
1015014672,658350529,6039978,653003,+
1040958225,621111248,6040804,2449013,+
1112304361,436687561,6042499,3352559,+
977700336,908056321,6043206,4324069,+
1053902321,878271896,6043313,4761966,+
1007470589,749776373,6043813,3237105,+
1099801079,178228153,6044802,944220,+
1103064392,78228177,6047495,1503358,+
1123870235,186154213,6051384,3036588,+
1056490353,546259249,6052643,614355,+
1038288392,746951217,6054349,3724700,+
911718793,875726810,6056088,3030081,+
938406792,805165537,6056448,1303415,+
1099496433,602936480,6058742,3764623,+
1183568416,416774241,6061832,4415511,+
1112108936,116404241,6062517,2261428,+
948934248,817992865,6066333,2625994,+
950539613,792191589,6067573,885115,+
1364011265,184533848,6067942,5871333,+
1169023968,468116305,6068458,4306713,+
1239201737,4975138,6068700,4835145,+
902623777,854893464,6068782,1389699,+
1002926896,708004401,6070131,1567952,+
1232820223,316124849,6071964,4833870,+
953332529,800857471,6073080,2108730,+
1338817049,256891402,6073434,5700633,+
1131706784,262249713,6074774,3206095,+
1107518480,163966673,6075961,102726,+
1179318049,623670097,6076337,4774259,+
937074453,832871405,6081023,2399687,+
1096779549,366541157,6082303,239513,+
928102208,835743809,6082702,1942485,+
1188273017,1328434,6083862,4188729,+
964659719,790193833,6084192,2135490,+
1103765673,417826825,6084739,2616657,+
964503889,783973008,6087504,1552805,+
1002355856,734296961,6090144,2286943,+
1358876673,517287280,6091902,5970149,+
1123627512,352822097,6091993,3038290,+
1116335048,1095084609,6095942,6031595,+
1102002885,352571213,6097237,427463,+
1113795707,83487109,6097356,570468,+
1192109689,769526522,6099183,5260842,+
1207006663,309397145,6100458,4480674,+
1189933752,582554369,6100607,4722652,+
1066631434,753518297,6101067,3999204,+
946557947,814436917,6104100,183438,+
1136961703,523079945,6104778,3868344,+
1103721889,708520288,6106589,4194890,+
1310379201,753671560,6107055,5989724,+
1278195721,234132626,6110067,5157198,+
1055377729,993997912,6110543,5256436,+
1112389120,298602433,6115964,1411567,+
969489685,833928011,6116850,3090546,+
1061957761,753158856,6117236,3871071,+
1083689657,518914594,6119097,1795458,+
930288592,917648817,6121520,3629907,+
965792280,797510273,6125563,614122,+
1046122929,655251968,6128792,1976915,+
986293328,777310785,6135028,1878031,+
1055504721,625224136,6136869,1184392,+
985032961,883006081,6140161,3863647,+
986919613,774192755,6140844,1343682,+
981326837,785850429,6141397,1669937,+
935539337,846995722,6143826,1132725,+
1127257489,170282977,6145937,1803923,+
1133012736,208939921,6147017,2446458,+
1164672296,16509921,6147533,3508874,+
1086442472,866725409,6149437,4736886,+
1066751784,603470753,6149546,1374685,+
1179402874,87573017,6152361,3799806,+
1413114439,262582457,6152832,6124284,+
1132489056,479994721,6154712,3364311,+
1256577304,197617297,6155831,4855586,+
1097014657,631547952,6158305,3401076,+
1149518097,641730944,6160343,4303678,+
1138941473,59058600,6161816,2450503,+
1200228205,111915203,6161826,4122432,+
1130436297,77608729,6164209,1052793,+
1347656737,87354784,6165346,5628157,+
1064618241,638858656,6166686,2147419,+
991224073,799911890,6170784,2445321,+
1043893429,831887821,6174875,4013275,+
984345825,798147688,6178103,1520952,+
908812568,892366145,6181386,1060139,+
1133953000,134273473,6181918,454261,+
1134708848,72473489,6182880,321941,+
1041646168,695898385,6185303,1372382,+
1137332909,490566597,6189947,3317681,+
1101855241,617373890,6191406,3190365,+
985214433,839934560,6193933,2962286,+
1099089674,528979033,6195216,1274475,+
1052695713,676794664,6198173,907350,+
1127047681,355644160,6198911,254800,+
1024648025,750655481,6202245,2087489,+
1061156593,790660305,6206057,3787479,+
1120212877,450225059,6207846,1855896,+
924470161,886441576,6207979,1085024,+
1108434141,500396965,6208831,1019175,+
1316346289,297931007,6208938,5353176,+
1152503857,308617569,6217569,2847797,+
1080401273,618847210,6220386,988257,+
1150283120,117050513,6220919,2256474,+
1039668333,726749765,6222073,1724467,+
1143504825,292706233,6222669,2139823,+
1138013209,371457863,6223518,2233470,+
1123485424,744047233,6227738,4248325,+
1131814577,383987144,6228243,1147552,+
1297788736,331023441,6230136,5171941,+
1148409961,127731890,6231054,1741515,+
1147893925,31681293,6233307,1307647,+
1157800369,117584712,6234688,2555949,+
1165077424,928436737,6235429,5431142,+
1269168467,202061533,6235950,4821480,+
1149061921,162772401,6236803,1704297,+
1139141937,384054289,6238137,2128391,+
1368246721,545528536,6240944,5893969,+
1062005441,716710496,6242304,2626193,+
1002968689,813051432,6242734,2292207,+
1156779793,128006929,6245867,2304085,+
925818968,904376705,6246497,1812132,+
1074016152,663561137,6250300,1487213,+
976246096,862609921,6252374,2576731,+
1367216992,82219489,6253366,5661133,+
1392345097,189756839,6254436,5855826,+
1058447853,705307045,6255759,1505827,+
1078196312,655248449,6258517,852846,+
1034136817,754198209,6259263,147347,+
1358419569,35189632,6259652,5582787,+
986638709,833371053,6262579,1007755,+
1207446589,566857763,6263190,4482486,+
1025605137,937035304,6263657,4362786,+
1145872769,333650673,6265157,991705,+
1321272640,94496241,6266142,5260465,+
1155066001,114222640,6266999,277510,+
1086017365,661281803,6270738,2209386,+
981444789,852228797,6270829,2059991,+
1166666976,406546241,6272528,3217423,+
1152794901,273076349,6272935,1410155,+
1141564592,483869217,6273920,2679751,+
1328008249,469140697,6278467,5464199,+
1165698368,251319569,6287785,2462514,+
1120924193,556683920,6288441,2035208,+
1080384425,936652978,6300351,4745532,+
1331150377,234243122,6301947,5308890,+
1089411817,855990914,6303534,4298181,+
1336530145,26112456,6305730,5328973,+
1303301985,930001768,6307074,6155603,+
1056804233,751299609,6308161,2137465,+
1085378552,674461857,6309976,612455,+
1160054075,361211893,6310476,2176554,+
1190074067,72991117,6310818,3160050,+
1200825481,778751241,6312313,4982301,+
944757007,915345569,6312708,2169222,+
1251377192,653363537,6313236,5049115,+
1165327033,190175594,6314031,142770,+
1103672057,640620634,6314622,2039727,+
1168506321,17029304,6320080,353275,+
1309828930,270052553,6322098,5086509,+
1182717121,10270561,6322699,2739061,+
1128246480,553433953,6324759,1531052,+
1000459521,844773041,6325043,1391647,+
1170382497,109518689,6327203,1161013,+
1178349769,364471703,6328050,3000234,+
1213990295,524461081,6330750,4252836,+
1247246177,972721464,6333229,5948206,+
1164914768,309041585,6334044,918637,+
1438616385,440296496,6334955,6173138,+
940286241,920572936,6335454,809533,+
1170769184,343397313,6336670,2396299,+
1038093280,791218801,6338350,298351,+
1173593237,37857389,6340151,890481,+
1039722256,865402401,6348537,3485996,+
1166888704,351819393,6354683,1143750,+
1395917855,212456593,6356136,5755686,+
1158420128,624951425,6359803,3571158,+
1154075969,468507272,6363313,773892,+
1172973784,309512017,6364121,1326062,+
1341450641,448548656,6367113,5416382,+
1181190213,153262909,6369735,1524257,+
1212176665,1002926663,6371058,5813682,+
1141134457,569807834,6371772,2181789,+
1166719373,398115125,6372331,1242267,+
1432412041,287402521,6373781,6018859,+
1134973105,575694928,6376129,117806,+
1237235880,402477473,6379043,4172998,+
1270968696,326660945,6379675,4557484,+
977848586,897505561,6380688,794907,+
1461325457,569077152,6381355,6370168,+
1069692265,796099778,6381633,2892396,+
1345829441,588500456,6381717,5599114,+
1184289144,105869953,6384338,957765,+
1216928817,166193104,6384543,3471218,+
1185348104,37023537,6385613,1297904,+
1106834048,674787185,6385617,852194,+
1205195186,35452681,6386274,3055917,+
1282572290,640695193,6390369,5153166,+
1175119681,590753121,6390667,3561771,+
1220580977,452489384,6395294,3928977,+
1004795553,870249400,6395838,635939,+
1412918632,798966657,6396191,6380100,+
1193097744,381650897,6397808,2976763,+
1274030896,5354961,6399044,4447419,+
1171313519,502787137,6402528,2707554,+
1033715123,841525165,6403962,2078178,+
1176867009,478545952,6405841,2732076,+
1210107569,297821263,6407820,3256872,+
1184366920,314973393,6413786,777273,+
1202947289,236374138,6413895,2801886,+
1190525581,181819125,6414875,415461,+
1191484369,145540792,6415993,191206,+
989082913,987206440,6418169,3906368,+
1336775480,102268193,6419414,5128323,+
1123875153,1066429280,6419557,5528324,+
1218876477,118621429,6420241,3263691,+
1327831461,146589581,6425719,5028643,+
1145767993,1144637145,6427281,6001541,+
1132014583,664089785,6427656,2459502,+
1050124138,884192825,6427683,3454176,+
1198887165,233102293,6430787,2249919,+
1112253032,700684049,6433278,1631959,+
1218749978,64137769,6435687,3122640,+
1303076577,3415744,6436718,4719411,+
1154565720,568480993,6438003,1484074,+
1107324121,727680146,6439278,2208639,+
1026845069,917211797,6441581,3393387,+
1125326193,671037440,6445522,1060049,+
1196151881,371458426,6445803,2456538,+
1381473585,303653968,6446082,5534047,+
1184161089,412792232,6450034,310549,+
1201241141,47180109,6450635,1192555,+
1380985889,351652728,6451492,5544185,+
1137847168,643448209,6451810,1618313,+
1205836162,96193289,6453546,2105373,+
1143349185,623317456,6453777,1187540,+
1110713757,763797509,6455621,2981789,+
1195486009,304952953,6455735,146971,+
1164394048,569377185,6456547,2246766,+
1044296306,858581641,6458103,2383872,+
1339580952,260735969,6459187,5108278,+
1352618917,552998157,6460803,5479415,+
1207236464,498062337,6465638,3411109,+
1139421473,645714824,6466236,712775,+
1284944465,1004595288,6466981,6101924,+
968485489,944879488,6467164,1284925,+
1201118721,260535425,6467863,841415,+
1115499168,844418609,6470020,3926963,+
1247240712,53842657,6470760,3699017,+
1012121141,896541691,6474156,877458,+
1210144439,186632953,6477690,2060208,+
1361884545,740654408,6480652,5846431,+
1162849344,577290913,6481296,679015,+
1197983968,376600465,6482416,1620331,+
1217852530,152798393,6483642,2556009,+
1193831402,716420569,6486072,4159659,+
1310228761,9817881,6487523,4675503,+
1289262289,1082668488,6490439,6361290,+
1206768616,419214481,6491797,2723396,+
1310183641,675766151,6493002,5285154,+
1242045173,916106765,6493539,5487757,+
1207309120,275766993,6493616,1279419,+
1208861015,233141593,6494148,877386,+
1077603769,815018617,6494953,1906139,+
1061984729,837118618,6498267,1043280,+
1251175025,570893456,6498740,4358973,+
1161637472,604463153,6503010,136735,+
1460209605,486920861,6507103,6155905,+
1394676488,314423585,6508442,5551101,+
1215986857,170028889,6508529,1705103,+
1105752803,762381085,6509124,158124,+
1301709933,409780469,6509981,4676885,+
1223145233,559391144,6510825,3797606,+
1216189465,193133161,6519029,424285,+
1030505121,893565880,6520605,290134,+
1384350337,688986352,6520784,5851105,+
1110078433,786062305,6520969,2595977,+
1187669841,1116726016,6521084,5957403,+
1066136065,965451088,6521627,4171378,+
1276862373,451049165,6523253,4364287,+
1248267856,551875761,6523821,4167764,+
1207398464,374242161,6524675,708100,+
1226626592,393836849,6524764,3115917,+
1322771853,60404885,6525877,4731187,+
1031261941,909588925,6527075,2420183,+
1408360705,847663048,6527717,6311494,+
1222715505,7272416,6529283,1802360,+
1345297963,90895109,6530700,4982874,+
1494958065,253226176,6531535,6261726,+
1423778779,377620613,6532266,5784090,+
1435043851,284392181,6532548,5832432,+
1323201440,267358833,6535022,4756847,+
1202266337,552660104,6535113,3015272,+
1098552117,871613309,6535601,3575477,+
1153673729,665354168,6539058,1140325,+
1230114001,776757249,6539545,4731405,+
1269595328,76056849,6539990,3840151,+
1288539664,251035393,6549476,4213505,+
1203530913,462871304,6551534,587555,+
1129072241,739515840,6552017,969190,+
1125771944,989895617,6553141,4848438,+
1188532633,593251610,6554496,2546379,+
1437044304,470775793,6554510,5917617,+
1289371081,390750345,6555723,4344175,+
1227278209,115924703,6558030,810522,+
1146055173,921058765,6561127,4562949,+
1254502009,536780937,6562351,4070097,+
1254640450,96065033,6562983,3313764,+
1473289865,505377946,6563355,6193338,+
1093560072,819718609,6565896,228869,+
1368708109,53111891,6566010,5153850,+
1366593089,371907848,6567190,5222037,+
1228887833,183187570,6568593,773562,+
1038331648,1005910945,6572774,4057123,+
1230194681,212936441,6573939,1389233,+
1103933917,812505957,6575255,1881921,+
1232898433,328180720,6576353,2498572,+
1208764305,499878376,6576695,2120874,+
1428027933,498576389,6578135,5840521,+
1226276176,418176321,6579154,2568597,+
1233420176,83292545,6582132,217375,+
1447974139,594193973,6583500,6080634,+
1003329907,955469549,6583518,1387086,+
1329647889,859936952,6586436,5765237,+
1175828743,734883065,6589068,3425028,+
1194209553,567659105,6590023,127963,+
1397944297,118548217,6590087,5395535,+
1303280688,272900705,6591853,4312514,+
1196081085,563427733,6593363,604401,+
984656433,978118840,6593887,170874,+
1150989617,997255569,6594307,5001317,+
1238756056,1033213041,6599619,5767948,+
1359886945,720922048,6600919,5610692,+
1229729825,341281473,6601643,406811,+
1227186504,1136705297,6603224,6133963,+
1164895704,1142532193,6603245,5849742,+
1223561392,414181569,6604597,535998,+
996764993,973023920,6606961,1569648,+
1178876360,1004659121,6607635,5226388,+
1155800489,713940682,6608973,554994,+
1132699721,909732585,6609613,4153505,+
1077312273,1007356904,6610345,4365422,+
1466292449,469786952,6613837,6053442,+
1243401504,41518897,6617439,1481806,+
1338700082,381684217,6618420,4811547,+
1249091257,306882482,6619095,2762538,+
1144695968,770667329,6622031,2427300,+
1253317533,387665125,6622707,3187709,+
1284037645,395285541,6623225,3994131,+
1074994885,946457963,6624864,3577878,+
1374375009,604048,6626025,5084792,+
1198100344,870858753,6626238,4611995,+
1248203888,284211825,6627382,2491217,+
1350548232,330676129,6629338,4882083,+
1163356448,724116849,6634223,2031590,+
1224024976,474156705,6637085,120582,+
1403513665,438105633,6637239,5489567,+
1128678256,811584001,6637526,2367323,+
1495817825,435397713,6638219,6210407,+
1411693945,714136826,6640515,5925768,+
1252711928,417065169,6643013,3088480,+
1239447393,374329480,6645324,1590121,+
1203105085,911480613,6646501,4836531,+
1272092077,570096949,6649907,4120571,+
1287918129,358926568,6653240,3864819,+
1149736745,790833833,6657339,2661217,+
1188712625,694880048,6658596,2651987,+
1257441777,486342097,6659947,3414285,+
1110946354,843945257,6664059,286206,+
1241467845,389051501,6664105,354557,+
1072596929,948227777,6665307,3259469,+
1361343025,318645576,6669215,4900974,+
1269545897,99360569,6669727,2874039,+
1319343889,2697232,6670066,4220201,+
1160892896,786413601,6671168,2894663,+
1552206217,595587434,6674283,6659406,+
1247703616,771041025,6674725,4515906,+
1119207825,872308928,6675157,2993668,+
1353224481,246235256,6677831,4739084,+
1012865209,983250537,6678431,792441,+
1267697249,51603967,6678882,2626266,+
1258495120,54914673,6680532,1122877,+
1302996513,127675105,6680811,3860803,+
1263910097,295308024,6681401,2685094,+
1300982049,357754768,6682947,3988610,+
1159824633,853202249,6683413,3693235,+
1261486648,6909345,6683417,1870044,+
1005102873,993264809,6683485,80933,+
1001314735,997310801,6683976,73500,+
1244129040,413828113,6684562,83991,+
1035964769,961159992,6687209,138716,+
1343836522,42913097,6688110,4543269,+
1261187649,162937672,6689082,1700117,+
1256754008,321208545,6691981,1884586,+
1043866848,987893585,6695848,3092443,+
1293896849,1037221608,6695890,5971913,+
1339655441,939889496,6696309,5914708,+
1283603809,414577872,6696361,3639384,+
1019488829,984057173,6697595,753879,+
1211212269,618687317,6698377,860447,+
1258059864,532256017,6699223,3361998,+
1043876897,1022032304,6700894,3707139,+
1238034113,496206680,6701807,1252344,+
1454458993,5370960,6705566,5699217,+
1358429969,554935008,6706742,5057815,+
1440954529,60770097,6710329,5572947,+
1163798909,773458867,6718092,1193442,+
1332661872,33992177,6720560,4252003,+
1272108937,129466569,6721269,2113489,+
1194782737,728917984,6722276,2669771,+
1253289592,422266369,6723583,703976,+
1315095432,400716769,6724092,4142647,+
1286959733,969941805,6724967,5621639,+
1269101890,148004153,6726582,44601,+
1106384968,900580945,6727858,2447591,+
1271024893,467605,6731549,316529,+
1324642097,716043224,6733197,5022052,+
1279592183,1079667817,6737430,5996730,+
1312304437,612127309,6737809,4549367,+
1321063413,864364045,6740749,5456931,+
1506638705,591906176,6744780,6282493,+
1274890585,8917081,6744961,1243315,+
1299632849,1212879992,6746361,6609058,+
1201735301,698793341,6749073,1179479,+
1153007217,825726512,6749750,2120111,+
1323567389,367346757,6757493,4101763,+
1338399173,7966125,6758779,4198513,+
1398797745,472031408,6759152,5241683,+
1266636208,394536625,6759233,1580498,+
1297571857,342980632,6761680,3406837,+
1279129128,21166945,6762153,1181944,+
1084046208,935198209,6762714,683045,+
1155777194,860118217,6762747,3067698,+
1260259609,449928842,6763557,398148,+
1279210385,305351928,6768631,2184878,+
1254054293,576926765,6769329,2832793,+
1278200128,258653185,6769921,1500208,+
1560626344,691909281,6771950,6711645,+
1242025561,573359210,6772521,909390,+
1412843985,20359936,6773570,5171271,+
1578327981,273595045,6773885,6555489,+
1046847133,996029445,6776823,2263031,+
1385335873,435890320,6777256,5013583,+
1282641984,100582577,6777773,963956,+
1072921936,978289921,6777844,2794369,+
1323386209,457318048,6778967,4167160,+
1127818065,892719841,6781519,2359965,+
1155886693,829964509,6782245,642037,+
1169522849,1100833832,6783684,5344679,+
1332877073,854378640,6784471,5435566,+
1475771493,476465005,6785423,5888589,+
1285113192,51484849,6786984,917101,+
1263060816,492681521,6787679,1857218,+
1288481713,381014200,6787964,2906771,+
1262205577,487584314,6789381,1189746,+
1353249009,1129515073,6791295,6506317,+
1248349993,621218810,6791751,2751972,+
1276497829,369615707,6793692,717912,+
1221091377,1078097057,6794725,5540449,+
1142220817,863092264,6794903,1092974,+
1278349873,400621480,6797261,2078276,+
1130362917,884016077,6797555,511319,+
1288495624,3669553,6800830,275999,+
1331203153,377617824,6801330,4065049,+
1336148113,634844784,6802282,4729335,+
1285693745,425065953,6803257,2781149,+
1333794361,889098386,6804393,5525262,+
1086700576,953568961,6807157,1340122,+
1264556657,503007704,6808687,764706,+
1234642744,656049537,6809183,1957152,+
1290019381,699461005,6810227,4287635,+
1342235384,38631633,6812677,4031260,+
1119408569,911021482,6816381,56004,+
1322077898,167400025,6817557,3529764,+
1125275777,903894319,6819852,636474,+
1324883217,440992864,6820496,3965643,+
1443644685,913914293,6822413,6330067,+
1377110089,933714962,6822444,5956857,+
1293631559,122582377,6822606,29652,+
1338971056,82472241,6827066,3888993,+
1409248841,92248186,6831276,4993551,+
1301477959,72855737,6832932,2236728,+
1467498001,95856720,6835445,5592432,+
1109870289,1011543697,6838129,3832263,+
1537057873,769571664,6839720,6600987,+
1325663569,351121392,6840667,3679224,+
1304178913,101520784,6842332,2288375,+
1465623025,428960896,6844630,5668337,+
1220069409,724815608,6846248,458695,+
1300103501,437121381,6847549,3013577,+
1304106781,297079125,6848361,2582675,+
1220788759,726502217,6850494,827058,+
1279467665,645461288,6850602,3561847,+
1300224864,453588193,6852599,3048780,+
1283418305,463641656,6853050,1682827,+
1507855217,151094904,6854422,5915281,+
1206108394,785188937,6857151,2293716,+
1264265968,575854849,6857765,96722,+
1323333409,399556897,6862201,3577351,+
1318518541,297852885,6862869,3164995,+
1336250897,253276464,6867689,3650882,+
1185936453,1157531405,6870151,5610949,+
1298834825,333897943,6870354,750282,+
1226016481,736797265,6872377,1868875,+
1176120897,971909824,6874731,4200326,+
1196751201,829391936,6876836,2633623,+
1293741473,423923720,6880656,673369,+
1308947232,42156449,6881692,15719,+
1395992840,46390673,6883068,4671061,+
1544087709,337686437,6885907,6193747,+
1312895761,88804576,6887566,1910231,+
1238274064,710591553,6890642,1320405,+
1377602689,110507512,6892193,4353692,+
1310633725,203651123,6894336,850326,+
1309765547,238633909,6895146,603858,+
1309008088,988039569,6896854,5544375,+
1204284733,1044208549,6898255,4991441,+
1533618337,614421184,6900263,6296644,+
1088365328,993087489,6900581,1033550,+
1258913229,656273413,6902655,1663363,+
1285827986,541599865,6903525,1914996,+
1278679477,589427629,6903671,2211289,+
1642859281,393648721,6905203,6865331,+
1253443411,699629021,6907878,2426784,+
1320704681,248668186,6909132,2519481,+
1304206762,627234809,6913218,3668097,+
1325786381,790191955,6915186,4813890,+
1229645784,753698753,6915695,172796,+
1344160435,16723373,6915966,3444846,+
1377753952,406838097,6916870,4454247,+
1241223432,1025189489,6921041,5134982,+
1282611216,574549409,6924125,1023130,+
1137583064,941144177,6925934,1478511,+
1283552833,571862975,6926436,409356,+
1265957633,713026800,6926762,3074149,+
1309792001,386773416,6927131,1232182,+
1321165202,850729,6928428,1152639,+
1423823489,328774392,6929567,4982312,+
1086267648,1028179889,6932200,2776109,+
1563554416,43753441,6942067,6223342,+
1278912152,620078657,6946782,1090645,+
1321013563,406506485,6947892,2547882,+
1169343553,901914000,6949233,831428,+
1322110989,374492677,6949533,2360303,+
1399505336,67354401,6949642,4496387,+
1318835889,473884232,6951149,2846288,+
1274030193,1060476824,6953347,5511800,+
1321199601,316167280,6953457,517690,+
1084354801,1069549696,6955684,3543907,+
1324695890,267162361,6956190,1220103,+
1471502561,627973656,6956908,5747849,+
1059383233,1053465264,6957579,1959310,+
1640408209,42668568,6957705,6745834,+
1443245233,209652840,6959807,5085966,+
1349850621,439395221,6960161,3749203,+
1292039240,599822673,6965308,2086117,+
1325020872,327177857,6966752,1540255,+
1525208865,632250856,6968510,6163011,+
1216486573,1003112229,6968871,4608325,+
1251842577,991495664,6968972,4902731,+
1335615200,137589473,6973517,2122494,+
1307484728,513145425,6976933,939428,+
1337128368,131275729,6977285,2188608,+
1333453093,6762445,6977453,944201,+
1330346585,254728618,6977586,883689,+
1311001961,507137431,6979008,1835676,+
1502121489,876637057,6979051,6412287,+
1358079917,84937509,6980417,3384317,+
1508329713,47213360,6981772,5699939,+
1487829952,560310609,6984603,5745196,+
1375534705,1102154248,6985234,6285329,+
1347871745,153499848,6988906,2856283,+
1419083101,33024021,6995457,4638709,+
1542609472,819707409,6996898,6535959,+
1328807786,370527961,6997152,549483,+
1365598697,231170314,6998727,3555168,+
1192943345,889246833,6998963,1067251,+
1327194845,620209461,7000429,3635905,+
1339378361,74410761,7001513,551351,+
1238981061,795514205,7001803,1172275,+
1294664485,626902653,7001967,1889153,+
1458459985,66312328,7002139,5141212,+
1296298033,894839745,7016147,4660047,+
1343497425,358988273,7018939,2577949,+
1405505305,612248138,7019166,4904487,+
1438093688,218639825,7020156,4855493,+
1348606448,228898769,7020615,2438318,+
1349326625,67722416,7026100,2114631,+
1378178289,369062848,7026560,3895587,+
1553810417,29328319,7026918,6019908,+
1312572785,678219576,7027724,3402755,+
1308305563,1142188949,7028580,5991906,+
1100508121,1035417626,7030272,565797,+
1350209901,22874341,7030999,2051733,+
1340930234,348738217,7031139,1756674,+
1177595169,1001560456,7035065,3703980,+
1168295985,975381896,7036130,2909087,+
1363855241,60670761,7038937,3011627,+
1371895112,29741169,7040444,3344323,+
1442334321,777682705,7041705,5640391,+
1349234888,147705329,7042191,267050,+
1205397501,896525285,7051193,117065,+
1383409809,107878312,7052907,3634228,+
1678486392,375340609,7057124,6926223,+
1202865600,910229921,7057480,1924313,+
1448672938,619408937,7058880,5310135,+
1254164833,818716360,7060247,2462372,+
1386709240,465391441,7062290,4089817,+
1459989713,771426504,7062766,5736455,+
1164879361,996318456,7066548,2953153,+
1567644960,195995873,7066637,6079754,+
1254310865,806166273,7068373,1033649,+
1448459704,147829233,7069530,4830193,+
1289404881,707740625,7069811,189635,+
1368836189,887165061,7070375,5257495,+
1294908665,729388473,7073689,2730901,+
1222862289,878814272,7075973,812368,+
1383198509,377471491,7080960,3693750,+
1662476072,283410177,7084322,6768475,+
1642255617,763229704,7086079,6964356,+
1362653707,246598997,7086186,2207730,+
1436073457,261858952,7086257,4626190,+
1356274417,325191384,7091616,453853,+
1148633489,1004724392,7091976,30571,+
1585503213,568362005,7092113,6363113,+
1364966737,103875312,7092379,1933020,+
1275917009,1202409393,7093013,5986525,+
1374012773,190164605,7095507,2851877,+
1390642234,395019641,7096815,3826410,+
1308455681,703438785,7097411,2669275,+
1539861425,167734736,7102465,5773746,+
1506903841,801842536,7104391,6105848,+
1295065781,1105081421,7105917,5583571,+
1129025689,1045153442,7106349,2351328,+
1291747280,747555473,7114404,1834859,+
1456272490,1017331673,7116471,6301134,+
1436091184,242781777,7116526,4502937,+
1206065248,932972529,7117478,618255,+
1175074288,982726209,7118574,1391275,+
1252445137,856690319,7119882,2204034,+
1583589016,511337185,7120630,6258419,+
1359556881,445191016,7122078,2306647,+
1667651453,537705269,7123295,6863109,+
1379337633,363312545,7124563,3127957,+
1372989664,77560977,7131536,1199787,+
1258134337,905664984,7132186,3480789,+
1223563665,957995168,7135351,3301822,+
1188397117,971292707,7137090,104178,+
1224560461,912785891,7137504,1109142,+
1306164881,724923536,7138197,1901252,+
1416468857,722532919,7138692,4994322,+
1379857536,277049761,7139964,2654567,+
1147331745,1029079088,7140812,314663,+
1285447665,961415521,7148663,4475325,+
1339639288,872291025,7149198,4619897,+
1256996833,910428792,7150780,3350985,+
1240727027,907011949,7156134,2408706,+
1231565281,914280280,7160620,1333577,+
1427130688,152316609,7162449,4084820,+
1231156921,915409321,7163437,151859,+
1237249401,1169422105,7164135,5413699,+
1131786945,1058696576,7164482,1130315,+
1581562821,991853581,7165547,6921783,+
1398500545,846606328,7165696,5153681,+
1495051488,847638289,7169148,6015115,+
1328634848,819382209,7170031,3986660,+
1474644689,866167392,7170119,5902166,+
1474938125,444001061,7173555,5045479,+
1534478411,389393845,7174404,5655180,+
1425523968,291568769,7174523,4061350,+
1358279881,536413826,7175682,1732461,+
1584016649,173718802,7177929,6033432,+
1344223208,835752225,7180688,4337657,+
1543385729,1164544577,7182207,7137169,+
1112198389,1101252397,7182529,2658191,+
1370386739,666656557,7183266,3794574,+
1338206149,679345197,7184809,2592909,+
1401478456,634402801,7184989,4303468,+
1361372865,529046768,7189067,488062,+
1684062121,549986810,7193763,6898230,+
1347399049,616202978,7194030,1137501,+
1434004568,1178388305,7194036,6607973,+
1492291821,665155781,7195303,5532883,+
1486439832,1059156929,7198024,6502703,+
1450789824,284031857,7199491,4443628,+
1427216181,145631981,7200883,3858037,+
1387700081,317884881,7200973,1987189,+
1178806221,1018384661,7204573,266101,+
1304562429,798948133,7207143,2380825,+
1376123306,553600201,7209828,2928609,+
1628569824,782249233,7210263,6765670,+
1566719409,240240832,7212097,5828502,+
1512997307,64721989,7217316,5233932,+
1287196113,834732560,7217797,733936,+
1372079392,528534769,7221562,1821263,+
1312325361,783570656,7226962,1910287,+
1448120577,1057852049,7229447,6211843,+
1386548042,418263529,7234212,249273,+
1682104402,191398409,7234326,6710259,+
1416901337,447585129,7236037,3725597,+
1334387465,722233666,7236990,1764381,+
1396138816,336970945,7238000,1969681,+
1151413729,1069966272,7242256,788727,+
1432669489,203821912,7242419,3750232,+
1446482997,872810989,7242877,5536251,+
1417807512,1044103457,7244615,5926508,+
1765273699,149623757,7247784,7238178,+
1464280280,223835873,7248499,4444698,+
1361173320,702354833,7250314,3202231,+
1371685361,567456785,7250397,630475,+
1406602161,30542800,7251972,2036755,+
1406431384,104071377,7252667,2007264,+
1710711751,557828249,7253670,7007730,+
1277829667,908630333,7254030,2868570,+
1222019305,981355753,7254697,92131,+
1369707413,861775245,7256971,4570189,+
1671772577,545452584,7257767,6736936,+
1266777441,907348816,7261138,52179,+
1446947181,545082181,7262091,4500017,+
1408513754,370022713,7263405,2802912,+
1406854921,10447705,7264187,138635,+
1414463441,245592031,7267014,2734308,+
1751175023,400254529,7271520,7167054,+
1270516776,932701025,7272110,2845907,+
1328044153,891052394,7273884,3977715,+
1409717408,89228529,7275730,78449,+
1302020815,849118433,7276866,1983576,+
1406253441,285590296,7276933,598062,+
1435947877,308757277,7279711,3672455,+
1390618601,496369241,7281731,65499,+
1358087051,792253861,7283112,3705294,+
1388648386,714874121,7286964,3866649,+
1610880616,203310145,7287070,6082517,+
1324562965,793002493,7288481,895091,+
1382926922,566354953,7290510,1089045,+
1771254561,4478416,7290984,7229177,+
1426346561,317147976,7295089,3174548,+
1392720665,510901113,7295971,1049927,+
1322466425,834423833,7299303,2724797,+
1538454424,956062273,7302065,6394664,+
1691161233,619874680,7302123,6873292,+
1389841521,584770856,7302929,2519294,+
1398044113,491956512,7305830,1278585,+
1463168177,341775224,7305964,4240173,+
1412964513,344710520,7312154,1328611,+
1425379505,108047648,7314369,2431694,+
1420103597,81549189,7314713,1136653,+
1558440997,507645469,7316101,5693653,+
1492624160,41842913,7316151,4632392,+
1382677105,748407736,7317272,3740675,+
1174256657,1076625344,7317362,633111,+
1399959569,508084392,7318283,1599376,+
1455978128,273493505,7320741,3914102,+
1322622305,1087585536,7320760,5194153,+
1403712833,481850640,7324111,697556,+
1423122336,144281521,7325139,1570024,+
1401485720,504900513,7326169,912232,+
1391993525,612698733,7326479,2603521,+
1506700157,1033737989,7326893,6366813,+
1433008704,615182737,7329783,4123342,+
1568496673,995920,7329863,5583928,+
1278392161,964704001,7333753,3116657,+
1367286369,1171762817,7334663,5970641,+
1526347505,961600248,7336753,6272234,+
1493203784,1281908657,7337619,7097132,+
1523391097,1052200153,7339295,6512485,+
1359057937,736116024,7343767,867246,+
1355068193,751321904,7345415,1034208,+
1428251936,601361,7346891,151176,+
1711527045,229410413,7347269,6778799,+
1428678479,27161521,7348440,645660,+
1440080064,411575297,7349339,3432518,+
1729490105,845749186,7349979,7312740,+
1446294437,33328349,7350213,3213061,+
1410322033,721773592,7352785,4008950,+
1507476369,356812192,7355499,4829408,+
1418399985,427389176,7358065,808226,+
1475081425,1201095448,7358213,6696428,+
1430580513,209278160,7358438,1501309,+
1511403368,1126804209,7360816,6643165,+
1444984549,507891213,7362075,3808817,+
1395689265,606024688,7364024,855219,+
1804380757,218619997,7367075,7363223,+
1215438713,1052153479,7370460,1744284,+
1480562169,1368203753,7371437,7309165,+
1585713381,95850605,7375189,5664425,+
1797602450,132749833,7375728,7307529,+
1416341161,495256706,7377423,822804,+
1322833265,1234667048,7380078,5922641,+
1450791176,969086321,7380324,5618941,+
1606443645,848553701,7383607,6499495,+
1304461097,961621529,7386309,3392093,+
1389347473,1026533200,7387004,5294741,+
1427185877,675325229,7388777,3913071,+
1410548701,895661125,7390775,4823401,+
1453776729,83979017,7392967,3043729,+
1626541512,557122369,7396046,6206571,+
1466714261,574825661,7397817,4325573,+
1226663009,1050609888,7400674,1542125,+
1603966368,511134065,7402276,5955203,+
1598288781,840610181,7404193,6393971,+
1727750241,222537920,7405655,6817892,+
1393879741,671791509,7407685,683655,+
1426754865,603584528,7413197,3194456,+
1391350797,707625349,7420699,1982217,+
1453520641,536918296,7424434,3698981,+
1815326353,450424360,7430123,7416716,+
1552167453,282693989,7431515,5165669,+
1603440077,1146030069,7440173,7115443,+
1405231953,1314162944,7442009,6668210,+
1431068113,538487304,7442238,2093255,+
1497821531,644155861,7442352,4863954,+
1600747217,990258319,7445046,6687786,+
1244668504,1170337777,7447958,4616207,+
1451405144,306373793,7450265,1516464,+
1276439224,1174323873,7450764,4984615,+
1449415713,357541640,7451726,1641731,+
1604574177,1070521472,7454903,6902060,+
1456881881,327409625,7458689,2386035,+
1322191761,982474696,7458832,3581973,+
1430079218,1091203705,7459143,5795754,+
1456626401,203604000,7461175,135824,+
1449621245,743855333,7465137,4332049,+
1428170289,689056912,7469934,3353887,+
1485815761,600868296,7470521,4422366,+
1184160885,1152519821,7473575,2909537,+
1487132784,194514193,7473690,3644137,+
1378007105,831610016,7475544,2880335,+
1466003473,166097152,7476905,2340310,+
1514335051,24331445,7479840,4302024,+
1444583528,638762145,7479971,3468994,+
1571540017,765120984,7480056,5884019,+
1447427041,842655360,7483785,4714408,+
1691771785,478532306,7485036,6525015,+
1606521313,62697984,7490150,5622093,+
1463234497,1134674424,7496272,6155823,+
1348002417,1013918384,7497263,4269754,+
1467539161,55059225,7498029,401455,+
1283337069,1039709717,7498987,2944459,+
1454519945,443744441,7500319,5775,+
1790986609,556595352,7503569,7239714,+
1630250213,510188589,7505045,5996473,+
1405003633,763078960,7505494,2583023,+
1393825857,777273392,7506796,1174415,+
1346603688,1121266385,7510496,5087173,+
1383456413,972848275,7510764,4433454,+
1361468137,945177097,7511195,3688007,+
1467790321,311363761,7511663,1713271,+
1610692255,1120426433,7514454,6996846,+
1458864976,454500001,7514983,1748528,+
1481731857,420190112,7515305,3423742,+
1666713745,828459256,7516186,6693385,+
1450827593,534170745,7518109,1842917,+
1469485805,281246373,7518511,383357,+
1252482146,1137808441,7521768,3922971,+
1520222448,947149409,7522708,5836585,+
1257802401,1068502456,7526978,291,+
1441508209,1017120888,7529007,5374450,+
1452148449,533126177,7529257,99929,+
1469482453,571419805,7533931,3427679,+
1479764232,126162817,7539054,1852165,+
1441691505,853846928,7539482,4437649,+
1480213705,219466778,7546731,1782978,+
1450905248,723890769,7554905,3641974,+
1236332657,1143133832,7557666,3316975,+
1409809589,867804653,7558369,3721935,+
1484831521,46184255,7560666,1568850,+
1818879825,461143073,7561949,7303711,+
1359260456,912525041,7562673,494458,+
1231308960,1151167441,7568569,3245550,+
1269897377,1200042024,7570343,4708772,+
1332670169,1057093162,7572267,4016664,+
1437550369,683131512,7572358,1128573,+
1484034833,315173880,7573493,1767916,+
1280697585,1136830408,7573816,4088157,+
1650787201,15649576,7574782,5893499,+
1876169017,137422322,7581300,7581141,+
1489085401,1211001081,7581543,6489811,+
1644319440,595805473,7583043,6062498,+
1489817729,25983992,7583163,184898,+
1291036553,1185131314,7584108,4747575,+
1516611416,230109185,7586820,3700033,+
1418369552,773852049,7588949,3172,+
1497614685,1027848293,7589657,5793679,+
1674624504,501002657,7591847,6223424,+
1555754831,876654865,7591914,5781390,+
1593550113,709047320,7592003,5733902,+
1593352248,158131249,7593823,5186730,+
1395506705,926600431,7595448,3688020,+
1788372385,712375776,7600600,7237593,+
1430750513,743267455,7601436,911178,+
1596055925,1346386363,7603128,7500402,+
1521554905,278191801,7607935,3731851,+
1511071105,238665448,7608379,3259834,+
1581591409,1158720312,7609812,6816131,+
1372003354,920307257,7610814,1619073,+
1468000081,1162679056,7610917,6094816,+
1262273761,1107451720,7613875,1722878,+
1311334345,1036274858,7614111,1610256,+
1753585432,82410609,7615377,6712046,+
1660636297,228289319,7616916,5916606,+
1707399289,388343762,7617672,6391323,+
1647462208,1052348065,7618622,6900829,+
1682511433,1164544850,7620669,7381998,+
1386244192,901423089,7623494,2079759,+
1209892418,1173290905,7623768,1687347,+
1205114129,1176438432,7623883,432088,+
1684289477,1018701773,7624595,7039455,+
1478017264,654967873,7628512,3331505,+
1613955433,85640810,7629117,5346498,+
1518738401,159407616,7630217,3292576,+
1702420817,793074912,7630235,6723236,+
1501844761,358949906,7630557,2568444,+
1501641425,222475208,7634373,587608,+
1475808202,1383225929,7635516,7043937,+
1621372393,793667015,7637076,6073278,+
1423636322,1203245977,7639635,5911296,+
1480810585,545495913,7640883,962101,+
1269162609,1123482208,7642664,2667645,+
1434205521,1357784336,7644844,6718619,+
1654299264,953600113,7651261,6659940,+
1472059613,1365517125,7653287,6929191,+
1321625248,1040245905,7653909,1224404,+
1669993360,132744721,7657240,5912309,+
1417944960,838222433,7657619,1062914,+
1547380305,599362408,7658727,4680206,+
1595901433,445084754,7659015,5165082,+
1334160584,1026556673,7659470,1958619,+
1509945201,115129856,7660591,679778,+
1339783569,1079646112,7664376,3818987,+
1531985361,256305281,7664413,3565463,+
1318329744,1063993457,7665007,2574626,+
1829862445,340969093,7666903,7216093,+
1407367735,878590073,7669314,1574832,+
1547730281,650839545,7670923,4776965,+
1526206648,784164865,7671124,4895423,+
1449294065,960947983,7672344,4647336,+
1565183217,79817489,7672669,4383541,+
1516474925,764527411,7674222,4645770,+
1214747200,1188465793,7675702,191227,+
1397669401,905759810,7676790,736449,+
1548630160,312051441,7681940,4023069,+
1572528811,214842245,7682178,4515300,+
1549104805,318089341,7683985,4028833,+
1442595497,823519282,7686465,2892552,+
1498617089,516739832,7689189,1684442,+
1558153249,501651263,7692894,4491150,+
1527878053,179171675,7694028,2872008,+
1528905377,151142544,7696099,2883814,+
1700232657,160271272,7697861,6125340,+
1769137937,292957104,7700138,6726121,+
1548493473,654685144,7700826,4672925,+
1459265905,879470568,7700966,4055919,+
1486399496,1260628545,7703866,6481685,+
1793667320,1052726721,7709387,7638790,+
1527439585,1466285088,7710056,7510857,+
1694047441,740456591,7710858,6451494,+
1522145581,311817301,7722739,274051,+
1546667857,100745992,7725221,3435760,+
1571106248,782194385,7725526,5309127,+
1549981112,635013009,7725769,4519466,+
1361145251,1015266445,7726068,1507770,+
1574786705,489883423,7726794,4627308,+
1286985153,1128943745,7728473,1309337,+
1344485249,1045895376,7730990,1219205,+
1493523368,623918225,7732087,531594,+
1524874433,522894240,7732207,3268888,+
1532185272,170328257,7733536,2234735,+
1878755795,52242733,7737624,7429716,+
1539823752,785224529,7738006,4842599,+
1486508433,753826760,7738709,3354268,+
1622979368,943815585,7740263,6250492,+
1708005185,1148193528,7741297,7341608,+
1533139104,108224513,7742465,1839112,+
1510829159,610560841,7744860,2974590,+
1375760368,1003135089,7751535,1315682,+
1726681370,153201433,7752597,6263628,+
1512251234,1258117273,7754520,6543981,+
1516995448,665730177,7755380,3603105,+
1518870961,544188760,7759571,2511520,+
1525746893,1411824309,7759841,7235015,+
1503341237,650389579,7760988,2585928,+
1660212561,146644696,7761691,5551596,+
1437108693,872178125,7762829,460651,+
1615271849,97708807,7763904,4911438,+
1473897761,761567025,7764085,1767247,+
1459227064,808047937,7764559,582988,+
1527948761,774252490,7765170,4459497,+
1408192065,945780128,7766257,873932,+
1884390133,569133645,7766837,7542693,+
1240623137,1200522417,7767175,640723,+
1442239280,934001361,7768121,3628570,+
1544677561,448507705,7769479,3389285,+
1375658473,1022880265,7769689,2325893,+
1491076513,693388720,7770284,1324441,+
1646343713,360573720,7770992,5419193,+
1454020513,836614465,7771889,1828903,+
1291193512,1154825857,7773985,2520892,+
1487366577,718404904,7778431,832674,+
1353696949,1334468637,7779027,5879791,+
1389639792,1067082689,7780982,3907147,+
1245962049,1207258192,7781967,2266948,+
1553555097,39606169,7782957,2994047,+
1701635282,896495257,7782960,6669309,+
1541692943,221275729,7784670,1277658,+
1548550896,332383265,7785085,2961166,+
1542470961,173468545,7786047,200915,+
1501856801,660105656,7786051,539286,+
1576959977,1246099737,7788025,6831209,+
1351446949,1094214973,7789111,3142535,+
1542034893,261290165,7789619,1288963,+
1468842737,1044430424,7790622,4999183,+
1783873008,1106818945,7790862,7606907,+
1527101553,501092744,7792390,156463,+
1510083752,698425569,7794829,3101366,+
1449657256,1388845761,7795403,6714498,+
1899698113,279718264,7801120,7505873,+
1833694121,427866281,7801299,7099207,+
1413605313,960589000,7805073,86804,+
1687097009,649570232,7807507,6073056,+
1269546593,1196271200,7807529,2550468,+
1356376879,1124057393,7809858,3738810,+
1448838281,898483831,7810212,2599992,+
1409433968,978505745,7810554,1973207,+
1516339553,869188769,7810585,4531113,+
1566371065,104923778,7811958,3309879,+
1400057793,1028798609,7813141,3214225,+
1352712993,1222907200,7814942,4895037,+
1450907473,1060663360,7816354,4763687,+
1464473135,843430273,7818078,1486488,+
1934819877,428396029,7818279,7738073,+
1569904608,263243329,7819057,3497400,+
1553619568,88259809,7819112,1891255,+
1380445129,1163398967,7819836,4646112,+
1732275992,87547809,7820189,6180226,+
1765109440,60639633,7821246,6474871,+
1543068888,517786945,7822863,2870216,+
1455326145,876183208,7828021,249078,+
1542282352,513249409,7828162,2638651,+
1343344344,1100641537,7828884,961793,+
1488879712,1057537089,7830744,5185457,+
1442344881,912456496,7830783,50354,+
1505977025,1107123456,7831652,5638225,+
1677825456,282538241,7834042,5594011,+
1576169618,1130241289,7835268,6315255,+
1535083953,540599185,7837939,1075659,+
1324513336,1161523345,7838165,3283304,+
1565957773,460085445,7843269,3517831,+
1557704936,196125105,7844545,814646,+
1685405170,35573561,7845354,5622345,+
1589632765,361681573,7846163,4069621,+
1647556169,1425037378,7846590,7732659,+
1464856357,899977739,7846824,3000462,+
1265226235,1215297893,7850658,2158266,+
1528336093,947445157,7851625,4989775,+
1799170429,468924853,7852925,6788777,+
1768369065,578811913,7854231,6618043,+
1472969722,849038297,7855431,258870,+
1822262033,1156045745,7856813,7843893,+
1791469529,995194882,7861059,7348692,+
1576593673,71062130,7865256,3099369,+
1564503909,163669757,7866221,1492411,+
1572818095,360454913,7869852,3175722,+
1803852392,764135697,7869865,7056734,+
1493945928,794966465,7870264,202159,+
1407875168,1020876545,7879359,480008,+
1642299393,118334864,7881307,4892390,+
1338993381,1201270285,7884561,4051835,+
1629725109,584452973,7888675,5059867,+
1580845728,76262609,7889465,2960522,+
1871547680,45259841,7892075,7192458,+
1353574961,1352869800,7894196,5722675,+
1560284657,445607969,7894879,1197867,+
1712446625,687548408,7896867,6179186,+
1573907089,613362657,7899947,3914103,+
1571620789,255272893,7900243,1320215,+
1566306842,463001737,7901964,2561025,+
1389773546,1070603641,7906626,1351071,+
1554348328,1206406065,7909183,6322554,+
1565912683,440451269,7915230,499992,+
1474725481,914127721,7916567,2565853,+
1580007205,44035821,7917141,1985095,+
1716752389,896994477,7917173,6560463,+
1533614834,958887817,7918698,4857357,+
1496731425,869145281,7919111,2959505,+
1626618377,1193823609,7922683,6741389,+
1822366805,241985803,7923066,6790002,+
1496294888,1275538545,7924931,6203468,+
1304364328,1200707025,7927867,54372,+
1630749873,328376680,7933148,4503507,+
1394512777,1342655234,7935312,5844999,+
1534229801,708659335,7935882,998640,+
1502559496,1170873121,7938196,5660473,+
1618288711,513476201,7938522,4477476,+
1430029025,1018842113,7943733,298501,+
1388034529,1113079552,7948531,2802482,+
1485498545,897211248,7948819,1688056,+
1856947786,737977961,7950204,7280871,+
1594109104,1239584113,7953041,6649430,+
1642290881,971115416,7953402,6054667,+
1599918384,468107777,7957979,3699578,+
1589374248,32201377,7958620,1322535,+
1702328977,702896592,7959594,5965705,+
1578352293,915931805,7961033,5113313,+
1522773949,983870627,7962906,4638438,+
1622784541,254808851,7971252,3986622,+
1386687393,1111513064,7971545,1135232,+
1598686081,276663520,7971973,2873650,+
1589017997,605648229,7973711,3722267,+
1588365685,612650123,7974372,3729588,+
1447764289,1005042088,7974827,1499750,+
1410563705,1156584658,7975461,4188444,+
1737914160,577097713,7976044,6110499,+
1460044337,987842504,7976914,2289249,+
1313536657,1215754657,7978795,1802713,+
1663703864,755466273,7979062,5599165,+
1865853065,59631658,7981071,7027272,+
1936382157,158196709,7982241,7524037,+
1665342401,675856296,7982261,5427142,+
1596260297,120661522,7985544,1273305,+
1654748545,516052488,7987704,4944223,+
1807892145,910071728,7988947,7133444,+
1744600869,947673517,7993629,6751711,+
1590580241,408417680,7998005,734892,+
1284563768,1255331825,8000922,58993,+
1448700601,1138763426,8001531,4521696,+
1629706189,511664437,8004017,4350199,+
1474737385,967232498,8007537,933372,+
1601792609,156099752,8007657,1171312,+
1602970993,46043344,8009105,1438198,+
1730105921,1147544216,8013584,7117233,+
1595288443,419428229,8013780,1751592,+
1603401560,194052801,8016100,802351,+
1455579405,1032068581,8018965,2636223,+
1630605305,42113433,8019679,3756821,+
1571282881,637404216,8020527,625544,+
1612452481,19643496,8020844,2704929,+
1556634541,717085525,8021345,928217,+
1865971199,877768801,8025090,7416630,+
1881948509,437284053,8025925,7140479,+
1321680985,1241841818,8027274,2910471,+
1524635969,848030792,8027826,887317,+
1615124545,521464321,8031475,3733109,+
1445067065,1228595866,8038080,5139219,+
1593975768,507801649,8038305,1554346,+
1646925541,736248765,8042255,5112033,+
1432234016,1346629121,8042294,5881509,+
1560330289,805434568,8043760,3408499,+
1366233456,1207896881,8046349,3315196,+
1604655449,402741442,8047392,1343523,+
1698134049,719275448,8047673,5725280,+
1634483841,256899416,8048038,3704197,+
1637785832,233843297,8053800,3753961,+
1646779405,498606261,8054171,4420245,+
1596545600,568216193,8058273,2455148,+
1618870043,213484309,8061834,2305560,+
1601469559,625619177,8063466,3341226,+
1680186377,648588857,8064475,5295549,+
1616886216,172642465,8064708,1199015,+
1650174130,353790953,8066892,4172529,+
1450303993,1163493890,8067273,4444098,+
1534475429,854135947,8067342,866736,+
1758438325,71219613,8068191,5885891,+
1512775856,922037601,8071946,841709,+
1539112777,1022110089,8073683,4643097,+
1525178824,1235895697,8073686,5869129,+
1682099185,40156943,8075388,4744944,+
1641272929,227116768,8075881,3659320,+
1458036849,1189951553,8079355,4783543,+
1673204641,419890560,8084880,4694617,+
1556187085,1202627893,8085323,5927477,+
1622911187,81723229,8085804,824166,+
1508117761,976385536,8085989,3044758,+
1619782957,307081317,8087147,1080345,+
1596881905,683078728,8087971,3250708,+
1563979073,1150085880,8088562,5714453,+
1802253241,573256466,8088846,6478263,+
1499518088,1029297345,8089196,3665327,+
1732467672,429739009,8095314,5601563,+
2026580169,256176137,8095411,7975033,+
1674489529,263814057,8095681,4521591,+
1612120205,604066853,8099097,3219667,+
1621236578,366486169,8100684,1445715,+
1695173513,270477490,8101449,4914444,+
1877467557,1154748829,8108091,7869781,+
1591018298,759351385,8111769,3411906,+
1366754089,1217685047,8113266,2251746,+
1343921800,1250024961,8114085,2602054,+
1754667000,271511521,8119788,5726665,+
1588144065,713255648,8128424,1322927,+
1700410888,1445175505,8128763,7729084,+
1627207713,421226225,8134009,1554787,+
1600837896,654602881,8134766,1403973,+
1697120467,1031630429,8135922,6328956,+
1605551201,629572785,8137015,1450099,+
1686081873,144871360,8143461,4468076,+
1628492752,771880449,8144136,4413311,+
1628136769,438184552,8144494,304619,+
1650884424,246523937,8144606,3267971,+
1746106065,419557048,8145852,5615749,+
1390500163,1197255869,8146596,575100,+
1515837815,1261563193,8147754,5737668,+
1638836961,252641921,8151673,1206607,+
1522155649,987665752,8153602,2897339,+
1658154953,254853545,8154709,3519639,+
1522427205,969092141,8158055,1748867,+
1344634005,1263733741,8164855,1507281,+
1528312445,1321121971,8166684,6146610,+
1462455317,1099578139,8167494,1648284,+
1441697569,1133558056,8168515,987070,+
1635819029,731756107,8169906,4209234,+
1592596337,764894609,8170117,2364237,+
1703876889,573678857,8170519,5104561,+
1617497880,680027281,8171925,3051548,+
1650243416,226317521,8172718,2580729,+
1939739041,517015216,8172788,7385447,+
1664663385,1260535561,8175165,6808771,+
1598921306,1102700665,8176911,5563470,+
1989262961,873201576,8184712,7977469,+
1437294121,1229488346,8185044,4292199,+
1612260145,1377917128,8191073,6929338,+
1911095841,615974321,8192743,7214003,+
1904091413,279230045,8193771,7012127,+
1525997493,1150514365,8194247,4881699,+
1930188736,318457585,8197745,7213246,+
1558981192,964307089,8197868,3606421,+
1657074049,179760088,8198192,2494625,+
1656464194,1290321017,8199606,6827607,+
1606577161,727996281,8200533,1784899,+
1463538912,1335150929,8205733,5596544,+
1686467761,63958305,8205915,4025503,+
1480808209,1088147032,8206487,53162,+
1741342941,198891301,8206579,5237277,+
1644356001,522409696,8213149,2490462,+
1947468976,376546401,8213847,7330508,+
1623956432,1148427249,8214301,5939552,+
1656928736,214764161,8216908,696927,+
1611256560,749469953,8218706,2536997,+
1539903413,1006826875,8222448,3172254,+
1745719168,1146024945,8224028,6887901,+
1864434505,726904953,8228163,6911173,+
1676607733,248862285,8228197,3468021,+
1592188401,1255706401,8232911,6140859,+
1657714517,362126733,8236795,137165,+
1420696665,1202819833,8238941,87543,+
2079539989,52524397,8239631,8136983,+
1526169048,1018417025,8239738,1109947,+
1376549741,1285176981,8239931,3317861,+
1641834049,608059312,8243407,2394368,+
1661398855,647182361,8244870,3919254,+
1679116513,393837880,8244922,3632627,+
1780301089,578301407,8248896,5892996,+
1629606417,678030704,8250662,1519273,+
1672483896,298000465,8251035,2891584,+
1565541768,1412351329,8254308,6697495,+
1774295985,376302488,8254522,5618239,+
1492080697,1146069674,8255148,3678429,+
1637291409,659130632,8256107,2325592,+
2035272225,847187393,8261249,8135671,+
1580689097,1009389367,8261484,4228020,+
1710222613,256334605,8265479,4330361,+
1888352929,433181232,8266022,6806499,+
1451413873,1172906752,8267075,629360,+
1705362253,162991125,8267781,4131629,+
1388751584,1280855537,8268081,3212462,+
1671550897,207824464,8270072,1137709,+
1582077265,897860193,8272673,500877,+
1486715893,1323835005,8273521,5508357,+
1940289000,684572353,8274927,7361488,+
1679523053,418273925,8276829,3293881,+
1879996954,845394953,8276898,7110075,+
1439655280,1198085953,8281067,975922,+
1869206105,48834178,8283171,6534744,+
1600028347,855065669,8286684,1561056,+
1676529713,195909345,8288147,1011689,+
1832451505,1158990376,8288932,7394285,+
1678192281,66932185,8289611,1458615,+
1674598865,1090800888,8290043,5970656,+
1708469456,1568361425,8290555,8011848,+
1778695913,233097874,8291025,5499444,+
1731276857,393414249,8294827,4766251,+
1632251617,1611571344,8299063,7846488,+
1913900145,802604056,8302161,7259210,+
1594891240,1073255953,8305736,4807541,+
1677476696,371382321,8311198,402079,+
1992248525,323206181,8312823,7501075,+
1633217818,750803369,8313102,1396995,+
1653615754,777958697,8313198,3835731,+
1406873909,1291381437,8314451,3552329,+
1779985504,403199457,8314926,5515021,+
1867739459,433988077,8317854,6522996,+
1683004889,471367258,8321130,2967129,+
1654924898,738940489,8323095,3421716,+
1587180112,940108609,8326258,2190613,+
1696065192,643825409,8339071,4196084,+
1549396457,1069878727,8340060,3208926,+
1851975187,910717517,8341302,6899670,+
1673459969,564847832,8342373,2194634,+
1669063480,743079073,8349386,3761251,+
1728687077,486736989,8350699,4522693,+
1563169729,1202706072,8350732,5137041,+
1701211576,595865281,8350826,4060811,+
1727486657,1182450584,8351624,6639633,+
1564601929,1275159143,8353506,5670840,+
1906790885,781511661,8354945,7097347,+
1469867537,1371523137,8357105,5443147,+
1878468521,208112890,8357913,6475020,+
1640382245,1099078013,8358927,5414753,+
1682795537,498314304,8360309,1396504,+
1999448017,686650977,8360433,7653725,+
1607555088,903029585,8360741,1447984,+
1820336266,52644905,8365992,5802345,+
1890286069,792728893,8367265,6963227,+
1988379517,367181699,8369988,7402632,+
1447843216,1299867745,8370775,4234708,+
1807515720,168619121,8371325,5622112,+
1672192657,1165639489,8371801,6058637,+
1950570960,126432161,8373722,7075805,+
1992600922,578945417,8375766,7511835,+
1670164421,644626795,8377938,555240,+
1387757711,1316562289,8379300,2233140,+
1669426250,1506819001,8379876,7487325,+
1659846561,713316976,8380296,1397593,+
1702961297,9009984,8382793,906674,+
1407536117,1295150669,8384619,2079749,+
2040402637,24638613,8386005,7718435,+
1609965568,918698545,8387182,292321,+
1686906320,530467601,8387701,221340,+
1656113528,747196289,8390860,1234719,+
1703456120,310250193,8397542,64441,+
1945606033,193129680,8399433,6995402,+
1697054101,448811485,8399615,572299,+
1537075128,1108347409,8404503,1380050,+
1438150480,1357529713,8405039,4694278,+
1624448645,1168444301,8406993,5456675,+
1685237329,617796648,8410215,2086046,+
1710615281,66475656,8410526,1216271,+
1711622257,119240032,8415316,1006525,+
1766009325,1161712853,8416249,6735599,+
1933974653,604220309,8417997,7022945,+
1648289969,821005472,8422207,87378,+
1570368904,1098135393,8429165,3491706,+
1698019440,541074113,8430673,1247396,+
1715699864,188557217,8432739,737602,+
1626856889,917181607,8436234,1865874,+
1737587959,575457977,8440908,4356786,+
1943386781,67938501,8441731,6896117,+
2003582705,225515688,8442659,7384688,+
1788606145,1166756833,8443471,6870121,+
1719348824,44122257,8443541,316828,+
1599975377,1005560784,8444731,2278948,+
1677578477,733827749,8450871,1997093,+
1537706113,1147834120,8451428,2611361,+
1669636451,829753549,8453490,3302520,+
1657660413,826222645,8453943,1827683,+
1698808293,593370829,8455467,515375,+
1723228113,67416664,8457285,1113436,+
2020251128,38304849,8461468,7473445,+
1848837169,982488208,8462945,6800242,+
2114432177,237135584,8464008,8113939,+
1820943041,1347939800,8465967,7607900,+
1717921797,599600317,8469937,3433575,+
1727133320,441151553,8472747,3031342,+
1686065713,916389400,8473996,4489523,+
1887302752,1277626929,8474957,7772244,+
2056607056,54090801,8479212,7707853,+
1729657025,17442753,8479523,1472491,+
1729542643,8300045,8480088,1230408,+
1457313485,1276339413,8480123,1292771,+
1730160242,291734569,8481057,2346192,+
1394850113,1351626545,8481189,1736953,+
1791800305,7911456,8481410,4903473,+
1988761093,292451805,8483257,7216329,+
1726849392,693280049,8483632,4171213,+
1703900842,954251129,8487693,5001876,+
1866027841,603128865,8487735,6251167,+
1774999041,167738896,8489152,4482177,+
1694089872,813689009,8489588,3789139,+
1732201609,13026313,8490805,137407,+
1599351037,1034567219,8491092,601902,+
1567807393,1190707000,8492536,4294439,+
1728226397,376358789,8496279,1430759,+
1609091753,1378735769,8496837,6299485,+
1771584081,347747296,8498314,4433241,+
1622109913,995373145,8500603,2393161,+
1702487976,660305185,8500985,348576,+
1659292549,868491837,8501363,592173,+
1740773025,320989448,8505571,2936534,+
1528644845,1465153603,8505984,6205098,+
1720863477,684553597,8508545,3641397,+
1516518688,1207346769,8509029,1523600,+
1667301456,849962465,8511223,1063400,+
1829592736,1121656401,8512662,6913369,+
1484407200,1258131713,8513243,1762958,+
1876523505,671867768,8515952,6375139,+
2018321746,862036121,8516568,7746819,+
1418912241,1413875336,8516579,4532944,+
1498118649,1405357897,8519001,5432633,+
1560594317,1155390117,8519105,2952251,+
1926313825,1302725328,8521001,7995576,+
1712529168,1450045825,8524513,7268292,+
1745088352,4008849,8525001,2389978,+
1650107697,1006111009,8530543,3833451,+
1678922720,826095473,8530846,387537,+
1757781501,986902901,8532029,5750119,+
1655233281,920926001,8534623,1796243,+
1670017445,983350413,8534749,4170569,+
1741926617,393264809,8536151,2465127,+
1710472217,676456087,8537430,1063164,+
1514675104,1281664993,8538080,4039031,+
1908456029,951657317,8538747,7068917,+
1870389307,686809637,8540370,6271842,+
2025934987,676077269,8541018,7580862,+
1800966573,752718805,8541647,5544087,+
1813457200,466657473,8546988,5196079,+
1590870069,1106523613,8550685,2439471,+
1778722448,410606385,8550817,4327858,+
1456351416,1320373841,8553188,2496347,+
2105575857,794365664,8553581,8182748,+
1734799192,533030817,8554132,2061465,+
1752849521,215695016,8554848,2507389,+
1771754101,783413245,8555707,5114575,+
1724553137,634118544,8557112,2169901,+
1547490737,1266129552,8557760,4392109,+
1669569773,894235349,8559939,529085,+
1928464080,774766993,8560341,6900292,+
1690531513,1098158330,8561634,5289087,+
1515407560,1238157681,8562036,1421315,+
1755610320,196544513,8563199,2540056,+
1431889681,1383989976,8564329,3792438,+
1496470985,1273607218,8565354,2426307,+
1752350101,158707741,8566351,380533,+
1702960904,935001057,8567614,4379789,+
1872172859,421015333,8567670,5944086,+
1694251528,867192769,8570513,3309980,+
1686664401,947781256,8574459,3953404,+
1496159904,1427906977,8578713,5390612,+
1844720784,867336673,8579358,6236045,+
1722991873,691193440,8580223,2243332,+
1860607225,944240903,8581692,6566628,+
2006029039,170677697,8581692,7177458,+
1819298593,429859720,8583326,5093821,+
1749752865,446824673,8584061,2020693,+
2192482200,385201841,8584769,8477470,+
2137911589,243586077,8587233,8120521,+
1552119160,1193563393,8587958,253541,+
2183745341,94571061,8595763,8390089,+
1763501488,305131009,8606570,2257499,+
1798032241,726524496,8607491,5156892,+
1888681377,304244224,8607608,5976537,+
1907402673,628293800,8608129,6418034,+
1547920945,1213560993,8608573,1434327,+
1809322489,506345282,8612136,4846869,+
1829495761,319332240,8613829,5050500,+
1620058409,1234253993,8613909,5003345,+
1998646223,274524385,8613984,7070154,+
1746675616,578140561,8617493,1649776,+
1760497768,420759825,8623797,353024,+
1735658040,680033153,8626309,1554398,+
1771085536,178015521,8627517,2131858,+
1645993193,1050492730,8628594,2948109,+
1860042960,948019313,8629039,6461354,+
1831694889,205171417,8633211,4947373,+
1921154001,744658040,8635120,6639749,+
2139254313,715167865,8638677,8229547,+
1774882001,40561665,8641075,1999193,+
2011954065,1255938593,8641367,8212709,+
1663603121,1455832376,8641793,6779538,+
2088774001,1210968856,8643076,8535811,+
1868060513,719745464,8644014,6014765,+
1749233301,627339581,8645707,1858327,+
1781998097,1164769032,8649800,6364789,+
1779635073,267604960,8649924,2750561,+
2079183512,186832113,8650525,7633300,+
1510782625,1341778048,8651552,4021607,+
1539245249,1328671377,8654461,4422473,+
1775272545,293121088,8656836,1413847,+
1496595673,1365421545,8657009,4094847,+
1601032393,1149163010,8658894,390291,+
1581596245,1385071341,8659115,5611269,+
1504639073,1496935560,8659424,5808023,+
1620988441,1114775786,8659854,2133369,+
1878799024,302630113,8661133,5668390,+
1468543433,1352436250,8662101,1821534,+
1952961514,187505417,8662731,6535038,+
1500173219,1374970813,8663754,4298850,+
1868285419,244685333,8664456,5477160,+
1780553153,61718640,8668036,184687,+
1835562505,260112938,8669877,4847346,+
1924370152,1419321489,8672149,8111676,+
1783871201,38397185,8677605,1594901,+
1794646185,658028713,8678519,4450851,+
1543181077,1270873437,8681309,2627385,+
1662866897,1105932504,8685002,4019833,+
1921816721,1023625736,8685618,7056439,+
1823932581,372372445,8686495,4542777,+
1783893137,703783569,8686721,4266503,+
2107430629,574911277,8692099,7872719,+
1550640493,1259283829,8694167,1854695,+
1657094681,1055920665,8698073,1390325,+
1765081873,1227641664,8698670,6347991,+
1797041056,475304961,8699034,3684187,+
1889279906,808985641,8699733,6269214,+
2167696193,204296984,8704235,8169438,+
1754011073,784378304,8704303,3431040,+
1948497586,174470105,8711196,6368115,+
1427147473,1418562304,8712005,907904,+
1688446913,995431704,8713775,2424016,+
1744567073,861758849,8714895,3669289,+
1806002457,1309467497,8715895,6973561,+
1848368337,477913304,8719202,5038201,+
1824831527,324199129,8719296,4264764,+
1762301545,684807481,8724185,1086623,+
1868297728,470352945,8724979,5368056,+
1650309200,1093271313,8727356,214901,+
1744814407,794696729,8727858,1823262,+
1834157569,1214654257,8728717,6815297,+
2082543730,901021961,8737047,7920840,+
1650458273,1318729800,8737757,5566498,+
1954951409,199384257,8738177,6372653,+
1677429280,1121626753,8739436,4152737,+
1859188897,993226024,8739518,6297181,+
1853984921,254689186,8739903,4852266,+
1799351977,276991034,8744217,887436,+
1690968665,1036403753,8744487,3172439,+
1791131488,484742865,8749304,645189,+
1679301728,1040383169,8750005,54162,+
1854286817,636189672,8754460,5249591,+
1601913157,1459132139,8754672,6053622,+
2029268209,26049072,8755758,7056271,+
1437871225,1430544218,8764131,854388,+
1764863304,1318416817,8766714,6586559,+
1870397741,486449061,8767433,5232853,+
1756378432,801238449,8767873,2183118,+
1668429517,1184773029,8772039,4433309,+
1806602385,361082528,8775031,1944922,+
1770007329,727453712,8775421,409562,+
1781250368,827808465,8775493,4121272,+
1994716673,60794880,8775551,6692752,+
2011557392,745273889,8776249,7155096,+
1863578881,1512001425,8777811,7948745,+
2099388233,318136930,8778921,7605228,+
2034241601,1369815151,8780616,8427402,+
1915560218,476755369,8784135,5865252,+
1849935792,1033226417,8785790,6197951,+
1814950977,207347264,8789834,2064277,+
1820611521,524960801,8791021,3792179,+
2151852392,1060183937,8797215,8478052,+
1876441913,74810314,8799900,4971261,+
1758242311,864426665,8802396,2970870,+
1566084481,1301776096,8803297,2531708,+
1820833528,510040465,8811824,3441557,+
2277887074,154904537,8815512,8720739,+
1987433234,679731337,8817096,6785943,+
1961155313,1428268625,8820299,8146317,+
1845358705,252733536,8820945,3960278,+
1722491233,1047859729,8826185,3724843,+
1824515233,129123864,8828490,917603,+
2071087913,351886039,8830164,7305060,+
2104392008,995024225,8832211,8059458,+
1993862241,61553080,8840233,6531060,+
1559239754,1361894377,8841159,3792684,+
1680257313,1109656960,8841212,547641,+
1889687296,143367201,8842608,5023673,+
1749665537,911701064,8842651,458394,+
1908711959,1420107673,8844006,7799160,+
2039147593,205083794,8845020,6975111,+
1466144099,1445141917,8849316,2468976,+
1546146341,1483221101,8849599,5360781,+
1743264448,942400705,8850101,29198,+
1830130469,339333197,8850733,2386263,+
1572764201,1328672674,8854065,3082440,+
2029095297,1360024832,8859973,8283290,+
2065075322,544966969,8861466,7275681,+
1833834273,137099864,8862659,529490,+
1822591961,494538535,8862804,1518600,+
1704694963,1068990845,8864706,573432,+
1813204250,603166393,8866656,201741,+
1850997941,48902541,8866867,3560333,+
1888155640,819407313,8871173,5743728,+
1931509201,1164825201,8875881,7126903,+
1888391272,1146438769,8877832,6711421,+
2214432487,1006055369,8877966,8675568,+
1730861937,1146641009,8878049,4681897,+
1836733728,264052849,8878851,7840,+
1867271873,104653752,8878895,4150820,+
1720383041,1423971345,8880115,6477881,+
1768655824,1056784993,8881879,4703780,+
1815596992,1387194177,8882133,7021270,+
1838837633,751320440,8886324,4488991,+
1659100357,1193111149,8888113,2224853,+
1793739761,790104511,8892054,1889604,+
1842201635,237543133,8892324,1887384,+
1865578169,64550697,8894599,3911921,+
1834576744,962939457,8894997,5330458,+
1842649192,245577537,8896202,1667925,+
1613794969,1273312473,8896899,1163105,+
1895055241,180677786,8897322,4831269,+
1747460913,1002636560,8899942,2892001,+
2040531800,620525681,8900448,7042435,+
1692364274,1146972601,8903910,2900055,+
1671996253,1177419205,8904181,2126221,+
1661145313,1279054225,8906753,4423811,+
1625446561,1259866216,8906944,825703,+
1947221648,1178497089,8908084,7223695,+
2151260529,1164284408,8908945,8505926,+
1802177953,765733560,8909031,1251404,+
2088107695,393280001,8909874,7315020,+
1779106457,879705367,8911572,1505070,+
2244082296,919886401,8911851,8716166,+
1814042753,835055144,8912545,3944916,+
1949225249,786578072,8913746,6304323,+
2024695889,1574361032,8914021,8759904,+
2154627153,555040600,8921224,7871643,+
1911675601,1156056016,8922308,6843899,+
1849170866,303235465,8922858,1863885,+
1880565817,737570642,8923305,5165082,+
2247572913,596030225,8925751,8499319,+
1842024392,646177089,8926193,3618728,+
1829138930,612115993,8926467,101184,+
1852037433,154367129,8927201,1492795,+
1877761453,249779797,8929585,4085065,+
1848167369,391924137,8931049,1812437,+
1800782689,857581528,8933485,3171206,+
1962741313,878450824,8936900,6567281,+
1503048789,1440040973,8937625,963959,+
1651080857,1237633834,8941806,1391001,+
1909669224,835756817,8943046,5825303,+
1856655104,51958497,8943938,1067443,+
1832693073,812545024,8947770,4098023,+
1856166848,284043585,8950406,839381,+
1511504005,1437698893,8950807,1578997,+
2215603193,780603682,8953020,8377995,+
1987481698,347099465,8953197,6188766,+
1857669201,273261424,8955030,709415,+
1845018837,568647437,8957171,2289925,+
1631696233,1401178775,8957232,5064816,+
1616734712,1467955697,8958499,5549340,+
1875351528,1379773009,8959328,7260645,+
1518210344,1437536753,8963066,2004465,+
2240447987,916241677,8966484,8631840,+
1910909593,1649168905,8966807,8408303,+
1862861105,119646993,8966947,1038299,+
1863601809,223062097,8968149,1961243,+
1677908073,1204641289,8969345,245091,+
1846902427,571883717,8974470,442494,+
1870153096,43945201,8975804,2661347,+
2171801376,159433841,8977411,7826704,+
1875702161,1381987320,8977847,7236310,+
1969453744,116236417,8978911,5811772,+
1982002325,574838301,8980007,6195155,+
1875985481,1066425,8983715,3067627,+
1867183061,285139101,8985761,1909739,+
2016913312,1041073537,8987525,7279678,+
1982058112,1189899409,8988169,7366538,+
1872038641,580383640,8989240,3879133,+
1965863440,1129364881,8991064,7073045,+
1516025745,1450977568,8991991,1097694,+
1858484481,495336721,8992989,554887,+
2306071507,522108509,8995074,8749056,+
1525563730,1510388873,8996013,4597422,+
1639390880,1567788833,8996861,6428442,+
1532759485,1434911603,8997468,1160382,+
1718281184,1162184433,8997661,3069380,+
1862046314,597897577,8998662,3258627,+
1760351699,1615420717,8999088,7469124,+
2174503433,76403650,9000999,7808988,+
1869282113,327961784,9001968,676465,+
1880630657,133760024,9002913,3029704,+
1841139857,1667577864,9007294,8095927,+
1876947449,495494842,9008136,3495267,+
1873679425,212161216,9008981,669410,+
2264936465,850346088,9010162,8667241,+
1946793184,16853857,9010733,5294882,+
1837679073,757217144,9010765,2627818,+
1748339909,1078145453,9012447,127915,+
1535761080,1446819713,9012511,2701204,+
1859101856,562881905,9013295,1416498,+
1883031656,771168801,9013639,4808524,+
1615249293,1371580325,9014903,3712349,+
1731761045,1121685533,9014983,401139,+
2075113424,614997057,9018766,7107797,+
1584097265,1400015313,9022187,3107341,+
1642483617,1306853744,9023207,2414956,+
1872941441,449165695,9023808,2340900,+
1680035153,1510433455,9024072,6280992,+
2342163361,642223896,9024291,8972522,+
1959807481,1566719786,9025581,8296176,+
1873110117,405962957,9025771,1233905,+
2067584593,544503520,9025829,6972524,+
1554988416,1428696641,9025982,2500139,+
2051865485,342053061,9029303,6713845,+
1874880261,395474941,9031177,173937,+
1905799898,490331977,9032715,4423770,+
1682714141,1241448931,9032856,2131248,+
1793103976,1341394321,9033178,6244553,+
1971437969,508643832,9035831,5794822,+
1698952305,1287527528,9037871,4374394,+
1651090657,1312045264,9041848,2950583,+
1867742160,1433847713,9041891,7260862,+
1834331530,998156633,9042594,4681911,+
1878980617,674914569,9043647,3984661,+
1921906397,1113359237,9047157,6494915,+
1854827481,1217471545,9048511,6204885,+
1962061272,738919697,9049781,5945320,+
2217010728,1043340545,9050498,8541659,+
1635554773,1328507005,9051397,1667641,+
1768701481,1090846946,9053262,3263211,+
1742359336,1126384785,9053547,425620,+
1997014481,89971496,9056738,5930439,+
1767462713,1119918185,9061733,3678843,+
1853049377,733596248,9063790,1721475,+
1836725549,822063557,9064671,687413,+
1842877408,790123329,9064776,574705,+
1680587218,1306594745,9067029,3844968,+
1891138560,97349393,9067436,1459339,+
1693366423,1267969385,9068364,3387324,+
1573093161,1426289801,9076651,1622503,+
1890095681,328365576,9076756,31631,+
1585099425,1410883016,9077540,1017383,+
1934459423,191492929,9077922,4618110,+
2270885848,854490865,9086972,8618141,+
1761506482,1245500393,9089835,4888290,+
1939481557,816201069,9093403,5625717,+
1964619553,1013088720,9094663,6496536,+
1872894257,648877904,9095064,658739,+
1898951893,80859885,9096633,954863,+
1810321717,975758557,9098879,1671725,+
1638833265,1369130048,9100904,3222013,+
1902220073,394062130,9101151,3021048,+
1874036349,661964117,9103021,1502929,+
2037040648,307795809,9105256,6333015,+
1735273601,1243303376,9108776,4027551,+
2312168961,856705025,9118453,8829085,+
2384582993,438298975,9120882,9054996,+
1934965277,640507397,9121003,4921005,+
1984832477,602101157,9121065,5780401,+
1594033877,1540727899,9122604,5287974,+
2034847432,519618577,9123268,6361675,+
1691058611,1282307965,9126978,1511820,+
1871206033,941165505,9130083,4571927,+
2211718776,1083003905,9130625,8466824,+
1687826893,1453899155,9135162,5503506,+
2090817057,659645552,9137770,7039043,+
1817124733,1024344549,9138095,3176559,+
2314855592,320412209,9138931,8596656,+
2037049337,1089520882,9141669,7249620,+
1704293867,1293299269,9147372,3253998,+
1694877873,1287495520,9147716,829779,+
1925063824,125041297,9149897,3356014,+
1563401641,1534242290,9150081,4535220,+
2039950049,1105210737,9155077,7283359,+
1960864272,1829947889,9155372,9027491,+
1663267976,1394292401,9156368,4101357,+
1717902817,1639772808,9157555,7032810,+
1773547001,1607294746,9160632,7200963,+
1983842456,704286881,9167744,5749863,+
1988784309,475952093,9175465,5456059,+
2048355169,1058578048,9175507,7203550,+
1798285640,1083868353,9175697,585808,+
1661714959,1457788577,9175824,4944234,+
2151662992,1018406289,9176201,7916478,+
2202474129,712112968,9177570,7928119,+
1915568721,533237480,9179780,2985637,+
2215130496,296356961,9183082,7843027,+
1666169777,1362823889,9185643,2471843,+
1756292393,1405472985,9192463,5696783,+
1976612261,616365981,9193919,5337751,+
1740784445,1233784773,9196529,595337,+
2276558593,639061144,9198875,8366314,+
1906343513,631488825,9199001,2086019,+
1909905797,601577949,9199709,2153963,+
1872513105,843709568,9200224,1118747,+
1986155105,20177313,9200507,5086733,+
1780371889,1152904257,9200799,1746109,+
1944068520,852042433,9201333,5314798,+
1898347265,867089936,9202021,4238730,+
1694747712,1399566737,9202679,4571570,+
1937780840,208971233,9206988,3160393,+
2036830981,480353531,9207144,6089184,+
1923107953,478843960,9207377,2435338,+
1575975895,1487368073,9208746,1916538,+
1662227825,1476795648,9209098,4992401,+
1838073297,1006790152,9209478,2465785,+
1591348272,1505964017,9214685,3917612,+
1852457917,950624627,9216660,46242,+
1612876217,1528005514,9217884,4828317,+
1922975185,516209176,9226555,1087132,+
1937433832,315236977,9230801,2567050,+
2081975733,480231965,9232301,6576209,+
1948163037,532675669,9232741,4085601,+
1913942665,976503671,9233220,5095812,+
1768917589,1246643613,9233225,3781677,+
1621776713,1454333287,9233520,2919630,+
1837166393,1187041399,9233778,4956780,+
2131043712,539702129,9234691,7114796,+
1964736688,1443187105,9234784,7589159,+
1831628013,1048090085,9235081,2174357,+
2265665649,54697832,9237206,8121169,+
2139221469,643329317,9238249,7256081,+
2148323809,603438112,9241034,7301581,+
1939815937,63852264,9243162,706213,+
1987207537,343757544,9243651,4922684,+
1932672392,608123889,9244253,3446468,+
1637161669,1441729117,9244259,3009691,+
2301270013,201160149,9245733,8361415,+
1961205322,1418166329,9247668,7450941,+
1715458264,1318097361,9248005,2205360,+
2272427831,444051241,9248874,8192562,+
1896785938,791020025,9249159,980034,+
1984763608,464774625,9251718,4933837,+
2070066451,688523549,9252240,6575070,+
1985380157,804559509,9253511,5643803,+
2034955325,515127283,9254574,5919816,+
1943548282,344390057,9255591,2571240,+
1918075121,741644696,9257123,3316872,+
1956552416,346424801,9257478,3696973,+
1962495585,168454736,9257879,3838960,+
1988116832,1548942497,9262064,8057625,+
1952365553,463501800,9263066,3658127,+
2049339297,1577660129,9264671,8477953,+
2041039073,1045375560,9266419,6904006,+
1985471616,80968225,9266745,4614344,+
2210552949,869176637,9269963,7989361,+
1917920218,696129305,9272439,353886,+
1635972925,1632481093,9273281,6043687,+
1772862033,1720867520,9277849,7555534,+
1888786017,876802384,9278706,555283,+
1968392792,682829217,9279257,4800460,+
1910774864,1440751793,9279745,7107174,+
1564348053,1531318285,9279987,1288277,+
1920902897,1012977792,9280285,5162012,+
1987530709,81900957,9282671,4545573,+
1940137051,499343621,9283458,159498,+
1902404901,893615005,9283949,3609075,+
2184991217,743767472,9289137,7634590,+
1583708693,1533561835,9289284,3394044,+
1915380473,759835065,9291773,1842607,+
1793432297,1364847559,9296256,5387346,+
2064505207,208645097,9300690,6034014,+
2138342017,1346394177,9303515,8291517,+
1877695496,1146442545,9303650,5019487,+
1972659401,62722450,9304551,3670200,+
1799703845,1257379533,9305371,4226929,+
1881959714,942995017,9306984,1001367,+
1929383985,865588696,9308088,4243085,+
2073542769,1619235872,9309649,8669578,+
1950095441,1183932216,9310361,6286226,+
1849518880,1085241121,9311320,3061241,+
1570722993,1558257544,9313380,3410477,+
1865800245,1012412941,9315305,1322817,+
2029138913,175535985,9318323,5352121,+
2057940547,63072749,9330012,5808534,+
2124161554,76747577,9330537,6692034,+
1856659224,1057114097,9331246,60977,+
1991414581,14594701,9331307,4215077,+
2131132833,419860600,9331623,6825392,+
2150610297,1239531769,9336491,8075433,+
2088473665,291318081,9338615,6252711,+
1952552803,545596925,9338862,567402,+
2081368189,799553061,9339355,6619395,+
1790869765,1605472763,9339744,6904524,+
1970218505,741235138,9345753,4544052,+
1918642992,962518657,9347871,4225760,+
1874029753,1417453010,9348402,6506313,+
2068499909,17075563,9349110,5898732,+
1952128913,1468462337,9350395,7377135,+
2050330513,1054876264,9351125,6806836,+
1758625921,1624493856,9351894,6750971,+
1829864321,1709337056,9352289,7675812,+
1806014113,1330464289,9355189,4920275,+
1649553856,1470267841,9357344,298961,+
1896598145,950805528,9358559,1823852,+
1825828417,1168187759,9360042,1515444,+
1896276104,1457589777,9361556,6875701,+
2009485261,1230590771,9361596,6923112,+
1886140849,1009510032,9362881,2709594,+
1966104815,1030924993,9365634,5626008,+
2195977761,843046160,9366230,7687747,+
2007724001,91638776,9367954,4450317,+
2143460929,372322608,9367957,6847110,+
1972250769,314170552,9368274,41527,+
1925080805,851566363,9370284,2553612,+
1842660048,1280458385,9373111,5024674,+
1786248728,1264499985,9373486,1100759,+
1879271105,1227044528,9374901,5250526,+
2388490361,604622746,9375342,8845233,+
2008532353,876806680,9378812,5678239,+
2390253479,938137177,9382092,9058668,+
1671391112,1455779169,9383959,212276,+
2124268849,400976337,9385881,6593129,+
1976090648,364024305,9386531,1174844,+
1719830704,1391201137,9391418,847727,+
1657021657,1478512249,9391697,1158859,+
1740481413,1359780845,9392743,1340669,+
1857058834,1301030537,9393972,5349801,+
2060368512,531527969,9396089,5761856,+
2407820656,693232881,9396696,8977699,+
1784182786,1307487881,9396948,3291897,+
2161891872,1757781617,9398620,9377341,+
1838569483,1224304469,9401910,3920658,+
1928285147,1309074469,9403584,6318456,+
1943149945,792127513,9407981,190057,+
1970626641,618053536,9408231,2709422,+
1788341072,1373807409,9409459,4664264,+
2187532224,911449537,9409886,7627509,+
1644038962,1560028169,9410292,4467927,+
1975881337,529408082,9416430,678681,+
2096980867,1374295517,9417618,7928010,+
1618134074,1545686857,9418767,2779692,+
1943500253,811029989,9419865,930481,+
2088019360,248759281,9420764,5936605,+
2193081033,146112425,9424513,7182749,+
1980836543,501456625,9427224,30846,+
1608468841,1552978761,9427483,1658871,+
1697831450,1497279673,9428958,4315233,+
2310943176,1493128801,9430098,9386387,+
2018609025,1696329473,9431783,8488969,+
1967515729,684197872,9435301,1835212,+
1659095344,1560579057,9436047,4578742,+
1917231057,960347137,9437455,759381,+
1834703153,1213351160,9441357,2011768,+
2460879217,219421408,9442640,9134915,+
1794342584,1340463041,9444260,3895185,+
1978011680,604853201,9445660,366651,+
2007031121,653881951,9448116,4459974,+
2017947073,198650400,9449099,3989202,+
2033623834,286166297,9454473,4589562,+
1969493040,713923841,9455231,1810340,+
1998352889,765989218,9455790,4567401,+
2208681885,1109934821,9458365,8020787,+
1591610641,1584701425,9459367,1490135,+
2126084801,1612749201,9460643,8724649,+
2385775768,282043905,9461404,8646207,+
2002006888,194013649,9463630,1794233,+
1828641329,1502153832,9466508,6195763,+
2489793825,110063416,9469342,9273405,+
2030214817,300469432,9469475,4338622,+
2044232977,740819992,9478550,5442583,+
1928609450,973296793,9481932,1871397,+
1921325023,999865889,9483588,1340220,+
2071839441,818414216,9486112,6054853,+
2218718801,1716343160,9486200,9421851,+
2026134017,524021167,9491682,4309920,+
1983358840,817152561,9493210,3876447,+
1898286137,1096024474,9495744,2271021,+
1960718498,1404441865,9496704,6828537,+
1633208224,1627416417,9497321,4799628,+
1961601601,921421041,9499447,3698661,+
2245370882,1059998089,9500931,8127402,+
2063193887,428237377,9503970,5148066,+
2069060104,294819537,9504379,5185788,+
2079557104,370307553,9506035,5443698,+
2120825416,804063505,9506635,6594592,+
2259801761,992349320,9509475,8116454,+
1838350757,1252721757,9509785,288991,+
2149707085,337990213,9511837,6501937,+
1797698608,1463443729,9513220,5239051,+
2053648738,26312489,9513336,4656945,+
2153391823,1638697265,9513912,8871072,+
2514000613,32350269,9515755,9364371,+
1702752072,1498524337,9520255,3055818,+
2022364130,75806761,9520497,2738400,+
2080937221,554613885,9520863,5573305,+
1821303505,1804975896,9528166,7788615,+
1977509704,807972817,9533186,1030841,+
2471613393,1098304424,9537970,9500729,+
2058744745,1433175513,9539439,7629553,+
2023650625,25550328,9541088,741873,+
1755101169,1423796552,9541277,1506224,+
1998542983,733086329,9541932,3051240,+
2012593816,536457825,9546067,1226490,+
1664765136,1547799361,9549044,1642161,+
2046436573,46585045,9552001,3958373,+
2172561881,228459369,9552805,6635645,+
2202289792,1601722449,9554201,8964462,+
2225775953,1197965297,9554985,8149385,+
1954547841,954479936,9555244,711647,+
2516556643,834730445,9555402,9510864,+
1755675681,1480830976,9555897,4231088,+
2002996449,916184176,9557965,4629570,+
2028767449,300481322,9562362,2008713,+
2073721544,121242177,9563542,4852117,+
2038727233,888579120,9564843,5327666,+
2127449009,84176528,9565710,5954047,+
1701891680,1513312353,9570839,1443488,+
2338383105,27846161,9571471,8141435,+
2028462757,369791037,9572615,443319,+
1736441385,1641040553,9577697,5934469,+
2081649629,232934693,9577933,4984605,+
1826660609,1727288952,9578431,7294336,+
1884184160,1328240993,9583742,4941741,+
2096761169,1488578672,9585243,7989896,+
2225914497,288306097,9588545,7140531,+
2164320109,1243150677,9592343,7742241,+
2032148701,643741141,9592549,3720767,+
2033731217,390806144,9593737,258762,+
1835285313,1327995937,9594775,2642625,+
2130747608,30454625,9594938,5883501,+
2132614433,18765264,9594947,5914430,+
2124405437,286400229,9596179,5799413,+
1967919025,1143650928,9596598,5020991,+
2226338968,160395985,9597242,7109959,+
2494958616,942082945,9599040,9420767,+
1633608000,1618674833,9599509,3230732,+
2040174360,44128561,9599565,162928,+
1691925208,1580744865,9603894,4112227,+
2087066561,1187861601,9608071,6883393,+
2411810849,1241022512,9608519,9280128,+
2535335641,130256234,9608700,9390165,+
2225140485,365643773,9610853,7095109,+
2043905520,21547393,9612208,1154337,+
2268835296,1618419265,9613909,9267150,+
1700989121,1646511576,9614014,5386933,+
2475835483,381039269,9614040,9043356,+
2123767105,1849033096,9614059,9261490,+
1989817517,874793733,9615325,471785,+
1870367858,1657077625,9617898,7096569,+
2044039185,293738161,9619597,1258155,+
2034466968,1112511169,9619910,5926389,+
2396366200,1384713841,9620170,9413167,+
2324549027,1496297869,9620496,9257466,+
1939882945,1899263903,9622518,8641974,+
1749331049,1476758777,9622593,509879,+
1955842768,1030639729,9623185,907042,+
1988299418,946979689,9623757,3388170,+
1811395897,1381921994,9625071,129126,+
1966205616,1660567841,9625462,7743997,+
1895594045,1210903733,9626301,174791,+
2322423821,106668261,9627083,7921631,+
2041488781,435467605,9627139,981035,+
1823951201,1473159920,9631725,5066026,+
2054623569,145278728,9632800,2855387,+
2360606906,893872681,9632889,8515464,+
2481844113,92981512,9635895,9036010,+
2091270101,270791661,9640483,4794013,+
1737862017,1516786904,9642032,3122143,+
2037194209,583526448,9644595,996758,+
2103282163,351196685,9644616,5135112,+
2224789024,843347137,9649483,7364722,+
1971650369,1546410432,9649621,7203242,+
2137042784,597487793,9650241,6005090,+
2558770488,207900065,9650467,9483482,+
2089001181,42666661,9655849,4536369,+
2318984065,231835768,9656287,7845592,+
2088126880,676298353,9656701,5176832,+
1751246560,1677573153,9659276,6102393,+
1647727157,1638672749,9660459,3580621,+
1919872781,1808700261,9660623,8089979,+
2248580025,527726041,9663119,7272315,+
2097029448,1255776529,9664680,7055029,+
2354699169,535908592,9664836,8183321,+
1973200538,1079782585,9665823,3819522,+
2059229112,601320929,9670886,3771443,+
2031161265,1319227456,9671039,6626430,+
1884772834,1320635657,9671778,3969789,+
2037682517,709858733,9672685,2837565,+
2027696617,753956809,9675463,1170997,+
2103141218,109240969,9679527,4787880,+
2053407559,519875177,9683958,1427736,+
2132750049,1216201537,9685173,7209163,+
2266556675,954877693,9685968,7805928,+
2435851216,1068624225,9689769,9100000,+
1864270792,1458045889,9690671,5250568,+
2065275109,337298973,9698367,861625,+
1945456837,1143022187,9698430,1747704,+
1745060761,1663627031,9702498,5701104,+
1865008265,1335491753,9702547,1605633,+
2018041480,869788161,9705471,1373680,+
1948883009,1141025217,9709501,378923,+
1875549640,1322674113,9714897,1425752,+
1886906018,1358439145,9715227,4217286,+
1911187897,1570850714,9717453,6636888,+
2200887040,481241793,9722466,6546869,+
2101887440,174725201,9722500,4343643,+
1874268145,1351891368,9726813,3190292,+
1811258113,1601163960,9728082,5747419,+
1930202737,1209528672,9729405,469376,+
2262991965,767771861,9732103,7444205,+
2155719767,225582169,9736272,5683314,+
2066455216,766566145,9737755,4102042,+
2120479520,1139102433,9738893,6701462,+
2104997733,689199389,9741655,5046671,+
2010082201,1048689506,9743937,4017354,+
1975493681,1093535136,9744178,1169311,+
2257258232,68575569,9746836,7054309,+
2284276178,666995785,9747066,7515261,+
2004759218,991159945,9747657,1289472,+
1938548920,1216495633,9748457,2712034,+
1995458383,1035322289,9749628,2111520,+
2454244243,1411986845,9750168,9618822,+
2069220784,563200113,9750255,861074,+
2340527873,657015600,9751361,7983968,+
2014276232,977718209,9752604,2790511,+
2099350066,1708002905,9755220,8483181,+
2306767489,405460657,9758261,7564217,+
2072033117,567852309,9758989,1720393,+
2350172240,14894081,9759039,7907740,+
1844113193,1607356425,9760363,6060167,+
2087592016,153196785,9766180,1447581,+
2085586969,364037522,9766758,2132913,+
1750691937,1551371312,9766846,274925,+
1732361504,1584540033,9767626,2942405,+
2083024577,422742744,9769681,1387708,+
2095801442,441519049,9769737,3669732,+
2222666208,1432285585,9772599,8322634,+
1716635137,1638881584,9772958,4288613,+
2278259888,876766865,9775928,7616811,+
2348702449,297779472,9776368,7875933,+
2028306367,963664289,9777282,3169854,+
2074887017,1135946962,9777423,5957340,+
1932860109,1244525957,9780007,127067,+
2317508227,41751773,9785010,7567590,+
2339298528,891916705,9786151,8116224,+
1947710337,1281260872,9787845,4209974,+
2067412401,969823496,9789608,4873427,+
1838076477,1440664357,9790885,1808307,+
2127843549,1051304453,9793801,6320455,+
2116487017,348388377,9800783,4149585,+
2302905200,1413447953,9803019,8727572,+
2223525640,156556033,9807679,6462728,+
1995950741,1142705981,9809417,3685227,+
2078051333,742206749,9809575,3328359,+
2123082434,384781273,9809967,4372290,+
2416192777,1097881874,9814944,8855241,+
2101018777,238636874,9816996,700293,+
2092056432,907305809,9817852,4974053,+
1951618225,1758031633,9818713,7731143,+
2440556520,1179137713,9818976,9107731,+
2066981221,797426925,9820545,2462941,+
2150136365,1764638693,9822819,8846737,+
2066966705,785994321,9824287,981535,+
2063488129,838648552,9824348,2788447,+
2162038449,1035240448,9826305,6595786,+
2097623281,458528776,9826993,722186,+
1956612945,1227450976,9830460,999451,+
1742617136,1595343489,9833950,327355,+
2414172897,360532304,9837974,8301709,+
2258226360,1882310113,9838394,9689907,+
2424765912,1051863457,9838844,8819175,+
2000305008,1110589505,9839509,618218,+
2340776753,332703744,9840050,7684513,+
1959388312,1237460449,9846067,2090054,+
2261885971,1840887581,9854826,9567432,+
2471627065,1001282306,9861177,9029250,+
2190914425,164399498,9864606,5694783,+
1942742281,1289050826,9864753,1452888,+
2025396304,1073968977,9865428,2941723,+
2110080608,571135745,9871103,3054204,+
2123526176,926774321,9872876,5432013,+
2108656433,530340080,9873218,2183391,+
2114452808,380649585,9874193,1256738,+
2012862353,1365030320,9874308,5876053,+
2003042664,1148675617,9875224,2546247,+
2025056744,1067115617,9877674,398419,+
2172377325,1784431733,9878453,8948221,+
1704725329,1672423007,9880854,3162132,+
2654922944,112896417,9882077,9787946,+
1796411698,1573978025,9882111,3555768,+
1786985229,1595866021,9883245,3892825,+
2129089729,1810765896,9884015,8817360,+
1711009265,1655967776,9884175,1526218,+
2154546265,853046793,9887337,5713183,+
2116968304,440892273,9887805,1944496,+
2252843581,217408501,9891281,6577717,+
1861438821,1470232541,9891631,2714713,+
2480928081,266391041,9891883,8694511,+
2142380065,446419128,9892002,4316291,+
2298730552,106694497,9892454,7121005,+
2279314401,1915876096,9892578,9819379,+
2061874344,967159297,9892938,3095333,+
1942300369,1538494657,9894181,6101071,+
1913943169,1549864272,9898309,5803794,+
1921846169,1357492937,9898437,29707,+
2096446625,940897968,9898996,4592857,+
2181228264,326927857,9902193,5315338,+
1853959355,1552312693,9903096,4716726,+
2127402561,176113064,9907100,671375,+
2115114609,576004817,9908963,1888603,+
2099288813,752763669,9917315,1480979,+
1961961393,1286594600,9919039,1162886,+
2528272225,675368833,9919769,9076273,+
1808759873,1556002784,9920256,471985,+
2173857969,557607568,9924150,5226623,+
2133090505,407593538,9927789,2773446,+
1998223153,1292219344,9927859,4532240,+
2110134593,690134625,9928369,1675991,+
2145647450,254838553,9929271,3635142,+
2030400896,1106521281,9930038,1206923,+
2139727649,114714792,9939502,2481469,+
1975416169,1272295737,9941383,853761,+
1979791387,1262693909,9941568,1484778,+
2135244449,399331087,9949284,631386,+
1815839273,1770334855,9950556,6451158,+
2131644151,568142441,9951378,2811198,+
2338326817,33972544,9952864,7383929,+
2359528312,1299117009,9953209,8617506,+
2636288208,441748129,9953565,9627974,+
2156576176,149777745,9953632,3839835,+
2162146175,1520443873,9956706,7848642,+
2264292768,447165745,9958848,6569011,+
2383310680,1319835073,9963808,8794031,+
2153067629,1000269317,9967317,5774497,+
2107263805,801861093,9967359,1309519,+
2540717488,639153249,9968280,9076969,+
1992112877,1607404867,9969558,6833100,+
2064577952,1028072097,9971555,594122,+
2173746169,99500903,9973038,4414350,+
2125235224,665824657,9973408,312469,+
1934308296,1387807121,9973628,1978027,+
1935826745,1385530978,9978471,225894,+
2140183442,490027417,9979920,884349,+
2391073581,1052107541,9980363,8372251,+
2167071607,842870249,9981558,5398506,+
2428249952,779922497,9982897,8349720,+
2538553405,1361607141,9986385,9723169,+
2136866240,665196993,9989356,3115409,+
1911982869,1654896893,9991495,6280427,+
2042159493,1137865405,9993087,2045719,+
2079376432,1022607489,9995724,2964959,+
1989531400,1655905041,9999300,7012619,+
1976922529,1534264512,9999782,6048861,+
2109146501,877138461,10000897,2708207,+
1873903481,1519412050,10000998,3027225,+
2179592072,528130769,10001288,4720581,+
2341224129,608107832,10003258,7428341,+
1973965898,1324235977,10003380,736575,+
2677101505,787180801,10007485,9909851,+
2158935189,24924557,10011083,2071373,+
2021787784,1463547841,10011200,6066385,+
2072634265,1047610178,10011414,1663263,+
2264503752,763034689,10011599,6695832,+
2215568233,212830825,10011743,5380741,+
2624294138,819899545,10012233,9623082,+
2268113345,77299896,10017041,6324620,+
1730818645,1717657261,10017671,3672385,+
1804116517,1613618029,10018063,1032227,+
2379517840,595631361,10020978,7746085,+
2178828869,923055547,10024368,5668128,+
2231445329,991433647,10024656,6676236,+
2345168840,712187873,10024947,7497038,+
2034750895,1187852033,10024992,270102,+
1821252040,1598344033,10026104,2101079,+
2125682128,818750929,10033285,2114552,+
2239578688,1236649425,10038394,7382151,+
2040019905,1201393793,10039783,2826841,+
2519806945,729157408,10039991,8882876,+
2216626912,645597889,10044782,5595083,+
1912022488,1474492689,10045160,1930827,+
2080148845,1057086453,10045209,19639,+
1996651267,1470421757,10046004,5557380,+
2408470481,78398336,10047994,7839993,+
2412021737,1081480169,10048561,8451531,+
1861529041,1632470616,10051129,4939134,+
2057404664,1253920497,10051727,4660718,+
2169033048,315717569,10052555,2219018,+
1848387072,1820537329,10053021,6797672,+
2136840696,785695825,10059175,1339338,+
2122944056,877389521,10059636,1271941,+
2314970577,961767064,10062116,7428411,+
1799293233,1643769200,10062314,1966817,+
1999467232,1440044497,10069127,5144570,+
2436391104,568705057,10072854,8122051,+
2104966209,1057113392,10074709,3788354,+
1845222218,1606653289,10075545,3339576,+
1905900593,1503176064,10078943,484330,+
2312061184,883510017,10080549,7223714,+
2087667169,1203009672,10082062,4746381,+
1993043241,1349793241,10087221,2179837,+
2117569761,1142119216,10091154,4981069,+
1961190369,1415770832,10093897,603844,+
2210435224,384599457,10098018,4629277,+
2579611473,1089579920,10102043,9470636,+
2349026337,185020784,10103162,7105469,+
2243678873,412378330,10103307,5544948,+
1923031377,1508034497,10103695,3307771,+
1900699032,1533321937,10104290,2629383,+
2328146776,971955121,10104934,7468351,+
1960302257,1799973368,10105005,7362340,+
2462082625,458581288,10106356,8230543,+
2114376353,997185864,10109219,7970,+
2039364113,1266216864,10113205,2676164,+
2190885440,491201601,10113920,3617201,+
2003472392,1447432257,10114255,4968272,+
2314756936,495236161,10123883,6703514,+
1987161057,1935050584,10126583,8224968,+
2413260792,838275889,10127393,8013678,+
2194855664,56896497,10136116,2059229,+
2059153969,1612603713,10136215,6976203,+
2616041114,957031993,10139199,9519270,+
2109221345,1060988888,10140766,1296141,+
2333358545,1239289328,10141639,7966962,+
2274124753,107146800,10144709,5849364,+
2012608621,1350491461,10145107,2169127,+
1943850177,1874629552,10145745,7600436,+
1907249825,1544122848,10150994,1141469,+
1773087401,1754790730,10154574,4309875,+
1938774121,1819531946,10158009,7184484,+
1821818827,1664214677,10160070,511386,+
2337487577,99075367,10161360,6778656,+
2459089725,82738373,10161923,8053843,+
2491814529,1564097392,10165974,9634949,+
2193794897,507802424,10166172,1663589,+
2201786145,217576688,10166692,890951,+
2182589565,860089813,10167177,4318453,+
2357664289,632241472,10169731,7182658,+
2216924029,228737893,10169995,3807133,+
2181673658,1042758169,10172280,5336181,+
1977841144,1438413297,10172721,1428382,+
2098242144,1137620753,10172905,730538,+
2194495957,546342349,10175443,1817077,+
1864698241,1633818280,10183094,3099205,+
2156496433,1959932584,10184086,9081055,+
1977563032,1851906897,10184160,7595173,+
2207990099,72368557,10184364,1609776,+
2336612529,1760653096,10185300,9291475,+
2019512413,1878364835,10185456,8002476,+
2386536481,1301121336,10187271,8419436,+
2070435611,1348095301,10191186,4816914,+
2218424722,625730249,10192518,4386333,+
2094729769,1366801257,10193163,5551039,+
2011744080,1858256833,10193327,7831944,+
2500600285,1443781763,10193394,9412626,+
2482068704,628553537,10197956,8290383,+
2462568953,579391690,10201377,8096838,+
2230664309,1487686973,10201425,7725269,+
1845261643,1662651365,10202688,2569806,+
2158725696,920147041,10203058,1128813,+
2280869768,1000381169,10205580,6703261,+
2212734833,251519640,10206019,37352,+
1763701325,1751419733,10206731,1548627,+
2352952129,1112230048,10208290,7715221,+
2140234081,1018384031,10208328,359424,+
2522506064,781200833,10209630,8674571,+
2474448097,979963153,10210865,8500525,+
2411789640,853590833,10212356,7837811,+
2169318321,1323190120,10212609,6370910,+
1864814049,1747592192,10213282,5539187,+
1781321249,1736674608,10214909,1251250,+
2211326609,460401288,10220260,753899,+
1974683000,1542178113,10221041,4615712,+
2240479432,315062769,10223133,4340872,+
2506023625,418171161,10227347,8353965,+
1880515537,1708795569,10235709,5074507,+
2299711433,389671735,10237188,5932368,+
2307591621,1502134525,10237515,8276741,+
2222987905,115304448,10238021,667266,+
2201281873,1389917680,10238887,6970978,+
1782749089,1780749952,10243654,4168669,+
2399516536,1918467265,10246028,9963695,+
2274368193,762271760,10246102,5868811,+
2409873256,18704481,10246364,7384023,+
2186239105,839059176,10250470,95493,+
2226143824,306387153,10251990,1941049,+
2000166872,1449718929,10252489,167342,+
1891527701,1749561021,10252597,5724247,+
2131707017,1155776074,10252719,3667464,+
2676070768,1114152049,10252945,9871678,+
2023528072,1503601617,10255941,4992580,+
1848124432,1683016689,10259421,957772,+
2234993161,305521106,10263624,3128631,+
2655479701,956438171,10263894,9602448,+
2453322369,1790974417,10266051,9847369,+
2263831568,28898705,10266896,4707093,+
2238494672,268028849,10267137,3336334,+
1795587064,1746518977,10267786,1146059,+
2190686961,929239760,10269071,3737950,+
1953640528,1544309745,10273329,853694,+
2030728465,1462561393,10274209,4356481,+
2212216721,695332065,10275215,1981363,+
2230352275,376488653,10275414,650538,+
2214050664,825172097,10278232,3995873,+
2236431026,105849241,10283796,1262877,+
2347466353,1695049120,10286191,9017198,+
2270997881,403263321,10288499,4892999,+
2063134241,1770951521,10288577,7480161,+
1996069104,1534803937,10290761,4336332,+
1810257479,1743354217,10294074,1126776,+
1931830169,1609136457,10294297,3475567,+
2437992161,1115515855,10295904,8254170,+
2754478801,971503576,10296377,10141066,+
2174968641,1629789185,10297081,7622215,+
2325385553,1813437535,10297164,9241866,+
1959778529,1812819583,10297350,6880326,+
2446670433,530382289,10297945,7718571,+
1983158629,1513617373,10299625,1931071,+
1984742649,1509043337,10299913,302777,+
2364680815,1457261633,10301442,8432364,+
2177211658,1072006169,10308645,4013808,+
2442685416,1441955921,10311418,8897753,+
1807359961,1757450066,10315248,1781037,+
2264952178,266532425,10315836,4208487,+
2263213561,476678210,10317303,4385490,+
1822235808,1742150785,10319007,97784,+
2249193203,282690109,10319820,2771454,+
2146183761,1641822401,10321219,7377959,+
2213290037,2206847117,10321365,10059739,+
2595213997,1460493237,10322757,9804205,+
1919576263,1624904249,10324644,719520,+
2235856049,651939377,10331039,2815977,+
2363655569,2016823152,10331662,10003721,+
2106031377,1541140024,10333673,6322986,+
2381943368,808759985,10333677,7168264,+
2397339441,1246761536,10334126,8103007,+
2264331469,1367628613,10338985,7235803,+
2240248177,574755184,10339183,1544714,+
2127967797,1267356349,10343133,3880601,+
2214339865,1006451498,10343274,4558023,+
2412588176,1234378305,10345226,8176405,+
2348916712,617437377,10351791,6432580,+
1822951415,1766084281,10353750,2938764,+
2270949393,214331624,10354025,3888046,+
1825510985,1823693698,10358733,5019558,+
2323259121,847545400,10359440,6355491,+
2254014945,407266273,10359901,494277,+
2142456961,1214486736,10360484,3191007,+
2326099433,432119865,10363331,5800627,+
2309481201,90207536,10364047,5286718,+
2237369896,1255000081,10365176,6357749,+
2321640013,1185344805,10365669,7164143,+
2138836688,1223288945,10366211,2867928,+
2259007477,396268269,10366901,2512227,+
2059345680,1662752401,10369801,6483750,+
1903758137,1672248439,10372662,365784,+
2363154216,676695281,10372687,6628726,+
2254661221,486759371,10372848,126822,+
2163074599,1133604233,10372962,608100,+
2258251834,1163610041,10374015,6233490,+
1984779538,1806430889,10377990,6780411,+
1998125301,1561184381,10379699,3637577,+
2192880425,1360150663,10382076,6163458,+
2076203809,1477227297,10383363,4841477,+
2262576237,360789637,10384485,923471,+
2034606608,1738310945,10384953,6724028,+
2279902024,391975137,10386258,4069171,+
2345578901,399006125,10394265,5999407,+
2315344405,29566381,10394455,5213023,+
2274868657,662293089,10396719,4412773,+
2284562737,169066367,10399452,3904290,+
2766761026,309982745,10407699,9866340,+
2286076921,515094050,10408188,4320885,+
1977638897,1589326184,10411236,233309,+
2271757704,334815697,10414023,68606,+
2042479849,1508151722,10418034,3616413,+
2212539841,1225866736,10419409,5457536,+
2280789481,1890981769,10419865,9093605,+
2688766049,1097677688,10426583,9724380,+
2272224373,510553739,10427484,2543400,+
2168105275,1185106373,10430976,2043564,+
2437357704,1775597921,10432045,9525890,+
2452520168,261257265,10435297,7345426,+
2280537937,73794817,10435345,1283477,+
2161844433,1210055825,10438451,1291763,+
2194025482,1726367417,10440090,7865103,+
2283980983,1513430345,10442964,7684956,+
2281404912,268090577,10443040,556741,+
2444011233,875910784,10445502,7616845,+
2342909069,73585317,10446211,5556503,+
2272524792,1538636209,10447361,7672626,+
2259290015,736011793,10451274,271428,+
2398142209,736393288,10453093,6888730,+
1861547089,1769587872,10457241,2414978,+
2433191909,97032523,10457742,7032480,+
2696647080,37962113,10465951,9340492,+
1873962413,1759219795,10469052,1898772,+
2176657560,1561609681,10470214,6771975,+
2257238801,880543040,10473226,3511785,+
2027073809,1553071697,10476389,2325813,+
2312761745,211738008,10476442,4274377,+
2290915813,1214534605,10477231,6481643,+
2715749971,667968221,10481304,9532986,+
2359145729,436087232,10481601,5814272,+
2303572561,471333064,10482370,3995545,+
2130012369,1804296832,10483698,7668359,+
2152864465,1284423528,10487429,636108,+
1890971313,1784124064,10487935,4298598,+
2016459505,1933043848,10488989,7589668,+
2362769681,155980760,10493323,5719620,+
2143407409,1316396872,10494241,30398,+
1901152465,1780834848,10496724,4413061,+
2071018617,1874390857,10501653,7582445,+
2316438209,469905872,10504542,4347979,+
2161240848,1472367569,10508426,5749625,+
2189107264,1699757217,10510656,7519463,+
2156960960,1294577633,10510733,254286,+
2326460001,866152096,10511108,5671977,+
2818378801,255068080,10511155,10048868,+
2668177937,1002689112,10512260,9395147,+
2165525762,1274000377,10513545,1505238,+
2322814274,1430205193,10515246,7540125,+
1962983146,1673602601,10515396,2238921,+
2595738808,63606865,10518322,8512103,+
2369400443,927903925,10518894,6565488,+
2416043417,269275927,10518990,6584208,+
2400819541,1119740605,10520615,7395467,+
2450788281,1489132841,10521563,8714507,+
2546431418,785773609,10521750,8297859,+
2844296000,487170513,10523143,10209206,+
2667745097,223478002,10524828,9056295,+
2055595945,1683690458,10525794,5865789,+
2305665672,775009249,10527177,4583204,+
2301298832,523763409,10529273,2516878,+
1993159272,1643148017,10532420,2641763,+
2656951045,1722855693,10532827,10369623,+
2769684657,1018583137,10535183,9996165,+
2290312657,826292224,10536071,3996538,+
2247918001,1104293656,10536082,4422911,+
2673187213,1607389029,10542309,10218545,+
1894940224,1771874817,10543589,1734894,+
2312534185,126511058,10545906,57477,+
2427289096,710457265,10546238,6916865,+
2104248421,1770510205,10546445,7068091,+
2752467088,2856129,10547695,9594912,+
2394648269,1959162677,10550733,9701917,+
2316412157,1367335109,10558937,7109937,+
2064582713,1536876569,10558947,473335,+
1855636417,1823437224,10562232,1606609,+
2428455885,260851861,10566129,6580495,+
2191710885,1506129533,10568443,6191491,+
2278559705,996284578,10572003,4252044,+
2158318267,1353309509,10573992,2366592,+
2157224344,1923235713,10575422,8255355,+
2323036915,434785853,10575618,3234468,+
2513616417,202251904,10578429,7617842,+
2348147797,225151389,10578619,4567983,+
2136229160,1413770001,10579510,2617751,+
2315515569,534650872,10582143,2296522,+
2212677233,1211668280,10582269,2908136,+
2102057169,1482676648,10583776,175035,+
2203358376,1401398401,10586143,5462232,+
2434063601,1200188976,10586383,7740478,+
2666524280,737810081,10588970,9077277,+
2648363601,46397921,10591889,8797117,+
2238126730,1132637321,10595025,2819412,+
2586906791,599802121,10596594,8374716,+
2322683920,519797121,10599120,2664737,+
2645587581,1492548901,10608081,9787967,+
2276236437,960424813,10611485,551475,+
2487222096,471266881,10611972,7280369,+
2117449040,1635451073,10612728,5864209,+
1986067625,1873563513,10614241,6437959,+
2352151394,239418793,10614255,4276464,+
2215241521,1271035800,10616115,3862288,+
2333793041,322623416,10617653,2444616,+
2207386529,1252801128,10620310,549923,+
2324443992,706712849,10620578,3707479,+
2478361825,570203008,10621171,7196554,+
2125416925,1623443781,10625139,5804405,+
2112562141,1921680805,10626265,7838081,+
2288730601,944565191,10626678,2985336,+
2293579609,893419607,10630698,1618704,+
2237529178,1279864745,10635006,4743747,+
2340215185,221870608,10642258,504073,+
2313681145,763038313,10642751,215369,+
2343128225,37862671,10647312,1889010,+
2310506840,813730113,10649314,1860203,+
2555275137,259277104,10650824,7868511,+
2358829981,571908981,10651717,4576887,+
2345653985,310938753,10656157,2540093,+
2361999769,964031978,10656312,5859045,+
2485488065,1079584016,10657044,7806575,+
2121179665,1510864368,10662219,2883212,+
2349640353,997803520,10663944,5669479,+
1936914871,1789068281,10665882,2677824,+
2018800617,1784673689,10671521,5541601,+
2409457408,1308543217,10678415,7536530,+
2086247345,1578012368,10679418,1230271,+
2255280373,1187442539,10679850,3413862,+
2128173661,2078968965,10681903,8652465,+
2355961773,736538005,10682063,4621497,+
2673045877,1901827149,10682857,10668447,+
2388191553,148486480,10685934,4918123,+
2351447560,729209233,10688888,4281493,+
2382413885,1979017941,10689433,9520885,+
2442451805,772352693,10690209,6663283,+
2693453261,611886739,10691430,9048390,+
2358174353,22828560,10692916,2522773,+
2358046913,608218184,10699230,3904693,+
2358379777,171119592,10702683,1024370,+
2007102625,1717830768,10703139,2367298,+
2499932545,2169152536,10703654,10616635,+
2190727681,1386492016,10704037,2679082,+
2567673041,263900016,10708103,7850962,+
2837883065,969980633,10710227,10149033,+
2205120613,1346567949,10711455,159317,+
2253737105,1750804248,10714858,7763831,+
2291897057,1059889464,10715756,2577911,+
2699906264,113492657,10716264,8977133,+
2227740329,1293650242,10722219,1384746,+
2358001800,521665841,10723231,2353750,+
2194781184,1520730673,10723706,5422815,+
2360059821,521445541,10729513,2412267,+
2358144329,545449113,10733765,1078763,+
1956529981,1821183781,10734521,3984343,+
2315523416,967573361,10737873,2265266,+
2439020829,889937957,10740251,6608971,+
2860817225,686206903,10740444,10105704,+
2915407525,413069963,10744692,10360518,+
2591938993,960539304,10747090,8391681,+
2477203337,1271862034,10747128,7911849,+
2590172017,1867415272,10749487,10131730,+
2485255853,1120478469,10753415,7627763,+
2927796944,929706513,10757878,10575145,+
2341456921,870320546,10757901,3178644,+
2326557601,1091668656,10760093,4703502,+
2498409553,632310129,10760725,7028211,+
2449435049,894152873,10762725,6681377,+
2430175265,125739608,10763238,5527357,+
2708155072,622832737,10764457,9039460,+
2395790912,158333169,10768931,4183648,+
2370283355,522029221,10769160,1728816,+
2363893089,783685768,10770668,3907095,+
2699979329,1098498512,10772472,9318863,+
2643503377,538956544,10772713,8476154,+
2068287648,1666323185,10773742,1098481,+
2334024584,913280753,10774479,51370,+
2347150337,1524930024,10775461,7397834,+
2341923539,885376093,10775832,2723850,+
2647424371,288638141,10780182,8439972,+
2006238289,1999716792,10783952,7104411,+
2310216048,1583601329,10784147,7258640,+
2121476144,1815341073,10785001,6688210,+
2109557121,1606371176,10785733,90586,+
2426871429,336099277,10787913,5297291,+
2274971256,1211374561,10788012,1633591,+
2958734695,959941193,10789698,10725348,+
2515997664,1252484257,10794232,8105241,+
2427198864,932031761,10795240,6252235,+
2416194746,849259801,10796439,5799558,+
2245025768,1766170145,10797914,7538877,+
2602417648,2080304785,10797973,10684724,+
2339128344,1143370097,10798063,5140342,+
2678462537,1008060034,10798122,9028557,+
2386821009,111548513,10798799,503635,+
2365078639,724986257,10800996,816372,+
2777235160,119794881,10802955,9398602,+
2388456897,90268784,10804213,559298,+
2455556429,1047732693,10805395,6943531,+
2423834533,623694779,10808070,5378718,+
2343194000,1036860833,10808413,4271226,+
2567766629,630139677,10811969,7699993,+
2235734865,1492915408,10812007,5379162,+
2348133409,916934472,10813501,2587974,+
2085197000,1680387393,10818319,3267688,+
2119284041,2031920626,10818969,8053632,+
2030819434,1812513737,10824069,4956366,+
2501094193,859313920,10827722,7095649,+
2404493000,1634455521,10828087,8199980,+
2394698616,258303185,10828219,1216400,+
2829724849,444421297,10828387,9739459,+
2472536641,165921640,10829294,6080725,+
2404706408,2183101569,10831355,10133894,+
2396554089,20131817,10831547,130049,+
2382550337,1475636552,10833010,7379691,+
2736260821,915483995,10833630,9299484,+
2405180128,113820225,10834731,3405122,+
2407279265,404294136,10834915,3913546,+
2495806953,345719065,10835063,6518439,+
2402647673,9063634,10836606,2986215,+
1965133665,1838390128,10838807,854868,+
2842842072,1003903889,10842682,10041161,+
2971194785,301652193,10843073,10559711,+
2386510609,809948928,10843404,4157045,+
1948344497,1888056128,10846370,4113855,+
2332705293,1053403765,10849823,1471239,+
2389274285,657135283,10853274,2631234,+
2776289736,115062881,10853996,9312727,+
2570525697,279412817,10862459,7452385,+
2412416833,257790400,10862548,3402319,+
2433130919,1815371353,10867920,8957088,+
2050836865,1756909656,10869435,3085514,+
2438964041,1073881065,10870355,6498881,+
2442615728,708062289,10871717,5564380,+
2691117505,354392848,10872434,8635253,+
2579671800,552842561,10874447,7608980,+
2484611221,86913661,10874989,6064001,+
2406485489,448909272,10882781,272756,+
2245951897,1839178154,10883232,7703259,+
2411698825,170817938,10883808,155799,+
2014333576,1804770705,10887607,259050,+
2407284305,515234208,10894439,178606,+
2502024224,1576183937,10895272,8606817,+
2116901761,1684754400,10896546,3613445,+
2350337821,1120655171,10898514,4100622,+
3032720408,27900609,10902575,10831436,+
2306093889,2233280872,10904052,9811151,+
2552578357,1344542509,10907023,8370929,+
2394382669,1083548533,10909067,5377925,+
2564317153,1643318824,10913549,9183890,+
2184778785,1682406721,10918205,5595363,+
2061119561,1825354210,10921290,4972947,+
2040045937,1827817024,10921873,4377962,+
2621301893,1098790829,10928817,8439275,+
2474882769,36772856,10929605,5460440,+
2427579977,247079529,10931107,2568433,+
2885741065,1112468858,10934076,10267713,+
2468396857,568687559,10936092,5507568,+
2427348226,455887625,10939293,2955210,+
2051453737,1787993594,10941972,1969479,+
2423875337,1312915913,10943865,6816845,+
2474272929,79157696,10944220,5321255,+
2089199440,1960127473,10944739,6925832,+
2700853736,765036801,10945381,8725738,+
2315104975,1260597473,10949406,2483256,+
2432091922,56150777,10951815,416022,+
2747638705,180963568,10955552,8924461,+
2119998781,1865571781,10955963,6337381,+
2319615816,2186285105,10958444,9604685,+
2407816513,797388720,10959759,2492288,+
2074698000,1775243233,10961783,3048264,+
2805850517,1467970029,10964291,10194611,+
2719364656,651538065,10966452,8772715,+
2446976520,150766273,10966698,3715957,+
2448378625,603597696,10969766,4516635,+
2016761729,1854186367,10972896,2993556,+
2281586185,1419725161,10975097,3893755,+
2317215169,1309391032,10976542,3614603,+
2503994825,1224166713,10977601,7408481,+
2601546033,1933105640,10978847,10074778,+
2289753249,1362631777,10980001,784929,+
2014431921,1861846241,10981807,3028229,+
2535295985,284088943,10982982,6484878,+
2293983457,2239424584,10983428,9671561,+
2637635825,1110499656,10984675,8475548,+
2275322400,1412172913,10985238,2400209,+
2164929449,1661360647,10985508,3602382,+
2450186097,163251944,10989649,3362654,+
2213193440,1761317873,10993412,6420003,+
2202147936,1640836145,10994360,4695053,+
2548741087,490002209,10996008,6732684,+
2647379080,2128022433,10996716,10792601,+
2168824392,1683789089,11000488,4268281,+
2338554122,1733490649,11000778,7609623,+
2239394977,1600855432,11003770,5091101,+
2055921829,1814972397,11005179,625879,+
2259387193,1463659682,11005275,728700,+
2245320224,1590582897,11005309,5096216,+
2451584893,975736645,11006119,5609359,+
2472156341,492213835,11011260,4791144,+
2965412669,765177331,11014260,10424190,+
2515640569,664211207,11017152,6203112,+
3010748832,356132737,11019131,10593390,+
2266309040,1461443393,11022522,683093,+
2177565817,1722087194,11023197,5083236,+
2218741985,1955891121,11024741,7762895,+
2705203465,1260411673,11025487,9154153,+
2323199329,1310930872,11028004,1029353,+
2335904109,1269766517,11028173,1092101,+
2170895057,1913441167,11028654,7029990,+
2705226953,311830505,11032603,8414217,+
2468781362,2182913017,11034852,10151835,+
2390580338,1516165465,11038611,6924828,+
2042709264,1853597057,11040688,2402849,+
2464228696,231722385,11041545,3259234,+
2594847464,557011713,11042020,7260289,+
2060622957,1831499909,11044579,1917977,+
2667228225,2031104368,11046833,10565688,+
2433007992,790230337,11047339,1015770,+
2271751793,1526250960,11048776,4406653,+
2698642929,1941289777,11049273,10480321,+
2623862145,1444615648,11051551,8859852,+
2834851117,207525477,11051667,9419615,+
2233953041,1558769040,11052670,1885783,+
2476280537,694602514,11052909,4938612,+
2640104065,102045743,11058804,7661982,+
2411220520,982857793,11058923,1821686,+
2433795217,1133819224,11059081,5501002,+
2224395453,1955201909,11060521,7699645,+
2454425761,569482456,11060566,1458787,+
2449326369,720354352,11079303,135712,+
2383006181,1155030221,11080321,271131,+
2710893643,1366188005,11080368,9274422,+
2471218749,125863957,11084031,160867,+
2308415793,1431507904,11088000,3305267,+
2267680744,1559024881,11091805,4211680,+
2416853176,1015630161,11096549,1323228,+
2480075073,496550552,11096680,3825905,+
2891150256,268609601,11096911,9745976,+
2473480369,352095352,11097791,1683854,+
2058203721,1956547001,11098243,5675659,+
2475482017,176483304,11098983,608428,+
2873767037,103815859,11099532,9617646,+
2644035272,1123375569,11103884,8279867,+
2669653459,1601279117,11106858,9431994,+
2478623977,93179097,11108665,716871,+
2271996969,1526345417,11112871,2391611,+
2444196803,887367325,11119662,1863186,+
2295005457,1542195857,11121463,4624495,+
2421227113,1083726025,11121539,3600079,+
2549851057,9599169,11123337,5969323,+
2316270917,1423989149,11124331,734973,+
2369143073,1527831104,11124925,6270978,+
2799192487,266701577,11131812,9012150,+
2461114105,1060794218,11131968,5223597,+
2137353169,1776197848,11132935,1567318,+
2565450397,850640579,11135058,6790902,+
2160710520,1796815681,11139290,4709589,+
2787492593,861468080,11142326,9109071,+
2485028497,407866792,11142362,436855,+
2506003176,862293985,11144382,5557645,+
2494634113,18354815,11151228,2802864,+
2499658321,1325883856,11152793,7055374,+
2709177275,1420335781,11153730,9234798,+
2492384249,272022658,11158263,950550,+
2466767345,808025496,11164690,110513,+
2903991633,1255203992,11167975,10220470,+
2656000981,237272445,11168011,7517385,+
2890601461,250670125,11168429,9632725,+
2670034417,957621672,11173310,8110641,+
2533672913,153831504,11180741,5032300,+
2657310325,702684493,11180857,7682321,+
2660759051,239246581,11181588,7532304,+
2542769929,2109860162,11181657,10049736,+
3142173089,397358408,11181846,11149405,+
2704427881,2147731346,11183823,10885812,+
2545398009,605245577,11185717,5703773,+
3035943593,173287865,11185819,10537941,+
2465844281,896637321,11186629,2710333,+
2940435904,1684557457,11188726,10979447,+
2071681889,1893773568,11189207,1709560,+
2267691873,1698119377,11190465,5441075,+
2520920285,335616643,11196738,4298742,+
2513106089,217473463,11199090,3512598,+
2357419585,1710078768,11205638,6951531,+
2515460474,243493513,11206692,3546975,+
2643019279,1234972577,11207076,8222694,+
2302204145,1585383128,11209187,4471836,+
2187214729,1749654002,11211252,2143479,+
2500462921,562705401,11213353,1104279,+
2650479137,403901664,11215417,7315232,+
2717027941,1229516685,11216325,8833681,+
2509325813,396444525,11220259,1915691,+
2429390256,1157042641,11221767,2325014,+
2786647008,1477687265,11221886,9742067,+
2852377149,1998371557,11222657,11126223,+
2841668200,1831064833,11225896,10719679,+
2514486165,73368653,11228701,1103243,+
2209973273,1767489369,11235895,4407157,+
2269981224,1627689713,11239594,2662705,+
2442676066,2297751545,11244930,10174569,+
2526233345,1433937648,11245802,7447451,+
2545299617,666802929,11247257,5291299,+
2579474376,634774241,11249417,6121324,+
2276508826,1615631705,11249490,486393,+
2289026344,1645857457,11251027,4548788,+
2523165857,3620287,11252010,2412606,+
2438469432,1155225329,11253856,1030109,+
2466024625,1296899248,11259016,5770003,+
2317271952,1648693057,11260495,5394276,+
2398315297,1325331599,11263644,2278326,+
2504559689,743396887,11267058,1567818,+
2460521025,1079072848,11269461,2205874,+
2502741913,799378185,11274291,2348387,+
2726393288,2246767409,11276280,11146957,+
2531750736,234376801,11276488,2906217,+
2328138721,1541472736,11280781,3060242,+
3179979880,77303601,11281332,11239795,+
2489369621,918329181,11281879,872467,+
2279155331,1652660701,11283906,3446094,+
2501670473,825884409,11285183,726895,+
2383037368,2115913665,11285457,9075896,+
2531193545,180673306,11285589,1084650,+
2998583569,120099912,11285877,10180108,+
2492371176,911283121,11288508,897427,+
2276850456,1681134481,11289207,4202846,+
2642571953,1194842864,11289555,7910044,+
2460739681,1220887096,11289908,4665047,+
2296592057,1607400329,11291553,1780751,+
2637290113,506422545,11295147,6845761,+
2594973665,994530168,11295796,6831049,+
2527166365,1053236421,11296225,5658687,+
2537428385,251854351,11300076,2634090,+
2243206312,1892050449,11302758,6458921,+
2551294840,186070033,11302837,4133668,+
2055898521,1969075241,11303213,1006933,+
2543880329,1586282023,11303430,8016204,+
2724076025,1741603433,11309577,9776833,+
2538090737,1002873464,11313501,5589344,+
2543369889,405480737,11316073,3318953,+
3071160321,135220336,11319461,10584774,+
2501225985,918790913,11320541,283637,+
2437756225,1358891856,11321877,4874750,+
2378629045,1444566781,11323085,2416327,+
2562193633,915410704,11325875,5801582,+
2391781373,2173263715,11326122,9303234,+
2552906753,1228830720,11332187,6689414,+
2207126201,1982064010,11332401,6725490,+
2376285273,1456604009,11334983,1031495,+
2944064875,1117510133,11337654,10096146,+
2324530397,2112237907,11339298,8592720,+
2276510570,1680315913,11340939,366222,+
2635175981,612833445,11346373,6649625,+
2451880520,1344891233,11348013,4926274,+
2543169057,952806568,11348820,5189255,+
2597206073,21945802,11350275,5511240,+
2668594738,2234919785,11350728,10792623,+
2630492592,71685857,11351860,6320521,+
3053210767,907033889,11351922,10595232,+
2278234073,1984877177,11352375,7422685,+
2581829873,473865600,11353423,5145926,+
2234928525,2078748373,11354867,7703781,+
2117917537,1926861064,11358122,1834477,+
2337099957,1572428429,11359897,295343,+
2765540769,1369385857,11359899,9168443,+
2775945121,92804879,11360100,8296350,+
2691172433,725337744,11361115,7528156,+
2433165769,1499304338,11363628,5759385,+
2522741287,1920624089,11368776,8956392,+
2616526829,455682933,11379625,5932601,+
2944590621,1455822661,11379909,10432621,+
2737517736,80523185,11380522,7820735,+
2984337649,1402215072,11380932,10586269,+
2653097769,1155160537,11382369,7653439,+
2960517616,1921860705,11382483,11292310,+
2174922647,1884744649,11384982,3674694,+
2328988656,1754567761,11386836,5913179,+
3091913042,490062937,11387361,10649310,+
2581682760,352607713,11391092,4511049,+
2490492623,1133123809,11397942,2233860,+
2637160125,2367254501,11402443,11011475,+
2628489677,524630789,11403371,6111369,+
2198066949,1848240157,11406243,1620773,+
2703910061,573342595,11409072,7409250,+
2521213953,1333782224,11409215,6175732,+
2345063624,1594624977,11410363,390508,+
2598893786,443545945,11411154,5115975,+
2613295617,1014764177,11413945,6619133,+
2575066477,448923587,11415180,3692562,+
2336233449,1617976537,11415851,1317651,+
2466282385,1262655528,11418837,1892348,+
2567288969,1308294082,11419719,6812172,+
2514559157,1045595229,11419993,2420021,+
2741803712,303158129,11425533,7744844,+
2387750232,1913519569,11427678,7727417,+
2543921457,936316064,11428184,3880243,+
2167881184,1961331457,11429954,5079077,+
2166867153,2115718120,11433852,7108613,+
2593661087,609311329,11434332,4907448,+
2630586824,1124868801,11434805,7092290,+
2339109329,1912008512,11436613,7195404,+
2547069537,1256382424,11440062,6094061,+
2408884785,1795975496,11440991,7166170,+
2295084761,1717504471,11444538,795828,+
2458308977,1320980864,11445117,1292596,+
2751333353,744932314,11447319,7986660,+
2664806650,345889721,11448045,6503184,+
2584889825,124250088,11448616,3111287,+
2458820957,1323629779,11449374,808728,+
2128144136,1972301441,11451408,3269279,+
2538492525,946112981,11452511,1166345,+
2446659457,1651491312,11452833,6641360,+
2610660293,1910771805,11455489,9321073,+
2945935442,1632471433,11457705,10612140,+
2351812153,1621006754,11462373,1502820,+
2305858345,1714492631,11464800,2190648,+
2456710241,1362038431,11465892,2898552,+
2583173721,368165641,11466447,434393,+
2599631817,624663289,11467009,4780017,+
2263639209,1788706313,11471999,1125005,+
2307301097,1714856962,11472543,1263720,+
2190683221,1989186779,11474070,5694300,+
2110779425,2047495448,11476541,5030022,+
2789426829,141791957,11477561,8122711,+
2635236377,512468119,11477682,5732952,+
2902855805,327807093,11479849,9188621,+
2868825201,575002016,11480849,8953742,+
2566137096,1133196881,11485979,5549456,+
3140818449,85565632,11488698,10791593,+
2578957105,653570808,11490144,1140173,+
3004918353,1907551504,11493180,11355173,+
2244172029,1832018533,11493595,150093,+
3139430161,981605376,11498391,10955942,+
2614234282,1002685097,11498664,6108585,+
2309583005,1739836613,11503739,2927379,+
2418476237,1502864227,11507916,1163850,+
2245135601,1839720024,11508785,27110,+
2498237649,1253525152,11508876,2046853,+
2591369832,996295489,11509903,5383728,+
2546233681,1129617760,11513302,4410265,+
2605264017,1974244144,11517444,9392149,+
2563607976,928238321,11518307,2609188,+
3098677202,957185929,11523159,10677588,+
3095971241,1511048105,11523845,11156031,+
2340279953,1693515295,11530092,897246,+
2194204113,1936971512,11534330,3386105,+
2609065649,1124982168,11535622,6198785,+
2185987907,1944343789,11535672,3065346,+
2600871297,1531852817,11537555,7674313,+
2328572449,1723256207,11537982,2146536,+
2449943089,2286258033,11538153,9721585,+
2495256320,1333541633,11538497,3674328,+
2369805981,1750078421,11542009,5510173,+
2086665489,2081949968,11543830,4330601,+
2621739101,870681091,11545314,5497278,+
2158836169,1990154282,11548212,3548961,+
2669613313,26177704,11548955,5929466,+
2611987312,211815409,11551517,2216816,+
2146758704,1993863857,11551597,1934832,+
2626211579,353421157,11552598,4309302,+
2583062581,1470761101,11557441,7122871,+
2616345377,848010384,11559751,5074316,+
2734776473,389971570,11560836,7174557,+
2745080081,623041856,11563594,7429737,+
2915000440,680833953,11565539,9209262,+
2509437136,1380545761,11567113,4802332,+
2948445249,921052897,11567267,9604749,+
2574172027,948456629,11568144,1229082,+
2633814257,318343944,11569726,4429199,+
2617553264,306330417,11571028,2465549,+
2920544914,76509977,11572278,9139569,+
2609053633,888119344,11574865,4754008,+
2504403701,1316948045,11578245,2136107,+
2615429329,513481312,11584391,2031122,+
3085552520,753458913,11587094,10417651,+
2623491205,315829821,11587825,2756391,+
2623088945,256124096,11591565,1838684,+
3112067469,984721333,11592305,10685433,+
3040226201,237067306,11594958,10009767,+
3283626191,281687521,11596614,11475552,+
2431391249,2017088888,11597708,8185035,+
2807201729,1026444312,11599598,8450443,+
2624686208,437400705,11599739,2786906,+
2638010369,1317434192,11601228,7092673,+
2712150801,1657679824,11603330,8936535,+
2620261217,1844766799,11603946,8850972,+
2927320989,1041175637,11604121,9481373,+
2713558933,1364124059,11604510,8137464,+
2287871281,1833346511,11604564,1292904,+
2531943113,2084609335,11606064,9194304,+
2615524634,784457737,11607327,3865536,+
2542784193,1932565960,11609364,8609327,+
3241309393,353473224,11612871,11231110,+
3026201553,1251088720,11615111,10349034,+
2653705985,434417503,11616378,4866606,+
2599840568,891629025,11616631,2904416,+
2114638689,2061221936,11616950,987245,+
2706108881,1678224881,11621333,8910387,+
2901206745,1192974713,11622047,9419611,+
2327004469,1782798587,11625492,981198,+
2244415025,1913705976,11629832,2144525,+
2560177249,1979554032,11632764,8882857,+
2799592601,1255984546,11633748,8652819,+
3231024792,944154817,11637474,11287115,+
2982377305,249133706,11641515,9508848,+
2393777301,1744456301,11643151,5045449,+
2639655211,140230661,11643942,1898148,+
2246927680,1929031281,11647764,3280445,+
2638707677,334656149,11648289,813589,+
2593851050,1772820313,11655558,8220951,+
2264886328,1963683169,11658985,5167012,+
2649035473,140602065,11659011,3270707,+
2580285032,1281090593,11664470,5266755,+
2222004421,1964830381,11666713,2331011,+
2546046705,2131845896,11667235,9356288,+
2703226873,745166930,11667384,6360453,+
2691316042,993678329,11668632,6633357,+
2214255297,2012459752,11668753,4649400,+
2529148593,1338891760,11669104,2455443,+
2303124497,1852024224,11670121,2138114,+
2531923009,1340836008,11673820,2893839,+
3129210465,579859616,11675680,10520983,+
2660454177,895610672,11676547,5566390,+
2630859784,737238097,11677894,1874471,+
2633131537,1785797104,11679307,8550364,+
2434937441,1692672000,11679895,5098808,+
2542048152,2179547473,11682100,9503205,+
2488633232,1478700449,11685492,150631,+
2661481765,711391821,11687625,4849037,+
2840118145,579989713,11688613,8162113,+
3100943216,1475019345,11690606,10944665,+
2600944952,1038698817,11696369,665960,+
2818027178,59341465,11696601,7779018,+
3160708513,1583491345,11697013,11389337,+
2847911609,296525266,11697540,8145045,+
2650428301,555394341,11699391,2723237,+
2132394133,2084170125,11701563,831293,+
2267243405,1929362213,11704997,2845377,+
2670361649,1282371608,11705375,6982734,+
2355367888,1884363505,11707933,5578324,+
2689803168,58344545,11708947,5077726,+
2342721765,2153530093,11710209,7972867,+
2230409321,1996382791,11716422,3797868,+
2816636589,1805084597,11717141,9840803,+
2704818569,612145282,11721987,5807898,+
2708387209,437567282,11722584,5715063,+
2669293544,481861457,11722777,3959238,+
2753370305,238551048,11722918,6688139,+
2663610221,198049941,11725927,526177,+
2677885117,136125299,11731482,4032588,+
2577072329,1224373042,11732448,1309959,+
3106081665,428357888,11732606,10263557,+
2725509808,2282520369,11742733,10703220,+
2756279816,1202363825,11745558,7770305,+
2600580160,1314996961,11745929,5362340,+
2675289320,661837073,11746839,4462774,+
2260901889,1988236352,11753714,4266341,+
2668712561,1272896696,11754574,6669039,+
2198890445,2176264291,11754756,6555510,+
2672104632,335280929,11757194,1728259,+
2639519641,928264665,11758617,2916325,+
2326687449,2109918217,11762379,7304347,+
2654531904,763926497,11763443,1250434,+
2679814408,1613283825,11766474,8086159,+
3033562241,751578000,11769055,9781892,+
2698134184,1207557217,11769394,6860819,+
2958435413,393833179,11770938,9066420,+
3214301936,1247760465,11771170,11238553,+
2440658608,2121084145,11773327,8353006,+
2799883405,551358613,11773979,7338077,+
2718876216,118100081,11774066,5450351,+
2386768265,1923583353,11777231,6197903,+
3337365367,978398009,11778558,11719008,+
2539046641,1539955816,11780387,5252896,+
2967256793,806360650,11786712,9258933,+
2502019752,1539860737,11786725,1916634,+
2716155864,558340993,11788255,5479968,+
2788100081,286167105,11788795,6986473,+
2459566349,2169441813,11789375,8716081,+
2747114241,220822336,11790496,6135231,+
2401169408,1763999825,11791226,1323609,+
3002325905,611162888,11791659,9445012,+
2685099577,10833849,11792439,2135339,+
2567119010,1354681993,11798553,2244168,+
2472638929,1621836792,11799291,824264,+
2758373473,1761422040,11799942,9168083,+
2728211509,1626785197,11800777,8499463,+
3137468368,705681105,11802006,10430137,+
2413063313,2111601905,11802409,7983687,+
2182220165,2086294061,11802535,2875053,+
2728715393,1114076024,11806495,6902472,+
2661744353,2340906680,11808894,10518221,+
2429452337,1752272712,11810335,4029746,+
2598634594,1249998137,11811036,2530917,+
2750033282,949690777,11815032,6823155,+
2572588009,1893511367,11820768,8093214,+
2195416152,2076143809,11821662,71243,+
2692966656,295474561,11823483,1891682,+
2828785586,151392361,11824203,7457022,+
2831078953,1214846855,11830008,8365878,+
2783383880,1324092081,11831315,8093336,+
2692019081,671422786,11833977,3758772,+
2203607765,2076890813,11836713,2318587,+
2571644537,2518525927,11840070,10744962,+
2824373552,1867426929,11841169,9841982,+
2199151949,2161748613,11841683,5725615,+
2984946073,1546676985,11848753,10143237,+
2592015560,1337690193,11863463,343094,+
2934312693,902470109,11865665,8865341,+
2364456752,2052454769,11868846,6704687,+
2652495777,1367660744,11870836,6076007,+
2649987840,1358129233,11871717,5947264,+
2625172345,1222809513,11873211,2610629,+
2708417920,193284673,11873414,576149,+
2709493309,127337507,11876178,583698,+
2900709458,1146246265,11877669,8804652,+
3213762224,827225217,11877694,10849339,+
2711534495,1496829793,11881716,7613256,+
2733417161,322764706,11882622,4775373,+
2460587361,2035992856,11883817,7632024,+
2257105448,2038547105,11887328,1232409,+
2876185261,2257460901,11892177,11121139,+
2714687725,200774373,11894157,412111,+
2396561616,1849334081,11903588,1856207,+
2730920453,900870797,11903655,5651435,+
2387813821,2043133365,11904945,6734213,+
2714836313,477811114,11908725,1569852,+
2262477601,2047697896,11908861,2712406,+
2400445185,1854725048,11912831,2912308,+
2615102992,1313804049,11913884,1469301,+
2438628586,1806340601,11914623,3952314,+
2901482483,2290760509,11914848,11298090,+
2824565952,1959784609,11917056,9973223,+
2359537040,1919685153,11923267,701078,+
2714656513,1064821440,11925096,5608639,+
2733877001,720561130,11927307,4884570,+
3046824753,967125872,11931880,9718195,+
2726144537,335782039,11936148,415254,+
2822480629,307833707,11937078,6856182,+
2865613473,702179024,11937955,7728386,+
2729192800,290538913,11943139,1634546,+
2353495493,1940830029,11943145,954533,+
2819168792,370411169,11943911,6774096,+
2736283488,899269249,11944540,5413983,+
2722346881,1241892001,11949563,6422629,+
3393401291,319984741,11950488,11695878,+
2917130913,2108215760,11958542,10827299,+
2699452573,951527029,11964847,2490275,+
2786100581,1056370075,11965164,6932160,+
2525422193,1999741584,11967680,7740541,+
2615519681,1984715936,11971032,8481233,+
2911210753,2415820480,11972386,11619163,+
2833921483,142953365,11973066,6857982,+
3398388665,757024546,11973966,11759865,+
2568788712,1542151889,11974343,2771158,+
2665996545,1222055248,11975131,3802542,+
2448850537,1807235954,11978538,117429,+
2679485989,1106155067,11978838,1026906,+
2946617217,1826448224,11980802,10258181,+
2587093209,1489701497,11983397,418783,+
2293288557,2103856229,11984087,5227381,+
2659524760,1324969393,11985218,4735871,+
2732147287,974468009,11985468,5114172,+
2734935289,722102402,11985564,3746859,+
3177669152,1656797409,11987021,11244754,+
2503184617,1819904642,11990625,5680368,+
2218641295,2180314913,11991648,4964346,+
2308404665,2044131658,11992872,3530979,+
2703375585,1021705888,11995462,3301491,+
2606488733,1835698579,11996124,7512150,+
2935274597,352785403,11996130,8246430,+
2412463617,2172025144,11997694,7728357,+
2705552561,1017167016,11997976,3409043,+
2770780097,769020032,11999115,5618914,+
2428390989,1858398437,11999411,1611353,+
2628517856,1415796641,12000768,4005209,+
2804679712,525073857,12002095,6177744,+
2746451923,473116205,12002676,2870364,+
2950486329,365596937,12004471,8395063,+
2901562504,1032843121,12007310,8299055,+
2907800584,23492433,12009336,7844005,+
2897652945,1801947608,12011129,9838046,+
2834755931,1246659541,12011436,7903542,+
2733280648,752878225,12015893,855652,+
2891790424,1360068097,12019711,8736496,+
2805012945,110088536,12020165,5880404,+
2894609776,1057544961,12023846,8206107,+
2744335513,622822850,12025119,486882,+
2778040320,782254513,12025261,5633328,+
2348105474,1998056473,12025380,1830573,+
2753880575,661539073,12026928,3983484,+
2738874001,723360721,12027103,187447,+
2949838304,1205350913,12035365,8957466,+
2829714184,40360753,12037325,6386096,+
2658679721,1301157154,12037365,832770,+
2871551016,697201745,12037669,7412860,+
2757610032,470661409,12040057,2783208,+
2858419705,1003334378,12042492,7598547,+
2777238641,142500751,12044424,4412592,+
2488741979,1799632597,12044538,3749868,+
2566081681,1651136200,12047927,4259630,+
2788462034,144499177,12051759,4925724,+
2689279848,1183844945,12051941,1832296,+
2670771464,1277098977,12054473,2074012,+
2972176985,465799138,12054882,8507631,+
2571166849,1680732808,12055030,5003141,+
2347697625,2015216761,12055375,1238421,+
2882609042,1216911577,12056385,8247306,+
3023637837,133508357,12057685,8981783,+
2749414113,1479968384,12059785,7321124,+
2715349441,1060397416,12067409,1631704,+
2496540353,1812313905,12070213,4116473,+
2647599017,1434262279,12073806,4010304,+
2908011568,1500941185,12076613,9048106,+
2786046625,456205536,12084195,4461722,+
2704111941,2225549245,12087181,9859875,+
3431221417,186525369,12087201,11749481,+
2831963155,2114706413,12087384,10199616,+
2521484360,1786315793,12088843,4398696,+
2471869309,1908539397,12088889,5140191,+
2226709288,2178177729,12090059,1745790,+
2774214160,511666593,12090268,3296103,+
2414393976,1961585521,12091537,3960618,+
3190834568,1518271425,12092107,10993622,+
2836356413,506926709,12092407,6291075,+
2776337545,282347303,12096354,1883844,+
2310278049,2211937288,12100656,6432985,+
3048321768,258061265,12102518,9110521,+
2780080513,235285800,12109006,506757,+
2742050920,962583873,12110292,439631,+
3262828537,327355689,12112523,10728171,+
2859085489,1516985352,12112767,8546678,+
2386560319,2234533313,12114696,7527180,+
2765915786,2076380665,12117471,9616530,+
2592249056,2042828241,12119216,8131451,+
2445246629,1988891227,12122544,5465076,+
2777994609,560921137,12123927,1733489,+
2786507253,75982205,12127567,1473403,+
2848791449,135765898,12127815,6211386,+
2613140944,2227390657,12128459,9229502,+
2726103361,1299920721,12129173,5339199,+
2885297153,242199680,12129194,6992421,+
2756459109,1093318253,12131179,4934665,+
2727556872,1492982609,12132574,6646951,+
2539382785,1744444128,12134808,161279,+
2473648496,2055847841,12135494,6798813,+
3085534784,787098417,12137569,9504406,+
2752915497,1106881289,12138379,4752359,+
2787307351,833406041,12141504,4733814,+
2425217681,2067736760,12141560,6087339,+
2393297905,2086417473,12141819,5702167,+
2916805241,541986586,12143793,7536882,+
2892695609,420551337,12143839,7093111,+
2795585024,417141953,12144126,3614155,+
2791548261,33187181,12144623,45203,+
2571553489,1689080232,12145098,2861767,+
2800283992,367795969,12147611,3907654,+
2921170617,2448124777,12148217,11553825,+
2334664369,2086411552,12151804,1256659,+
3124066537,393377282,12151908,9670305,+
2712316865,1256593688,12160879,2863548,+
2791817552,672293409,12162941,3655582,+
2784994337,855920049,12163117,4298297,+
2739722161,1636551816,12166048,7425363,+
2755685152,1013887249,12169129,2489326,+
2799511320,121833121,12169241,1843200,+
2544540200,1778887473,12169966,3601697,+
2858022305,1850667168,12173452,9374311,+
2671958258,1562391289,12175590,5497497,+
2629070233,2585666025,12183069,10764811,+
2949082597,1676338669,12185459,9548081,+
2856223378,715809689,12186006,6340305,+
2560619025,1742749648,12186647,2256162,+
2743985072,1940272289,12186979,8766534,+
2704162465,1884411256,12189310,8139811,+
3172920761,665801625,12189425,10040171,+
2779237727,1873693009,12190698,8786208,+
2725779661,1247791621,12193381,3077369,+
3035562193,592562145,12195333,8823113,+
2397339381,2030224621,12197643,1780451,+
3081744817,1119676944,12198079,9610902,+
2559934856,1904011361,12198498,6260371,+
2806538837,347639789,12199281,454457,+
2985613665,1234431728,12199426,8925101,+
2744248177,2332831992,12203331,10283840,+
2847917184,201080657,12204812,5504741,+
2691486465,1392755633,12206233,777589,+
2799001216,1388814721,12206303,7005176,+
2577906209,1721169272,12210617,271272,+
2766818264,1477381457,12214631,6805914,+
3352907171,935467405,12218310,11286216,+
3197411904,2263882177,12219723,12178054,+
2487758777,1904893687,12221334,396060,+
2561325232,1881800529,12224726,5802471,+
2638609088,1630991729,12225216,4392515,+
2532039769,1835383922,12236031,90234,+
2390631009,2064479312,12240211,1962698,+
2818937947,1073922053,12240270,5875470,+
2909952833,817625745,12243637,7218799,+
2819569970,607623001,12247440,3439251,+
2794607602,1324936217,12249219,6362040,+
3289894447,1063249457,12252198,10930590,+
2815731976,610069825,12254320,888049,+
2817122193,588034400,12255607,842546,+
3163049312,607996049,12260041,9814398,+
2796308194,902707817,12260961,1092372,+
2474449673,1976139175,12266082,3897048,+
2944956989,446926757,12266417,7394961,+
2796207425,951754256,12267605,2958102,+
3051663545,1843621673,12270913,10469079,+
2383471433,2098666329,12273355,3103243,+
3463523937,329865952,12273990,11723309,+
2984946081,1079325400,12274723,8472090,+
2817713002,700220489,12275826,1518693,+
2934448553,1220578450,12276474,8131899,+
2781785249,2339508737,12276781,10381347,+
2787549048,1307621249,12277936,5850335,+
2830939469,479179973,12280205,2736993,+
2825900569,695278322,12280926,3533679,+
3266559136,1449861121,12281332,11094977,+
2877698273,1829561624,12281736,9212105,+
3187980205,1129532853,12285953,10254369,+
3312438005,496706333,12289563,10810199,+
2721071906,1394615881,12290502,2543661,+
3234518210,526844041,12292506,10276605,+
2838562213,251399037,12297945,1936025,+
2439639713,2032935775,12299628,2453364,+
2867302344,1080520657,12306084,6602939,+
2951113277,479402179,12307488,7317516,+
2847123848,217584705,12311074,3297323,+
2523960305,1937833056,12312448,4397795,+
2949554464,462769873,12312784,7258555,+
2741089169,1898560568,12313323,8167880,+
3106440383,258695329,12314070,9147174,+
2818471664,1035532337,12314207,4740858,+
2343408045,2218414453,12315129,5293369,+
2923282129,554759208,12316357,6802440,+
2699013057,1604289032,12318716,5254255,+
2443622305,2044057336,12319304,3156775,+
2837568760,779457201,12323440,4005651,+
2844673888,412197585,12324869,1977132,+
2962282897,1744012624,12325118,9522569,+
2797798409,2059927833,12327311,9321065,+
2523312832,1915498417,12327550,243329,+
3377157856,1669464801,12333036,11897207,+
2973559865,217991801,12338175,7478899,+
2892294673,897696865,12338933,6457367,+
2966708145,827986328,12350893,7641032,+
2402921317,2246460107,12350946,6637740,+
2331037361,2237684911,12356022,4869654,+
2994073121,869046200,12357241,8040180,+
2842636769,724614392,12358861,2132646,+
3106788789,1104224317,12359177,9457773,+
2850730826,577253785,12362745,186474,+
2844585729,712296488,12364709,1472450,+
3163853645,705778773,12365459,9641653,+
2879794322,474042457,12366198,4957215,+
2816863521,1016783456,12368054,1291517,+
2647277111,1697323561,12373626,846738,+
3314309633,613015800,12373906,10717339,+
3186188480,1726848833,12376213,10884126,+
3186577072,1067259937,12380551,10019660,+
2901534393,356537129,12382483,5572435,+
2866551377,468196064,12384474,3398951,+
2659529233,1680686280,12389016,515701,+
2891472565,2339595421,12389105,10763437,+
2909484165,156583981,12389275,5722623,+
2690748225,1621695776,12392120,3579407,+
2874244445,173724213,12398393,3311819,+
2863529689,659726042,12401829,3248976,+
2419620512,2120279889,12401893,2532692,+
3189471701,2437000365,12402901,12348875,+
2651167592,2277796689,12409127,9060914,+
2990894384,2015604273,12409892,10293325,+
2860612520,1470588881,12409977,7319770,+
2611052962,1876582937,12414579,5061060,+
2842395104,1027364417,12420303,3981544,+
2538872785,2502904408,12426617,9515686,+
2878645897,456021369,12429991,2965431,+
2860178893,827859205,12434957,2730097,+
2586858064,1879058817,12438753,1593532,+
2797911281,1359616616,12445392,4543139,+
2823490471,1163800841,12446346,3061524,+
3352293121,566668600,12448385,10846612,+
3065807017,685038167,12450432,8454180,+
2933633729,2755583232,12454709,12193906,+
2663526288,2330322305,12458932,9292319,+
2723733632,2084864049,12460112,8477453,+
2615019553,2111395240,12465466,7491389,+
2943424529,840487368,12467275,6632756,+
2851638400,994567233,12467791,1753824,+
2691498649,2019727058,12472560,7711491,+
2889034360,447507873,12472874,643677,+
2746039144,1913265937,12473333,7694036,+
2423325289,2223484682,12473757,5642934,+
2832283161,2194691401,12476971,9755301,+
2821424041,1245898970,12488967,2847480,+
2938222749,339028037,12490021,5717869,+
3495844473,791844425,12490451,11721877,+
3080411785,1766962178,12492522,10096317,+
2457259055,2216587393,12498732,6031854,+
2859584840,2073893153,12499652,9425337,+
2900759911,315739721,12503052,1148382,+
2794179456,2636221601,12503257,11193148,+
2466574375,2312327993,12503406,7357038,+
3234577985,162015648,12504661,9845326,+
3407066801,1638628976,12506848,11814291,+
3240864557,674458949,12508107,9967039,+
2772834088,2011107409,12513920,8379493,+
2905856386,249733001,12517698,300477,+
2630687184,1861042273,12525033,2533040,+
3227395555,730308941,12525306,9844920,+
2615739688,1928590129,12526387,4604720,+
3006442417,1248424392,12526860,8188307,+
2712787168,1761256449,12532197,5252030,+
2730019235,2376885181,12533286,9767010,+
3142506557,59023829,12536881,8919741,+
2905561874,571505497,12538284,1146291,+
3374984816,1109248785,12543056,11077045,+
2918169145,130056146,12544830,3047913,+
3017657625,2160345353,12547303,10631681,+
2708963098,2170601129,12548580,8536647,+
3053530881,1900717336,12549804,10130561,+
2695627233,1777645024,12552141,4417910,+
2501797192,2441128129,12552593,8563624,+
2668003985,2060937528,12554923,7337912,+
2467238229,2228447677,12554963,5932737,+
2706716689,1721958817,12557257,2909371,+
2362953539,2271134653,12559344,2285820,+
2710309849,1715956103,12559350,2999382,+
2637209929,2286526082,12561054,8572851,+
2825204289,1589605832,12561832,6388913,+
2659934081,2357840095,12564402,9149130,+
2847497881,1231841865,12568977,398105,+
3120773303,1096189945,12568998,9065316,+
2448090753,2344718480,12573194,7121029,+
3021174009,1259913577,12577427,8213517,+
2932102737,1530908752,12578280,7832987,+
2866913736,1140756241,12580363,697452,+
2933507368,78429345,12591719,3209712,+
2918451261,1801433941,12594999,8626843,+
2923167943,605608505,12599448,219348,+
2707682049,1788767152,12599909,4388694,+
2789013392,1523773857,12603485,243622,+
3282718801,622445680,12606476,10088795,+
2705855776,1786992081,12606597,4016512,+
2855789937,1255005688,12606750,1701935,+
2762112464,1650735857,12607119,4193602,+
3179622641,64276736,12610392,9100253,+
2452544017,2446685424,12614724,7990091,+
3633394701,312409781,12617317,12268267,+
3538627841,1765555016,12617868,12506623,+
2621725909,2017089693,12619905,5419637,+
2955331429,451922557,12620551,4808329,+
2400007537,2303246577,12622987,5056155,+
3625478176,417927921,12625757,12222216,+
2941056616,352850961,12633047,1910358,+
3126545576,693669825,12633410,8581643,+
2943528353,509152865,12635651,3467499,+
3401869457,2059256168,12636470,12261495,+
2929608205,2295993973,12638321,10407959,+
2396704391,2302018345,12638508,4610670,+
2725734240,1806052993,12641346,4959557,+
2935339298,703361305,12642564,3100749,+
2938937520,666128513,12647227,3125822,+
2986053153,199492624,12650365,5655426,+
3139258993,632813375,12656778,8622876,+
2508021936,2389389841,12658357,7821468,+
3080129777,1453025249,12660327,9012877,+
2961850013,156425925,12661207,4122233,+
3543864877,324657107,12661500,11715924,+
2990617889,734302712,12664416,6137863,+
2411233513,2278929049,12665285,3333581,+
2934252993,954166120,12665924,4460271,+
3513657541,1840764731,12671952,12424656,+
2969655401,599686121,12678203,4882497,+
2967508608,1117268945,12678688,6408443,+
3509112409,1565383417,12678961,12067157,+
2773169601,2528404696,12679692,10387439,+
2840649537,1431214624,12680036,1246641,+
2914404109,1033830947,12681006,250572,+
3130218344,418880337,12682139,8356244,+
2949424745,637788921,12688063,109385,+
3264153529,253256937,12690037,9702453,+
2657069297,2427487329,12690761,9187331,+
3573809801,1091612201,12691757,12037857,+
2593340761,2042296151,12693072,1176174,+
3213366225,133995128,12695018,9214457,+
2374299634,2329077497,12698907,1914876,+
2904589917,1172890549,12699081,3249989,+
2693489313,1863622000,12699856,661401,+
3341176989,1571712197,12701791,11094847,+
3058034289,1173475408,12702225,8041022,+
2997292736,337793121,12705581,5485258,+
3143659296,693751121,12707111,8543854,+
2412786643,2405216045,12707232,6590604,+
3048175001,1189078450,12708990,7910001,+
3134027507,1295686669,12709836,9101784,+
2908645537,1255463952,12710685,4691638,+
2942415665,2709052176,12711905,11778118,+
3229505265,1115684096,12715805,9720316,+
3006354153,611437097,12716995,5941895,+
3536927960,354660641,12718919,11602380,+
2942810864,934852977,12722164,3205763,+
3260132117,584991549,12722579,9644047,+
2975682969,362583833,12727325,3541681,+
2896061041,2154037296,12732294,9458641,+
2660021641,1988150210,12733635,4441206,+
3040499536,883324065,12733721,7075080,+
3066927225,643760633,12735019,7281961,+
3082928589,110928037,12743049,7359731,+
2912667072,1472646689,12747907,6217598,+
2589357173,2219329805,12751371,6562091,+
3120045721,1074972361,12751837,8480803,+
2979588461,212686805,12754105,1130703,+
2929239297,1630631569,12757461,7389377,+
2639102392,2224032289,12760061,7320386,+
2998629056,565250721,12769136,4860313,+
3449382217,1831376954,12771654,11976981,+
2737683673,1855666730,12773964,4101099,+
3024601955,40320973,12774972,5672766,+
2982042568,612928705,12777802,3084277,+
3407128253,1200805795,12778626,10995774,+
3011897880,175894753,12780576,5043401,+
3695551336,753153681,12781961,12473178,+
2526762904,2198922721,12790520,819575,+
2990783465,279781831,12791664,602250,+
2991970056,409167601,12792648,2896093,+
2879587536,1525506545,12797020,4968029,+
2735619729,1989110728,12797648,6242475,+
2783088945,1742127616,12798858,1780705,+
3214678777,1206811874,12799401,9498546,+
2966828049,903385208,12800920,682763,+
2977586368,2059478289,12801410,9538857,+
3335110365,414632981,12802127,10075685,+
2728433891,1976305741,12805392,5812758,+
2635123979,2136351013,12806520,5823366,+
3137920816,2297251825,12817306,11252465,+
3033448752,296273089,12823848,5469713,+
2632286353,2069372680,12829397,1760992,+
2626182545,2086765928,12830101,3181224,+
3395886669,1088063797,12833223,10744289,+
2902230578,1601869705,12834114,6143859,+
2729812933,1930527069,12835965,4445819,+
3180346714,1332676313,12837030,9268377,+
3018974112,63823777,12839075,4303434,+
2907649920,1521160273,12842414,5479143,+
3225412432,1412293617,12842900,9784797,+
2803221482,1964457769,12848766,6965427,+
3017347209,583337657,12849691,4490941,+
2492826011,2291297941,12850536,3977562,+
3087603713,372647120,12850981,6858774,+
2971129025,1022467073,12853071,1522591,+
2640474016,2071550641,12853567,1379458,+
3038804056,374234961,12856473,5307146,+
2645394049,2225839057,12857257,6858973,+
3481679537,1058216384,12858626,11255871,+
2600654363,2145681685,12863034,3094116,+
2696574965,1987069243,12864042,2884284,+
3093201144,1124154337,12865056,7758089,+
3581382721,1412268736,12865871,12088184,+
2936387953,1338494800,12867946,4156817,+
3279306217,438484809,12869337,9433547,+
3051189698,34378969,12870276,5577795,+
2989507373,899836565,12870873,1344143,+
3683106409,371134967,12875118,12252102,+
3048278531,1315146541,12877422,7461972,+
2927747537,1347151329,12878453,2394791,+
3017975137,327556072,12879518,1600045,+
2595397013,2167736189,12879735,3502523,+
3033818057,779023193,12886985,5343855,+
2719550800,2063545681,12887030,6027161,+
2603796026,2351685721,12887271,7447122,+
3102776585,24085666,12887592,6914055,+
3020751149,397782787,12888354,2426808,+
3020050769,383107423,12889380,361074,+
2992599280,1054434913,12892462,4311059,+
2594869832,2167946097,12895889,1455350,+
2765399265,2539902673,12900177,9959651,+
2676552161,2044427136,12902989,1146758,+
2748554752,2262369729,12903121,8246448,+
2479291201,2416948415,12906960,6331224,+
2853158945,2356764128,12908838,9615427,+
3070388389,2611995323,12914850,11732166,+
2519856035,2485441981,12917850,7696002,+
2849909889,1828489832,12919201,6119884,+
3116149824,547642817,12923659,7090274,+
2974677392,1169245217,12924720,1980857,+
3169609481,1288880890,12925989,8826030,+
2998981809,2219792032,12926166,9998209,+
3050642689,90081792,12928294,4619163,+
2886858689,2141250888,12932305,8766352,+
2748292463,2062059505,12937014,6238554,+
3010749137,938620064,12937849,3158142,+
3213907696,734150961,12940127,8632926,+
3034641981,464826181,12940263,1624769,+
2961944594,1275863977,12941304,1924191,+
3118750891,1038627461,12942678,7633092,+
2993170005,1077525821,12943391,754285,+
2854141727,1688847169,12943434,101346,+
3031397873,601036824,12943439,1602290,+
3081779137,470896488,12945720,5988655,+
2829689805,1932662821,12945915,6502609,+
3088560145,419354248,12948302,6145943,+
2727533544,2120526017,12948469,6435926,+
2511030909,2414324677,12953611,6468069,+
3234911873,2134486545,12954853,11141809,+
2847967169,2842620672,12956392,11565137,+
2808902593,1822207720,12959996,1111151,+
3406418577,266345504,12961417,10315382,+
3124916123,86299285,12962058,6915192,+
3485101984,1430711697,12965014,11419191,+
3045973136,81596081,12965697,669202,+
2965113249,2073441457,12968811,9045649,+
3052147049,85675258,12972375,3269088,+
3048560840,303146193,12974587,2166092,+
3015595018,1055720969,12975048,4006065,+
3096205552,1418319537,12980845,8022288,+
3134560685,272679813,12981119,7016251,+
2474695937,2376123984,12982036,3596927,+
3044135985,1251231368,12982592,6476941,+
2678627552,2113869777,12983611,3967340,+
3014903304,1067402321,12989735,3497510,+
2984567104,1673903697,12991994,7264473,+
2957544013,1382063125,12993107,1743419,+
2876185255,2240651273,12994368,8989614,+
2983494791,1283297065,12996006,3465840,+
3044062705,689001096,12996930,743887,+
2818341361,1917253936,12998332,5458013,+
3059421233,411896640,12998413,3552032,+
3056525137,27746824,12999013,1294636,+
2510784193,2336489880,13002543,479996,+
3042415712,776005137,13007285,1388396,+
3113710067,1962608749,13009578,9767622,+
2806535666,2190756121,13012221,7928676,+
2575924293,2263190365,13013889,1031023,+
3169509185,2473157921,13016909,11624115,+
3064139960,261093953,13019541,2707702,+
2945099249,1851400112,13019811,7494716,+
3161069217,1044868769,13021843,7939669,+
3189930649,1439577722,13022037,9043188,+
3138228920,2127117041,13024092,10413155,+
3379611434,1071403177,13024659,10253382,+
2690734629,2655592157,13031381,9838891,+
3060815297,555389664,13032404,276113,+
2793300169,2160614282,13033446,7416219,+
3025834161,1502863720,13033810,6878529,+
3533756973,1578644549,13034125,11771273,+
2707831601,2113003536,13034143,4544822,+
2882460305,1719132968,13036489,3481314,+
3500758505,374585193,13037429,10890001,+
3070005360,30090193,13042233,903266,+
3156186536,596721921,13043096,7215937,+
3156594337,1423408319,13045962,8560182,+
3131960944,372842097,13056508,6433341,+
3489021097,1610946722,13066206,11502645,+
2821138457,1953932169,13069283,5212147,+
3452741793,1496891624,13072025,11124728,+
3010745314,2309454377,13073073,10098588,+
3095008285,1813984773,13073437,8945829,+
3546438865,920636976,13073543,11276910,+
3016415474,1211070457,13074552,553701,+
3066860193,763661800,13076466,2687581,+
2884655505,1912967233,13083371,6424497,+
2881730257,2394262464,13086789,9551944,+
2756151393,2169146704,13088670,6508819,+
3289281240,199446433,13090202,8885667,+
2979419554,1929289337,13090764,8079957,+
3067958336,846090161,13094637,2996732,+
2987749258,1911891305,13094724,8077287,+
3001085952,1336540577,13096300,580711,+
2716141461,2228391581,13098037,6393937,+
3568137069,1200421717,13098873,11537297,+
2760541456,2749337521,13099234,10547327,+
3095511056,289725521,13099673,3932034,+
3865752760,713208273,13101072,13012741,+
3120932712,526018049,13102438,5722277,+
3714501560,869510273,13104414,12236357,+
3136460205,653659013,13109719,6320957,+
3086626033,867895919,13111590,4743942,+
2558002909,2343140053,13116929,362725,+
2665470064,2378343793,13118851,7255180,+
2670819193,2633747255,13120908,9362166,+
3090740193,1127690824,13124040,5995529,+
3458245409,252539672,13125373,10399434,+
2895681520,1927717233,13128508,6455427,+
2790029081,2089125561,13133747,5734727,+
3730970497,1865391744,13134464,13011873,+
3097824193,395848720,13137686,17227,+
2979905169,1736120672,13141111,6578186,+
3075611377,996160984,13141186,4014833,+
3045641296,1165070401,13142338,476501,+
2975062378,1572081305,13146006,4330521,+
3259723913,2409681034,13150155,11697918,+
3017450016,2581895761,13151958,11023271,+
3423019537,570627144,13152087,10091818,+
3071569352,997236369,13153109,2516296,+
2978871669,1535214877,13157679,2988541,+
3121896688,678077905,13157831,5259218,+
3369527585,2258137296,13158265,11861312,+
2487379553,2457858200,13159059,3988114,+
3172308137,2413523369,13159161,11246483,+
2959754896,1599496065,13160712,2122145,+
3035793205,1783201453,13161281,7769153,+
3038020009,1399565018,13161660,5272263,+
2793848081,2193143336,13163223,6950446,+
2697022736,2184727745,13163915,2024022,+
3106582864,487078513,13165036,2754365,+
3009467664,1433295937,13168277,3390378,+
3683131025,1855698993,13169041,12732031,+
3058471013,1951003725,13171061,8779697,+
3456846288,952005569,13174004,10477295,+
3098135882,731103289,13174536,1201533,+
3648614625,282082433,13176293,11654987,+
3260948933,940887789,13177435,8555071,+
3094093608,2836899745,13177817,12219648,+
2821049217,2054900024,13192658,5376773,+
3650836328,1430814465,13198958,12072229,+
3119692817,216566312,13201398,522025,+
3083612186,1022264665,13202553,1581330,+
2786450609,2119204113,13206043,5210435,+
3200694197,551846589,13206991,7094597,+
3902216725,434810253,13213809,13051423,+
3318878705,564813608,13215242,8886927,+
3416887345,584091496,13218388,9888845,+
3188557089,429828536,13219970,6648125,+
3086653656,1481682401,13220522,6779059,+
3523720037,1111357469,13221111,10986833,+
3784132593,673480400,13226114,12432689,+
3208908321,1371988336,13226301,8418502,+
3204784833,2966305480,13227211,12982206,+
3098977713,1095292912,13228640,4609875,+
3565012493,1308433925,13229381,11404809,+
3098142410,971587273,13231956,147519,+
2880009568,2075595169,13232345,6826552,+
3023185269,2221184957,13235167,9429221,+
3127989561,666650105,13236553,3780475,+
3182617936,1154906881,13241662,7420891,+
2963704608,1686024529,13242810,2885401,+
3036577768,1404147009,13244075,1012134,+
3136292960,2030842913,13247619,9580718,+
2864919744,1951004657,13249004,3363619,+
3734763104,1234733057,13252372,12332607,+
3367869184,2861678737,13261484,13237483,+
3139185585,130373761,13262329,673845,+
3145862733,1063348517,13264325,6094415,+
3286225281,1744352785,13265577,9957005,+
2851601336,2003051265,13267054,3950885,+
2839935301,2007585021,13267689,1731583,+
3200302753,647008080,13268451,6732026,+
3145375448,434055345,13274194,3512767,+
3839892401,731906576,13274658,12693121,+
3168790913,4405039,13275402,5249400,+
3237123376,264149265,13276725,7318376,+
3322957261,43295701,13277063,8657383,+
2953442265,1812813193,13279139,5001123,+
3145501759,133219697,13279938,2185752,+
3724904152,597829617,13282300,12005283,+
2906011697,1888803512,13282675,3511776,+
3378736201,736494025,13283515,9408401,+
3063373749,1812538093,13285155,7719803,+
2790393681,2112868561,13285917,1083149,+
3144703025,393747936,13286104,79885,+
2867214089,2091727762,13291977,6232104,+
3189674725,277534333,13293529,5938871,+
3058108282,1387916729,13293951,2513046,+
3697092577,1572624784,13301261,12331106,+
3144982075,620095781,13305090,1636986,+
2899428101,2230984941,13307447,8011027,+
3076665344,1309165697,13308144,757663,+
3302620077,2125289317,13310625,10922381,+
3130068082,901499369,13311132,1412943,+
2787636993,2135352800,13311574,295579,+
3191696769,1338737992,13311802,7697979,+
3194277681,443898736,13313357,5962656,+
3265586977,2385980184,13314014,11416131,+
2927342984,1853615937,13316657,1632028,+
3773753120,1661206593,13316666,12804331,+
3339760592,786664929,13318771,8899006,+
3241111843,902808845,13320336,7579986,+
2635298453,2363902605,13320503,2294633,+
3319364097,912602312,13324124,8732735,+
3555926465,1689959736,13334353,11611000,+
3146623201,809447496,13336119,2716552,+
2655204888,2546015905,13336248,7740953,+
2626156337,2383497384,13338356,302963,+
3166857623,652914889,13338738,4422390,+
3516239933,291551909,13339861,10429635,+
3319671057,1138183984,13339972,8940789,+
3067923000,1821456593,13340677,7547036,+
3127776672,1063823953,13347440,2828955,+
3500708641,566280960,13348025,10318956,+
3504767353,1263192455,13349124,10741224,+
2660030384,2351558993,13351570,2621913,+
3329906648,27281345,13355512,8453679,+
3175929809,242586497,13355539,3904359,+
2837010185,2457093466,13358106,8737275,+
3158384641,765973696,13358218,3267547,+
3191063416,1265743665,13361670,7173217,+
3153654369,1319643272,13363223,6489536,+
3800348425,1756145978,13363272,12983169,+
3169500208,597351105,13366212,3410351,+
3172086001,5969536,13366223,249398,+
3066320056,2203446561,13366738,9338691,+
3055635097,1919457479,13367934,7782174,+
3260389457,548796752,13369575,7321682,+
3104507441,1267185281,13370199,139813,+
2940217088,1982817729,13370735,5948812,+
3103588285,1306488693,13370751,3575429,+
3114364097,1215228992,13372710,2158859,+
3159428881,2720978776,13372894,11847383,+
3173698197,330716909,13375099,86843,+
3051647541,2049217421,13377157,8409547,+
2695611857,2564959952,13380795,8146676,+
3044179721,1571391466,13383648,1564689,+
3868904825,1394507143,13385112,12995844,+
3041384978,1890596185,13385247,7268094,+
3179092313,97232434,13385550,2297793,+
3231749873,312769745,13388037,6380003,+
3146521441,1024060336,13391332,2870807,+
3235309597,327120789,13394429,6431991,+
2954783985,1875134896,13394538,3767345,+
3198036361,114965186,13395558,4752573,+
3410418785,2824561608,13398313,13158068,+
3185677433,362633650,13398456,3503877,+
2811037845,2182361261,13400671,4350775,+
3183267296,211325441,13402523,308802,+
3234812282,3085451209,13406289,13260528,+
2944088290,1913072633,13408041,3763626,+
3213129869,1161681717,13408741,7009963,+
3177283480,701096353,13415399,2329532,+
2835489033,2526858409,13416175,8990589,+
3182226821,571333085,13417265,1342641,+
2815141007,2166096337,13417794,2782230,+
2749609337,2271602074,13417848,3129891,+
3498827145,71936153,13419733,10098571,+
3027265749,1796287357,13420457,5758677,+
3360508237,2882568277,13423691,13097965,+
3249455984,1183882593,13426190,7678163,+
2605867392,2456297249,13428218,957187,+
3190566266,504857881,13428969,3047202,+
3283603057,522626257,13429985,7410287,+
3374450848,2217956209,13431392,11383235,+
2916450213,2282230445,13436041,8003659,+
3071489233,1771332529,13437151,6631105,+
3192300664,600320913,13441914,3172535,+
3168996769,939475072,13442521,996568,+
3287850144,2556965297,13443394,11831809,+
2851751329,2115716832,13443481,283188,+
2831805920,2152861233,13445702,1294369,+
2969319673,2191415210,13447998,7951551,+
3412548410,2526170521,13448265,12335334,+
3233657265,62621488,13452564,5709203,+
2971629969,1917669808,13456917,4729400,+
2999600488,1798854385,13458658,401393,+
3122470209,1370996192,13469653,3186362,+
3115678008,1417368065,13470913,3572876,+
3233196233,1074333250,13470948,6776169,+
3202059994,537813497,13471107,2726472,+
3397635153,478280960,13471648,8942363,+
3203154456,448733585,13473190,1354039,+
3088520042,1848902809,13477332,7267173,+
3551147353,1302547634,13477470,10877247,+
3050890269,1924388917,13478203,7087239,+
2653905456,2557238225,13479164,7002565,+
2821659944,2194192817,13479204,2071789,+
3149331753,1237672265,13479671,3284981,+
2909649377,2746476264,13484434,10528627,+
2914911059,2204227597,13486326,6996318,+
3223310384,427167137,13487577,4666736,+
3183684369,1047510952,13487804,4241163,+
3205761521,550762496,13489551,425306,+
3005686552,1954480369,13489952,6227107,+
3335120176,4325601,13492041,7932664,+
2939952385,2298039568,13493477,8142602,+
3051673905,1929463496,13495987,7018760,+
3337194153,774233225,13498451,8158399,+
3172403605,1113928573,13503917,2736833,+
3180643697,1185716064,13504943,4907998,+
3127651355,1592453653,13511304,6012906,+
2707858105,2381185298,13513716,1598379,+
2634531544,2488745793,13516930,4224789,+
3609953597,1584686837,13518655,11522043,+
3215164985,597667673,13521859,2083929,+
3172679560,1153762113,13522114,2490603,+
3171991735,1242475001,13530570,4216932,+
4018580921,1223549026,13531326,13498809,+
3360653421,2706090421,13534347,12474739,+
3113084297,1502188569,13534853,677093,+
2667717736,2497066225,13536655,5592478,+
3333726641,840041576,13539053,7973436,+
3088216541,1615822485,13541375,2620619,+
3213683832,1178762449,13543812,5860603,+
3467741930,1841959081,13544211,10934910,+
2634619397,2488448299,13545624,2350494,+
3290595640,2998050481,13546835,13038364,+
3730297825,562719088,13547849,11646308,+
3377988821,1628005101,13556761,9762481,+
3123196817,1986803264,13566036,8161877,+
3793646501,152006491,13567428,11997264,+
3220198465,852939976,13572832,2945585,+
3072229737,2069360809,13575243,7901153,+
3381075745,1562766616,13579700,9590983,+
3262622373,1197371885,13580123,7025143,+
3435225985,987488856,13581855,9297748,+
3281339225,2324267098,13585977,10841982,+
3310947921,697799656,13592664,7070491,+
3244236835,21801533,13592934,1607574,+
3119555599,1565798897,13598556,1122468,+
3253422352,269175409,13607012,3639101,+
3244032033,585481640,13612648,1246919,+
3155231200,1438462881,13615523,2156490,+
2716010210,2682463561,13615785,8395428,+
2887582385,2345501568,13616812,7141331,+
3300616417,378026879,13621086,6312966,+
3748678645,780678923,13630404,11684112,+
2659594273,2511506920,13632082,3310339,+
3627113173,744731869,13633499,10795585,+
2636819208,2531446145,13634174,408059,+
3208111474,1455608057,13637028,6241563,+
2850452952,2387901889,13638624,6829649,+
3149125354,1808001017,13642614,7070337,+
3152526121,1496498066,13646076,1589121,+
3242533128,1451953105,13646841,7049098,+
3261122976,1482179905,13647210,7550549,+
3223854533,1095426619,13647360,3386544,+
2699012909,2488381747,13649238,4359702,+
3327184552,1219535169,13649742,7919083,+
3094159613,1912526565,13650559,6599359,+
3471028289,1823227152,13650581,10710154,+
3299499659,29869477,13653366,5848968,+
2819883297,2313540952,13657854,1782845,+
3688238497,1686269112,13658130,11916899,+
3121645037,1642466213,13660405,2304825,+
2639707329,2543609848,13663178,755445,+
2986623593,2130723305,13665841,6156267,+
3071316833,2100018920,13665897,7610596,+
3269918351,854126881,13666494,5147544,+
3711426709,2443092957,13670839,13245171,+
3494129455,272710961,13672578,9377670,+
3269968267,193977509,13674786,1332132,+
3485764317,1922557909,13679913,10961821,+
3130281265,1650694703,13679934,3492402,+
3337367229,455117237,13681147,6873359,+
3361054285,2135624723,13682814,10606974,+
3220740024,1192138097,13686718,1876783,+
3317917249,414088552,13687153,6224324,+
3034839373,1995115365,13688067,5298569,+
3353903205,2136343853,13688881,10544797,+
3342287489,1079740543,13689060,7680576,+
3283906297,456433017,13693887,4307165,+
3275282209,435229608,13694660,2594361,+
4053840793,1523201474,13695828,13674765,+
3321264097,653892912,13700010,6409907,+
3370897705,213465911,13700778,7448190,+
3296199921,500682136,13701376,5137827,+
2952631169,2120700048,13704965,511774,+
3416935738,146950025,13707978,8230011,+
3255592621,1063136435,13708290,4456362,+
3325262242,475321289,13708599,6284628,+
3602937313,2378465999,13709994,12561120,+
2879229461,2263495085,13711547,3303285,+
3135734080,1799010433,13711739,6012794,+
3421011529,324888457,13712983,8284387,+
3031646045,2111497123,13715688,6591972,+
3298930609,1001230552,13716094,6236161,+
3359295729,922381432,13718304,7566499,+
3548896488,1623749425,13725944,10775757,+
3287135976,69270481,13727928,1319813,+
3272484785,965312088,13731098,4462529,+
3267096561,1165329776,13734799,5428522,+
3393103728,365546897,13738295,7686710,+
2853682385,2699212448,13738619,9236508,+
3367492657,553609624,13742812,7199821,+
3239150065,1190517888,13743078,587377,+
3321445193,199914679,13744392,5571840,+
2985859624,2094274257,13747908,3014533,+
3011002920,2189133793,13747962,6741683,+
3373556689,1064286817,13747999,7890221,+
3557025961,510672890,13748445,9849054,+
3357416904,2099092177,13749049,10323894,+
3354140917,1446259549,13749943,8415691,+
3155990200,2331890881,13753205,9555398,+
3458246865,172117888,13753671,8643302,+
3294741344,455617377,13761047,802484,+
3669558480,1787139313,13761888,11779363,+
3311473811,1209627805,13762800,6852678,+
3557914709,2328846957,13763471,12148889,+
3654704233,1572620615,13769526,11377488,+
3375782112,1442414897,13773343,8605130,+
3443521705,678739826,13774245,8470518,+
3370694337,1253418424,13775192,8078097,+
3231723992,1339038689,13775308,3468087,+
2740603617,2586495352,13778144,6558135,+
3032241563,2013518437,13778160,1486440,+
3305335209,1676610137,13779409,8311919,+
3118276909,2191531237,13779481,8321141,+
3810619232,60276497,13781877,11779940,+
3212060072,2098863569,13784442,8902663,+
3404292577,679158384,13786381,7768398,+
3307324560,115760561,13787900,2483053,+
3170160113,1823274744,13788047,6494570,+
2765630385,2467692088,13789972,2072211,+
3299961000,674660033,13793512,2569199,+
3657877730,2392062841,13794090,12749769,+
3376309009,3205443407,13794882,13698294,+
2943514193,2302135745,13797043,6189897,+
3930080721,828723601,13797487,12578151,+
3867834949,2272516283,13800360,13511484,+
3000096344,2102875857,13803262,255239,+
3437082689,946500497,13805301,8462639,+
3517768184,1290437441,13808230,9827115,+
3283378833,991911344,13808683,1930480,+
2747141457,2731683704,13815527,8273398,+
3064979249,2765800737,13819529,10774531,+
3271450129,2633620192,13819829,11385308,+
3061982064,2711163137,13819931,10500874,+
3086612681,2283525130,13824786,8317275,+
3279463537,1083853272,13825710,1500049,+
2873818409,2346403522,13826961,3171084,+
3574841005,2659842693,13829403,12927007,+
3444388864,258822337,13833802,8077429,+
3410255920,62791873,13845173,7348718,+
3078997529,2046719218,13845192,5649405,+
3513801753,92317705,13847309,9019389,+
3300902755,1232416253,13849566,5688486,+
3570379274,586218697,13851372,9714177,+
2898876329,2338999817,13852703,4270317,+
3321992507,845065669,13853424,4557732,+
2754189440,2557582913,13864719,5086276,+
3480914640,487096721,13867340,8537387,+
3426920633,18610185,13867379,7558603,+
3657650936,2060273345,13867428,11994415,+
3802256218,2306502665,13868298,13188027,+
3916202657,1105283864,13868327,12500844,+
3869211665,2360870288,13874312,13581963,+
3632936344,102229953,13874970,10214837,+
4167121771,327873221,13875336,13710054,+
3383928417,80530184,13876874,6390227,+
3424771703,579654025,13878192,7560696,+
3150700250,2175728233,13879497,8174772,+
3378304753,94055944,13882609,6131710,+
3325947632,1257547409,13883691,6349016,+
3426119737,1135579079,13884336,8199024,+
3466547105,3191888688,13885159,13869716,+
3149711841,1940155376,13885897,6085652,+
3245014145,2588137976,13887201,10938080,+
2764421681,2577684881,13890643,5656053,+
3348096225,596541496,13892840,4705737,+
3050873777,2707892744,13897089,10230482,+
3204668584,1675913217,13904677,3929274,+
3293807762,1321992169,13905297,5065572,+
2721503649,2656143848,13908761,6194180,+
3228541432,1654504177,13909090,5239793,+
3297968957,2858090597,13911923,12145365,+
3396606649,604452962,13912572,6638331,+
3360990233,671052634,13913289,5311170,+
3341609433,770612585,13916029,4048421,+
3117206257,2215625512,13920655,7753394,+
2932562179,2500301357,13922334,7567692,+
3129550753,2732694040,13923382,10774307,+
3313619839,1093243697,13929522,2548284,+
3348987585,494653088,13932668,481967,+
3615003413,292706587,13933260,9892830,+
3376881697,332742184,13934147,5393558,+
3858341433,601545305,13934647,11884979,+
3312090185,1115285386,13936128,992865,+
3314995289,1413552137,13937061,6247829,+
2824036424,2477808497,13937519,313674,+
3114754056,1966782721,13937919,3056228,+
3586230595,815553053,13940082,9713574,+
3017235233,2266876464,13941446,6049795,+
3417964243,2651328605,13941642,12007584,+
3552175965,1968258133,13942719,11002661,+
3256513361,2343402120,13942996,9900955,+
2884342337,2471378288,13943720,5991375,+
3342728832,1622550689,13944281,7858948,+
3517534001,686910816,13945798,8809247,+
3511563859,1007657693,13947216,8973690,+
3440366657,199335224,13947234,7331029,+
3190896456,2187387121,13948509,8451152,+
3205416897,1862813432,13949740,6255727,+
3210780223,1711137905,13951224,3881814,+
3286014481,1340400616,13951384,1504651,+
3700857128,1704713345,13956513,11534564,+
3871299160,411375441,13959015,11909942,+
3517212049,1115518272,13964084,9105963,+
3568270369,1173784127,13965762,9742422,+
3423286946,1996477945,13969641,9997770,+
3170545285,1853407533,13972311,3344669,+
3832982464,231184833,13972725,11616254,+
3324662121,1131059321,13976957,2378467,+
2804887105,2544168016,13985110,4098581,+
4181090641,741562176,13985298,13701671,+
3329955185,1123114728,13986314,2945041,+
3728269114,1042069097,13986372,11008791,+
3329329669,1109762557,13986677,849163,+
3218096408,1707049745,13989387,1158676,+
3332791425,1255314833,13989599,5134763,+
3583995557,1468269357,13990691,10214945,+
3185129605,1850812331,13992720,4219914,+
3371570621,269153045,13993395,1222513,+
3892623928,1237158385,13996913,12246698,+
3160728657,2716051832,13997275,10724084,+
3673919543,2016060457,13998750,11799030,+
4096821697,64037224,13999087,13199516,+
4138853561,1143140985,14001479,13575125,+
3330928505,1456585673,14004171,6310163,+
3677024969,155018962,14004249,10300284,+
3655796325,493140973,14004441,10126171,+
4210673744,1107825873,14005226,13919545,+
2893398377,2518418794,14006013,6434022,+
3376285433,143415559,14006760,66552,+
3601684856,460817121,14008823,9546716,+
2748294056,2677259601,14009497,6146938,+
3547923191,811371961,14011752,9030162,+
2924854001,2409698616,14013149,4613944,+
3715830061,336129765,14013521,10632285,+
3376612447,507317249,14019102,1311846,+
3751394921,636953986,14020929,10955484,+
3679732065,1079344648,14021911,10557924,+
4198683917,337876819,14024886,13713546,+
3189040253,1844863925,14025827,1831113,+
3041095021,2895719411,14026194,10819158,+
3265911048,1750104577,14026725,6207650,+
3520670017,324427009,14027083,8391731,+
3366821794,857739497,14034459,255594,+
4141750898,750572665,14034576,13444677,+
3397994565,863111741,14034983,5727425,+
3714006448,1859784129,14035128,11718865,+
3398403635,419754493,14038752,4679502,+
2910145961,2463693226,14041257,5196372,+
3771787137,38939624,14042657,11024632,+
3267521618,1589834569,14044014,1356285,+
3266579657,1610724057,14052205,2558909,+
3330540792,1354363057,14054529,4500710,+
3206077029,2056269917,14057231,7141721,+
2881378160,2478103073,14064712,1731129,+
3911004809,1454948633,14065855,12415239,+
3116573545,2075417618,14066283,2808738,+
2973123992,2344601633,14067705,1490380,+
2699842509,2691517397,14068753,1090369,+
3622669265,775196816,14068950,9693817,+
3434821802,1829721817,14071530,9288183,+
3274377249,2390120977,14071809,9885581,+
3020702400,2863245361,14074125,10422496,+
3439297697,43625407,14074230,6166002,+
3405911552,1958286369,14074678,9390787,+
3531992384,844493937,14081213,8551844,+
3283939953,1660162160,14082947,5060792,+
3380328648,2507042129,14083928,11073755,+
3140976081,2635282016,14094478,9956153,+
3406752353,180673985,14094579,2989469,+
3212664554,2615615737,14094591,10375422,+
3204084769,2683742712,14095458,10625923,+
3384217185,911245408,14097961,1909692,+
3315859521,2290653745,14098791,9730565,+
3345353365,1337705133,14099667,4200211,+
2877857393,2656552760,14100478,7432593,+
3233189801,1970339001,14104049,6581849,+
3536332673,123865944,14105440,8253151,+
3605064965,265369853,14107683,9230771,+
3023156162,2288388409,14107866,361017,+
3110374521,2130594841,14111943,3187997,+
3181233889,1963925848,14121737,434980,+
3538982889,1771473257,14122117,10027073,+
3412889601,1398334816,14123969,7203132,+
3796106616,2824091921,14125496,13907893,+
3496915847,2748712489,14126442,12408456,+
3366964097,1213219569,14126731,3371113,+
3366880658,3216276217,14134215,13325070,+
3355766603,1447157989,14135250,5474844,+
3443196105,1207878041,14137435,7165717,+
3281775265,1669588728,14140711,1968588,+
3261868282,1956082409,14146524,6801783,+
3052536481,2281262320,14147239,4006820,+
3134706992,2428566177,14151200,8418919,+
3448365761,2500274239,14152140,11337480,+
3271929241,2721152786,14152338,11078127,+
3469598085,2504291533,14153867,11475273,+
3067036869,2602131373,14153993,8921715,+
3612909321,1252273241,14157209,9727217,+
3426605713,394825360,14158997,3196252,+
3424246992,367254817,14159818,206595,+
3692350392,1275257537,14160902,10509835,+
3676325985,2512407208,14161197,12615578,+
3436260081,460377880,14163030,4568527,+
3128354314,2144825417,14163807,3923604,+
2858362337,2575323632,14175117,2775490,+
3809677816,860377809,14176470,11164985,+
2867925769,2733583682,14180082,7737501,+
3198871840,1983404433,14186313,2409382,+
3439315061,543027691,14190234,4149414,+
2849835841,2597208456,14192847,3060604,+
3437618277,413774909,14198717,2658277,+
3441415361,46574225,14205103,2527125,+
4245998329,102125257,14207129,13756249,+
3391604256,2073745681,14207541,9207208,+
3220168117,1962592509,14212173,3514951,+
3442987624,391315777,14214677,2612914,+
2812710103,2651627225,14216754,2594508,+
3144498553,2156613145,14218999,3960499,+
3046921473,2328050225,14219399,2191861,+
3445773499,261173573,14220636,2434980,+
3942243368,2505576545,14221204,13783593,+
3300175024,1711301793,14223079,2353800,+
3447958296,330197329,14223680,3131685,+
3451457893,222310125,14223853,3732657,+
3181303553,2255958440,14224257,7235732,+
2768999216,2729076161,14225204,4966767,+
3455513493,600850205,14230349,4656953,+
2938884792,2872890833,14230930,9481145,+
3575301873,147697840,14233698,8262001,+
3359275057,1598552784,14234322,5537377,+
3467294233,555231385,14237981,5250511,+
2914854041,2576309191,14239002,5247726,+
3230246504,1949097057,14239288,417431,+
3407438877,1162422373,14239675,2066565,+
3451239373,300608085,14241411,272251,+
3280306690,1807153001,14242626,2661285,+
4131905945,2196396823,14245356,14138394,+
3412501417,1289044249,14247047,5108153,+
3070242881,2558212200,14247061,8182630,+
3452725976,714124161,14249966,4131067,+
3277895881,1861134890,14250936,4530015,+
2772862568,2743353569,14253348,5131145,+
3465429169,317150272,14253907,4383772,+
3494220673,486722064,14257800,6174559,+
3459095657,247939354,14263479,1930632,+
3453345425,1306337576,14264268,6698005,+
3508269048,372983345,14265206,6532319,+
3476435290,1240784201,14265768,7076625,+
3029110313,2389123975,14265792,1901526,+
3782280857,2211351929,14268981,12376991,+
4226483201,879223905,14269495,13650143,+
3252603825,1918653256,14270230,1470273,+
3565049408,505397489,14278110,7891697,+
3459301064,580934897,14280258,1625231,+
4052360065,1124293343,14281842,12742362,+
3513717457,930529264,14282951,7119866,+
3773551880,2490720753,14283826,12884401,+
3449779168,836310625,14284973,4586,+
3514663237,1048387149,14287931,7334103,+
3639836473,698328695,14288484,9107778,+
4212489626,905648761,14292138,13555983,+
3740679905,2812129968,14293666,13461581,+
2947691423,2643978769,14300532,6904650,+
3577189741,1905824245,14301517,10209125,+
3504513249,951031312,14303042,6728397,+
3478586417,59106744,14304052,3892147,+
2917534621,2705612181,14305473,7248059,+
3488406545,910465313,14306119,6024501,+
3500013665,1069270608,14306327,6854744,+
3437613389,1527331653,14307917,6907775,+
3114181057,2362343697,14307965,6198039,+
3243955320,2035629841,14312745,4963042,+
3150420637,2218993557,14315795,3728967,+
3546786425,725148873,14318503,7379641,+
3504229960,395914753,14319238,5693861,+
3485159509,484513293,14322545,4371441,+
3618537530,790299193,14327622,8701857,+
3641481137,1138593704,14328108,9342317,+
3253795176,1976287585,14329882,862995,+
3890200657,1718233312,14332825,12143294,+
3230060520,2041389553,14333064,1309213,+
3907691168,247534209,14334688,11495455,+
3429894177,1314367712,14335430,4439363,+
3498804152,1025238929,14338807,6360594,+
3436543417,1196382074,14339457,2054538,+
3890255128,1497556065,14342419,11880078,+
3283620533,2860114555,14342544,11331102,+
3536307331,1928348381,14346666,9747906,+
3439256026,1481058761,14352399,6220728,+
3489871665,219498928,14355352,2619213,+
3365576577,1977535984,14355404,7629153,+
3490051041,183904576,14359283,1285026,+
4075976181,1168600301,14366191,12784847,+
3825594525,1106920693,14373289,11004411,+
3496851921,297096145,14378937,2490785,+
3382174088,1621275185,14385057,3380794,+
4048724522,1618754569,14385972,12909999,+
3265840352,2284709409,14387026,7910141,+
3134752999,2925647993,14388930,10673778,+
3515968720,218676673,14390261,4934782,+
3048958785,2835723728,14390933,9532354,+
3755578093,833371715,14391798,10158336,+
2909026337,2723859464,14392253,6620502,+
2932929816,2717915521,14393116,6992481,+
3086468256,2424267185,14393665,5193686,+
3665686240,1201537041,14396250,9468631,+
3318456777,1875168329,14399659,3457087,+
3355222328,1794765105,14403988,4744973,+
3270224392,2920488417,14406000,11386999,+
3483877536,1583559121,14408772,7493563,+
3377188576,1662804241,14409461,1450804,+
3743367859,2218954877,14415882,11920584,+
3302244040,1932806481,14418864,1620955,+
3066019168,2438988225,14420988,3003281,+
3307234496,2570466065,14422390,9972759,+
3467593453,1386358725,14428351,5653851,+
3537824744,293686673,14431932,5514325,+
3482383377,2999219944,14439529,12666066,+
4013981401,1692720201,14439537,12704489,+
3845350881,2546793656,14441779,13147526,+
3424781057,1496662352,14443675,299274,+
2901058641,2677681096,14445294,2922137,+
3494909473,1045685665,14447651,4021189,+
3391480031,1658773201,14447922,369216,+
3603442669,2335101637,14449219,11235127,+
3699818213,3061105629,14452325,13745963,+
3696856929,1445546968,14453470,9975981,+
3352919848,1819726065,14459997,769184,+
3328604729,2270097802,14460792,8344899,+
3502436560,1009893313,14468591,3617716,+
3913680353,860912784,14469385,11376472,+
3899730312,1850262577,14470350,12150559,+
3264916417,2619722632,14470453,9722710,+
4282755096,715029361,14471043,13684348,+
3420555601,1652701960,14473049,5064910,+
3947878968,406309265,14476181,11531488,+
3613142015,552644353,14477112,7642236,+
3739712234,735314233,14478435,9673464,+
3253327777,2258228352,14488620,6587623,+
3430316917,1557860989,14489857,2829653,+
3438600720,1510742033,14491253,1652896,+
3224562505,2223559271,14492370,4499916,+
3557362585,211255538,14494344,5463651,+
3999203033,448634434,14496765,11875152,+
3234777745,2177280528,14497066,699273,+
4099975921,905236416,14497782,12634703,+
2904774777,2730601769,14499443,5090077,+
3468316040,2312629281,14504986,9955645,+
3494990489,1175940873,14509195,162037,+
3536381501,1232050485,14509825,6487307,+
3398039929,1741500602,14511342,3632943,+
3557110144,1204935297,14514783,6978788,+
3956696481,2373407216,14514791,13261324,+
3490299457,1234206544,14515919,317296,+
3396104737,1864815544,14518343,5915912,+
3593810997,2279294909,14518753,10843019,+
3771761429,751320907,14522934,9897558,+
3441581237,1566472269,14528777,2666831,+
3760578401,3025892856,14530498,13803949,+
3698294885,2221975243,14531658,11412012,+
4032046973,1021657269,14532043,12181585,+
3038847376,3036669361,14532752,10346323,+
3185931345,2396156576,14533849,6198410,+
3756805453,1132066835,14534262,9961902,+
3951418909,437861893,14541541,11429725,+
3003004032,2603085169,14541852,1216637,+
3203422961,2370621456,14543281,6182026,+
3205626707,2379293917,14543910,6390204,+
3392886319,1791784577,14549352,773718,+
3569311641,206299481,14552023,5027531,+
4353873496,1437377121,14552403,14199686,+
3400974593,1768916657,14554415,838755,+
3551618807,803819449,14554722,4588584,+
3575541019,1327725077,14556336,7495218,+
4158946049,569249887,14560746,12838806,+
3682838577,511990744,14566294,8436831,+
3556872850,358776473,14568387,832128,+
4096705473,688419320,14568593,12451036,+
3558813281,122657361,14570267,1601257,+
4241551081,765824265,14575805,13335039,+
3602821704,2169043537,14577846,10424359,+
3504354952,1322947249,14578157,3686872,+
3043223197,2831518197,14579317,8691015,+
3528110520,1084208801,14579740,1522649,+
3980274545,2446800056,14585411,13421640,+
4062668637,864076709,14585747,12239357,+
3507723925,1570001051,14588274,6456720,+
3487241152,1550470369,14594569,5259956,+
3532805057,1091916584,14596049,1549992,+
3089043381,2637166301,14596501,7016089,+
3573453107,3003357229,14606202,12843198,+
3513400873,1374989145,14609181,4519819,+
3313497112,2098237617,14614460,162861,+
3430649761,1926380056,14619358,6555293,+
3147653985,2441367416,14623145,1834256,+
3515062793,1555140010,14624988,6163281,+
3728942525,1297761701,14625893,9538035,+
4037109681,2021501296,14627199,12968126,+
3796145457,1903178144,14627617,11214478,+
3620379761,995170865,14628085,7175253,+
3644955457,1362727624,14631088,8463503,+
3714158810,821318713,14635347,8768652,+
3561643432,3104514577,14639849,13068370,+
3377554613,3193635245,14640289,12594753,+
3693993917,656921957,14641171,8296725,+
3582996415,216240113,14645586,946128,+
3600909713,200679425,14647863,5075309,+
3571995009,825270616,14654625,2020600,+
3980037695,1314298993,14656302,11767452,+
3588616649,583573193,14665871,3504315,+
3563122640,1230890321,14667109,5356740,+
3654857136,255159025,14673378,7057295,+
4441555301,1410783691,14674134,14488188,+
3570845701,959943515,14678010,573474,+
3093478753,2561847985,14678077,297191,+
4177650273,2116371944,14679826,13769875,+
3727003048,302583729,14681215,8548878,+
3865638408,2753151265,14683843,13389762,+
3269748832,3251990209,14684576,12294767,+
3506024162,1624190137,14686560,5410629,+
3779566769,2626291512,14695103,12633454,+
3695238609,1566735233,14696245,9354161,+
4290921440,2126897361,14698090,14311879,+
2918094193,2795469745,14698247,2150143,+
3180796237,2555925189,14698293,6853031,+
3723641714,1293514297,14700588,9176853,+
3257414944,2541922417,14702852,8077379,+
4298405341,1663926901,14703533,13895857,+
2897978434,2824495337,14706783,3080784,+
3423102704,3041433537,14707214,12103157,+
3549669728,1990266225,14710006,8722321,+
3794237173,968366699,14710098,9659910,+
3622241681,768283800,14710670,5822089,+
4489105993,1401484250,14710773,14675598,+
3142146081,3027871681,14711367,10453841,+
3365338513,2871534760,14716052,11046997,+
3552668529,1616794097,14716933,6813973,+
3779493089,1213714392,14718409,9698408,+
4227563880,1561066753,14720994,13416229,+
3613399823,1060446625,14722614,6104376,+
3440117312,1845111137,14723415,666304,+
3673996977,194079104,14729921,7087714,+
4392721085,1857970291,14731200,14489994,+
3360857273,2111172274,14732235,4038036,+
3643066973,3020899795,14733138,13027272,+
3397778429,1997829427,14733186,3018396,+
3600158513,1596269695,14733318,7751292,+
3612455237,321993069,14736173,2090983,+
2884208465,2855957688,14741093,2873044,+
3836519045,1132364861,14742385,10167129,+
3617647889,567733832,14743947,4063772,+
3616170401,102760224,14744740,2181785,+
3507505960,1603225921,14744770,1559659,+
3578038835,1341608701,14746974,5518620,+
3235572625,2747595576,14747849,9246390,+
3618174817,376926024,14752531,2708586,+
4303502177,1631973312,14754515,13836866,+
3169732065,2670221288,14757769,7665424,+
3609615277,1039117989,14762089,5076309,+
3689356337,2054323232,14762783,10330530,+
3985355321,651257705,14764885,11255787,+
3602305285,1193594253,14765211,5503159,+
3293928273,2599731440,14766107,8715164,+
3671707112,452345729,14767274,6718011,+
3608366589,832595317,14767509,889631,+
3369820800,2121054593,14767903,3957676,+
3585914528,2098789265,14775028,9367467,+
3717835281,639272641,14775477,7947217,+
3106228685,2617457251,14780376,3656670,+
3682180569,831179897,14780899,7253129,+
3886048528,1914382609,14783780,11571979,+
3382693117,2212709987,14784270,6482202,+
3591543249,1733768737,14784741,7829927,+
3586925733,1188442685,14785009,2570257,+
3572486311,1298870105,14785104,460320,+
3142133641,2692565545,14786645,7233383,+
3632827453,147961379,14789286,3219990,+
3533791128,2767503505,14794458,11488247,+
3764942176,105216225,14794505,8596476,+
3002742529,2784742072,14797186,5192869,+
3612164384,1096141137,14797403,4735168,+
3670636633,981079130,14797614,7037817,+
3601237985,1333514048,14808094,5612019,+
3757606073,660586690,14814681,8481594,+
4356126320,617585121,14815180,13650487,+
3530625176,3188513025,14816165,12963118,+
3025289741,2760786931,14820468,4696884,+
3070037689,2683033561,14820865,594805,+
3570354985,1737946778,14826279,7029744,+
3490445240,1882532241,14827094,5424055,+
2935053973,2911607277,14828925,6336845,+
4147151861,2887173691,14829084,14726802,+
3750821224,725940913,14836006,8281855,+
3517523269,1814256157,14836111,5686159,+
3715983953,401615480,14836133,7356204,+
3373711873,2210460129,14836195,5233821,+
3718253105,1618915136,14841628,9188685,+
3363836321,2957871600,14847641,11129420,+
3453691696,2420327361,14849803,9062862,+
3649927561,338437730,14852505,109896,+
4120150593,1677887665,14855289,12694139,+
3480495781,2085718861,14856257,7087531,+
3547075952,1619287137,14857385,3484084,+
3370299442,2295817337,14861511,6327090,+
4029122465,1823291568,14863418,12269603,+
3798132481,3130245025,14863489,13836775,+
3104251376,2759882945,14863570,6791499,+
3637344410,2689978393,14863863,11705742,+
3012478529,2903795232,14865626,7393429,+
3785305675,324998933,14867154,8579046,+
3656747819,166241797,14867616,2523858,+
3949327809,1742854832,14867759,11587616,+
3837339578,1777149529,14868450,10728039,+
3514388813,2850376709,14868965,11531943,+
4060039229,624289157,14869869,11627341,+
3574715800,1577849041,14873095,5096494,+
3788016305,351342416,14875494,8585345,+
3659234089,75527303,14876640,2044794,+
3658396768,261473905,14876689,899714,+
3962727353,191814185,14888391,10698289,+
3679467400,900706881,14889365,6113898,+
3623164744,2387414833,14890210,10468769,+
3203243261,2547376325,14896665,3520753,+
3067098992,2829943457,14898580,6884697,+
3483733425,1915929808,14900417,2087514,+
4366163543,2334219529,14904858,14692470,+
3155340369,2622639617,14905283,3129143,+
3588708533,1466168685,14906017,1190639,+
3632865413,2543058365,14906387,11070291,+
3894747397,596904637,14908415,9973001,+
3736387225,422709191,14909370,7290558,+
4025426129,1556311352,14914278,11820089,+
3559676637,2346808709,14919347,9597851,+
3857853793,724077009,14919675,9529559,+
3578607257,1725033993,14921795,6100435,+
3715026431,1431351985,14922036,8246430,+
3825282888,1734820865,14923156,10378049,+
3785391728,475514945,14923663,8300436,+
3901750133,199698429,14925715,9943849,+
3394776801,2872320136,14926434,10714931,+
3638506760,1606869153,14931683,7147046,+
3952388729,3030867497,14932491,14130101,+
3670834385,723064808,14935068,3067387,+
3423199033,2129320425,14935839,1416583,+
3450023425,2060121448,14938981,1118894,+
3732684501,598904525,14939749,7003325,+
3600994415,1770480193,14951034,6907992,+
3991591498,2753715065,14951103,13629738,+
3455349298,2234189225,14952063,7018272,+
3502528193,2292472735,14955846,8402382,+
2992071921,2895376961,14960281,5578069,+
3270836205,2473435973,14962291,1624679,+
3465440201,2043804391,14963988,1937466,+
3358709441,2768137200,14966965,9718306,+
4225502289,2650351312,14968482,14471783,+
3848266857,1007445497,14970215,9394127,+
3281233805,2461771781,14971885,150111,+
3727399793,140571585,14975461,6218039,+
3690285481,523147706,14975961,3138252,+
3666291489,1255470992,14977721,5529932,+
3822330467,3367269277,14978580,14457444,+
3692362161,250398616,14980008,342829,+
3685669594,878696633,14984640,4253133,+
3945131121,3100585096,14986268,14209731,+
4291378384,2758901857,14986688,14922263,+
3877378840,625645473,14990448,9469657,+
4223178209,1180307688,14991020,12754249,+
3830778338,557497129,14994990,8738859,+
3777550672,830396289,14995488,7909471,+
3336889073,2731767464,14998385,9126738,+
3671753537,1071667088,14999375,3281580,+
3699757369,293269202,15002793,1534386,+
3424931297,2482545192,15004855,8316812,+
3671779313,2997874464,15005725,12666752,+
3720785881,511749050,15006585,5524602,+
3775376832,251743537,15006680,7469517,+
4276760443,2471097269,15014130,14357952,+
3323716409,2473226777,15015269,5643423,+
3687037441,2891250256,15016063,12374624,+
3697414241,691345536,15016388,2354089,+
3120176953,2767324922,15019425,5108730,+
3674719715,1183359613,15020262,4414662,+
3538040600,2594266673,15021822,10200863,+
3706546465,175646856,15022180,1277511,+
3780068017,989732608,15022910,7976255,+
3870749354,31182457,15026547,9150168,+
3206629673,2892460089,15029987,8852125,+
3648246005,1455813691,15035460,4814058,+
3314164634,2768189977,15037077,8974392,+
3660396008,1277682545,15037238,275601,+
3512896176,2941201361,15037703,11527526,+
3733036080,888295873,15037764,6310801,+
3690337329,1074631312,15037983,4351294,+
3510445848,2000746145,15041708,2977319,+
3689540177,1003210159,15044928,420696,+
3387890411,2672223301,15045852,9054186,+
3938676957,103307797,15049745,9950277,+
3531186785,3297250016,15055575,12992956,+
3839853089,535548192,15056953,8561168,+
3330781413,2485047005,15057703,5461711,+
3712281313,639174144,15057971,1684050,+
3534614437,2222025549,15059361,7798987,+
3517176744,2352057953,15063895,8420812,+
4248081536,50917425,15066320,12591347,+
3552141489,1998085712,15071774,5880767,+
4311961957,1775316109,15075071,13591189,+
3682153442,3388203529,15076551,13883532,+
3961028897,1695075624,15076793,11130508,+
3675983216,1281442641,15080062,2814503,+
3494987256,2133843185,15083939,5028400,+
3887193025,2038567441,15088325,11136319,+
3045347977,3004558898,15088770,7709235,+
3763653681,1092887320,15094495,7211802,+
3717985425,1926300736,15097353,9010250,+
3866255304,727069777,15102388,8857563,+
3812376967,790130297,15104520,7878288,+
3739956249,519610457,15104713,4468171,+
3696416456,1177096641,15108938,2239157,+
3372056913,2409862840,15112486,3648921,+
3704672083,1285519325,15113418,5311512,+
3904022429,1373349717,15115283,9973303,+
4379683607,1323318169,15116844,13589622,+
3472618241,2394894680,15116906,7630875,+
3739149241,1660850759,15117900,8246100,+
3813960841,894479865,15120505,7914231,+
3659858904,1628291617,15123591,5658452,+
3733756033,822007720,15123812,4127393,+
4620325093,650136157,15124565,14690875,+
3027363384,2927176817,15124892,4715581,+
3369354977,2444850944,15125924,4770423,+
3737273637,1653080989,15126787,8125059,+
3361103386,2432611721,15127218,1056411,+
3971185568,1175871489,15128575,10437776,+
3772642997,725728157,15131675,6374823,+
3621626273,1862178360,15131974,6253277,+
3744884193,309784384,15132162,3279475,+
3116154608,2971005089,15132672,7974425,+
3792001379,741552637,15135222,7041666,+
3960869633,1201630992,15136030,10330405,+
3736981456,801196785,15151220,1397277,+
4201384093,1052706949,15151255,12265079,+
3752175792,182587169,15151619,3371482,+
3283351786,2604915161,15152811,4331544,+
3618372353,1761675600,15156736,2860991,+
3439701845,2467877851,15157230,7367424,+
3386618503,2989584425,15163176,10615218,+
3755745157,692503677,15163443,4583645,+
3755772088,236523489,15164502,3230515,+
3714217832,3394880769,15165887,13912448,+
3272005403,2834992405,15166434,8369148,+
4401738170,263065033,15167151,13414716,+
4358740117,1572314829,15167969,13555647,+
3732016064,2125871457,15169814,9638381,+
3736094461,930998531,15169824,271656,+
4110722315,2695331413,15170874,13781442,+
3543971405,2091243413,15174387,5022587,+
4707032765,903797923,15175794,15099942,+
4115048133,90699949,15181075,11345559,+
3762936464,857997297,15183026,5271473,+
3622258777,1782131234,15185967,1430514,+
4032059389,859857203,15186330,10677744,+
4374328105,2404162538,15186381,14516718,+
3360855209,2554024018,15191640,6072609,+
3755978968,657474145,15191831,1590584,+
3824398344,1947472577,15192352,10012399,+
4153767514,2662485977,15193302,13893159,+
3704093120,3067218513,15193639,12745222,+
4015248800,71030993,15195832,10336197,+
3813324032,1659092529,15195871,9046118,+
3068486432,2903714193,15198290,2088695,+
3937618529,2083587392,15200471,11369844,+
3616784143,1828006049,15202890,184572,+
3775186481,605843265,15209345,4765123,+
4372220609,2648369672,15211253,14849094,+
4520582232,1524426977,15211682,14347955,+
3796178577,67268657,15215065,5779207,+
3714974712,2780534449,15218252,11760813,+
3656688266,1738825225,15226383,4475580,+
3788900301,174207941,15227863,5001787,+
3852862400,480119921,15229437,7697360,+
3730939905,2083162328,15236123,9174766,+
4033976461,131266741,15238153,10406881,+
3414331457,2420819889,15239197,2757121,+
4741297801,796942199,15242220,15181140,+
3848623600,2013332961,15245047,10276200,+
4079050465,3009792568,15246089,14238836,+
3325797393,2604935960,15246854,4532393,+
3155405869,2833573797,15248223,3224611,+
3816029393,827503425,15249371,6736657,+
4300214152,2744535009,15256653,14645978,+
3810608952,614872817,15256783,6099050,+
3781862920,513630481,15259864,636235,+
3523177440,2390120561,15259985,7497178,+
3334525760,2584472561,15261550,3083697,+
3905225293,581442885,15262597,8607849,+
3785086351,778492961,15264954,4479132,+
3445831193,2374679705,15265533,232913,+
4568525745,1946931376,15272749,14826480,+
3381052136,2521726961,15275004,3958621,+
3311904656,2776806881,15277614,7556339,+
3703126945,1550061288,15279526,818781,+
3729845224,1385157937,15279859,2452148,+
4029330841,1125254306,15280242,10537023,+
4128097049,1687382002,15282042,11981841,+
3787985169,591055352,15283318,585239,+
3917504689,1031618088,15283839,9031130,+
3876517640,1215286401,15286426,8590085,+
3262537776,2712356641,15291843,508706,+
3794410913,405757089,15292939,56435,+
3065771771,2963804725,15292980,3510666,+
3445599437,2813137557,15294835,9586267,+
3805559600,373027953,15296239,4529266,+
3814531490,1075521913,15297306,6677751,+
3819265216,1771270225,15297590,8980519,+
3847983683,1197776317,15299040,7908120,+
3057438901,3033965725,15301907,6404815,+
3906327485,131977843,15319368,8205954,+
3484741920,2340172913,15322301,1938908,+
3764788681,1299500690,15322698,4556835,+
3407797713,2498694544,15326279,158430,+
3623968881,2384376680,15327505,8785186,+
3784315185,1107204001,15329355,4271057,+
4036407585,1919373656,15329405,11520298,+
4047077177,1551506122,15329628,11029245,+
4394492113,1577038849,15332575,13530917,+
3823870953,2661553225,15341547,11797433,+
3705246425,1660073506,15344814,916815,+
4575568025,1828870423,15345882,14680848,+
3817693680,225201553,15356809,2465502,+
3802170578,873849289,15357150,1856931,+
3937061617,312664079,15358128,8580708,+
3732913858,1540038425,15360408,907923,+
4034530000,341434321,15364370,9996359,+
3274603029,2778520093,15365465,5354931,+
3805480730,1983086233,15367542,9191127,+
3409601849,2528810578,15369099,1954500,+
4271838449,1180958552,15369802,12420273,+
4293914385,664422808,15375518,12391209,+
4076450993,1710368160,15376109,11392808,+
3825893841,21164536,15383298,600263,+
4480175573,2030878589,15386137,14337765,+
3835685057,366206184,15386449,4565308,+
3683744585,2162218546,15386841,7974600,+
4069837649,763260847,15388404,10418064,+
4477972721,1838689040,15388815,14135762,+
3500901376,2546296401,15392934,7565273,+
4141275770,2117823001,15394443,12492900,+
3826171760,574732833,15394562,2482301,+
3830519169,40707928,15395310,2308987,+
3067404401,3046686936,15400253,5466268,+
4157634025,2983695241,15403045,14327719,+
3904863856,1390121025,15403627,8775210,+
3254204333,2884137285,15405157,6795313,+
3657039200,1972155633,15408419,3813736,+
3784369301,1303834701,15410857,1800743,+
3828811293,906944405,15411971,4620151,+
3851913144,31176593,15412523,5186740,+
4051448477,727909077,15414661,10105265,+
4387680136,1312998241,15416222,13188269,+
3174269005,2905495523,15416784,2149122,+
3832398504,632176337,15420103,1005866,+
3839124653,1635852885,15425053,8121331,+
4498721185,544946008,15426073,13636844,+
3869878693,1475316059,15427884,8196240,+
3832378601,773785111,15434004,1605576,+
4330158181,1459837595,15435780,12881448,+
4284864761,2639737786,15436224,14167587,+
4756458296,1500283521,15437023,15257996,+
3935065761,185265416,15437341,8025014,+
3187625773,2947718245,15440527,5839651,+
4196618801,2376814616,15441882,13212767,+
3250895489,2856298257,15446641,5198107,+
3681008577,1973879672,15447697,4995460,+
4111333480,359429793,15450141,10586294,+
3494213021,2442877891,15454302,3753786,+
3678168672,1939372129,15455076,1212841,+
3522050673,2376581984,15458705,1587058,+
3720381296,2171389521,15460094,8237593,+
4253482909,1790965187,15462846,12640518,+
3776883425,1683264113,15463541,6188913,+
3973983408,1076303809,15468414,9065845,+
3624413073,2159061080,15477973,4103468,+
3331391256,2735163841,15479569,2062548,+
4332185336,1558737201,15481421,12894968,+
4035896881,702596896,15484301,9629632,+
3679237585,2292093633,15486639,8109883,+
3798546609,1396350128,15487297,872830,+
4091424991,2731659041,15487968,13304448,+
3854005705,888936393,15488949,4448897,+
4002074312,964369217,15490865,9278748,+
3856010585,668139898,15492453,2232816,+
3212953465,2910017786,15499779,3108720,+
3176029937,2951810312,15502435,826596,+
4348419489,2883985192,15503907,14834854,+
3908674056,3162071441,15505771,13531504,+
3807821025,1509252376,15507315,5351626,+
3600826496,3138231105,15508634,11854165,+
3159615041,3071047016,15513237,7133546,+
3475692085,2520851773,15514321,2927387,+
3865436517,669423949,15518709,2742193,+
3637889977,2810351769,15519583,10537317,+
3748141189,1762191517,15525683,2226763,+
3724811105,2767251048,15528617,11015192,+
3637751162,2171940169,15533739,3560394,+
3774549936,1850880689,15534880,6581395,+
3844131298,1175568329,15535305,3677496,+
3570934799,2337416017,15539142,695514,+
4711441752,1919848769,15541768,15195377,+
4053809080,710718513,15542387,9636312,+
3835258616,1511394401,15542656,6231657,+
3755430497,1765570304,15547543,2449584,+
3788562928,1597582945,15549139,124966,+
3089984205,3073516661,15551279,2652185,+
3558387337,2820987794,15556947,9721878,+
4097564937,2049930649,15557561,11714241,+
3996826161,1067930240,15558778,8966945,+
3270000720,2915568833,15561638,5766901,+
4007364785,604008248,15565116,8756179,+
3996360889,1122973257,15570881,8964639,+
3893199072,297149249,15571727,3934096,+
4475098560,2886064673,15572038,15304253,+
3536054569,2547517202,15573834,6618597,+
3484597912,2550561697,15578851,680690,+
4288724973,2174947525,15579831,13188419,+
3649289352,3516187409,15584407,13486634,+
3816785721,2708956585,15584691,11331955,+
3963679649,951990672,15584857,8021744,+
3772758776,2239431281,15585937,8771778,+
3872909352,976999489,15586788,729073,+
3716727296,1977706961,15589497,1927366,+
3673543992,3035598529,15589918,11658699,+
3871611488,1041415265,15595468,1638231,+
3885454485,1494749933,15600229,7254629,+
3533592801,2472428449,15600705,763615,+
3806405057,1609280529,15605999,1242421,+
3971275312,1153377649,15610364,8316541,+
3442104637,2652186613,15612215,2305955,+
3743958161,1938748040,15612390,4339721,+
3831120696,1664667761,15613871,6126934,+
3728945897,1975855402,15613872,3375705,+
3325732257,2864686784,15617474,5323619,+
3520021505,3012558128,15617936,10346241,+
3859921333,1343716605,15620217,4481677,+
3914694707,144972589,15622038,4568574,+
3885603105,977564048,15623374,2083523,+
3798149493,1911229165,15626899,6801147,+
3762214417,1862854559,15630156,2388042,+
3844436769,2727775448,15631874,11486275,+
3675561169,2262191472,15632574,6236153,+
4052291633,567427920,15635507,9133988,+
4125183616,2954097105,15642233,13785030,+
3422508921,3009575225,15648835,9268591,+
4404570321,1354557376,15651062,12927801,+
3780848447,2076567409,15652404,7386642,+
3722317761,2087450120,15654155,4990622,+
4625745393,1270766504,15656483,14224940,+
4221669520,1017987313,15658052,11279203,+
4015139632,870937009,15665471,8477702,+
4801051081,1281348026,15674571,15130062,+
3873906365,1328554533,15682081,961439,+
3900034033,1341362464,15685972,5877725,+
4393660337,2105338424,15687592,13537197,+
4159274481,2627586856,15688578,13107151,+
3686898177,2197945912,15692005,3172962,+
4038016409,2140458202,15693003,11066772,+
3790672816,2012607201,15693092,6662793,+
3409782353,3250160280,15694489,10740062,+
3289519793,2929338920,15698392,38637,+
3962071114,1054280297,15698781,7161258,+
3863075229,1460996677,15700393,1505319,+
4259017837,2219660277,15706263,12858425,+
4518695816,440729441,15707716,13319529,+
3968479523,459939085,15712494,6368808,+
3934045233,471633904,15714015,2013526,+
3796579081,1851394346,15719976,1289007,+
4935492985,1153900418,15722997,15692832,+
3865684810,2178608873,15724167,9138756,+
4162800352,1631873457,15727699,11120880,+
3537179137,2585672544,15727771,4339422,+
3399842624,2838117777,15730411,5522152,+
4533792929,501588992,15730764,13383641,+
3716119349,2155424733,15736975,91837,+
3981822544,222343473,15737057,6522090,+
4824283485,948647893,15737487,15085781,+
3290848673,2994242120,15740694,5751133,+
3953155509,417042413,15741685,4593107,+
4416202209,879573217,15747659,12613203,+
3609851024,2438644673,15750486,467125,+
3699603889,2219658672,15750847,2224662,+
3949251937,224123688,15754515,853370,+
3946844519,1374891337,15756036,7036806,+
3234354264,3034871057,15759154,3231529,+
3815643377,1851644064,15764746,3409969,+
3553483243,3451950149,15765822,12475260,+
4021419713,915609680,15768936,7937647,+
3478970827,2717143397,15769578,4247820,+
4096147725,2070553093,15771583,11199213,+
4381947817,63754058,15778260,12201225,+
3986922970,2470613273,15782037,11319504,+
3240624177,3038611432,15782049,2665430,+
4001083544,1143920897,15782358,7695259,+
3309913285,2956475243,15784212,2382642,+
3246766201,3032321210,15784482,2382225,+
3728872081,2336981616,15792841,7002318,+
3895379339,1459042933,15793296,222960,+
3762427577,2076809314,15793506,692871,+
3952395665,784733768,15793632,1538453,+
4308282960,127143793,15797512,11532483,+
3916874729,1381538122,15798147,4575546,+
3809639057,2057098544,15814263,6170902,+
4182497897,112665802,15814695,10150272,+
4926197601,220366496,15816428,15449879,+
4190961509,664751517,15816617,10315217,+
3968269525,3573240093,15819621,14603599,+
4000431904,114716017,15827578,5964817,+
4239383200,704749393,15832027,10821752,+
3332335069,3082823557,15832513,7673761,+
3346546529,3031909752,15836036,7042153,+
3979714405,9464973,15837483,3293119,+
3465752592,2830766929,15838759,6093186,+
3903738696,1529616929,15840980,3157895,+
3970603063,1226723705,15843258,6160032,+
3977982073,549647927,15849750,1580460,+
3955355489,1085124607,15851478,2173878,+
4119327824,675988593,15854290,9156079,+
3925985789,1611065477,15857503,6183417,+
3909167713,1875246184,15858518,7452205,+
4002671345,99765248,15859082,5433777,+
3960078793,1058631465,15861061,620889,+
3969647649,921351512,15863939,1044034,+
3946865771,1230599365,15864666,679260,+
3484472696,2903879361,15869204,7621841,+
3700835617,2345492784,15872706,3278269,+
3492022883,2756117965,15875394,748152,+
3553033157,3155185469,15875503,10624983,+
3862605529,1809614978,15877245,1635036,+
3959448688,1165027569,15881571,2472740,+
3664299521,2872366856,15885569,9798528,+
4016282069,497305293,15890155,5827123,+
4110651393,2040567160,15893019,10907666,+
3977617297,3745457112,15894318,15075575,+
3996132229,355011277,15894383,2460301,+
4413591329,980154768,15895630,12324931,+
4031876594,5010937,15897288,6395493,+
3903229831,1646415401,15900366,1805628,+
3956615648,1307742705,15901052,3963299,+
4140834080,439557761,15903628,9184095,+
4118421345,257828168,15908819,8733038,+
4024265448,713333105,15914896,6097213,+
4030299489,2801280632,15916036,12351767,+
3870221856,2897591041,15919388,11594751,+
3682488569,2674054282,15922419,8316672,+
4163627449,2920693801,15925505,13454615,+
4499649408,1707709969,15927733,13345860,+
4013473537,125870304,15935077,3622218,+
4034496863,1397892769,15936720,7900728,+
3459965681,3342226616,15937949,10921884,+
4184587873,643725040,15939689,9736976,+
3936982273,2065799040,15939928,8524737,+
4059293891,616267165,15943410,7077294,+
4164190609,1616645016,15945750,10418615,+
4279152032,481018689,15952874,10818859,+
4027583672,129171729,15953042,4876073,+
4258274769,978417233,15957295,10741481,+
3997258432,1197807217,15959240,5173379,+
4017066361,388095481,15959699,1309519,+
4433228287,1296792497,15962124,12497130,+
3979641729,3421512128,15963845,13974502,+
5048976616,24287025,15964406,15890145,+
4077852833,922186449,15966041,7752955,+
4013389393,798715200,15969817,3249534,+
4018839945,885365513,15973139,4741847,+
4457413601,166919361,15974689,12374023,+
3826597073,3656185400,15978174,14118023,+
3562462209,2952660728,15979547,8708750,+
4555413169,1470497152,15979583,13427842,+
3935108904,2033683457,15980006,8020187,+
3781863781,2362161611,15982236,6708246,+
4444585560,1461976433,15989638,12643951,+
4060881721,688323050,15991005,6606012,+
3271109065,3123891938,15993591,2728716,+
4044044753,164319535,15996372,5078856,+
4593535240,1230818593,16001149,13502122,+
4285643489,2942422977,16003357,14016493,+
4225642993,2283152632,16006610,12138575,+
4013363905,1027346568,16011537,1280656,+
4400711025,719612056,16011786,11872495,+
3348022845,3114759541,16013467,6679425,+
3931137881,1909986391,16022784,6521526,+
3999141443,1617564445,16023114,6906798,+
4491033069,183416533,16024917,12529115,+
4241902589,825763877,16026621,10221883,+
4168216429,887607397,16028501,9183863,+
3953242673,2994255600,16031728,12256909,+
4173109965,2244647461,16032453,11569105,+
3956352193,1964432440,16040623,7581764,+
3895886257,2940415984,16041389,11636872,+
3437542704,2955213473,16046695,3341896,+
3784328408,2309464545,16046942,3784973,+
4219172263,3151287737,16047090,14150130,+
3934761419,2198391397,16047864,8500086,+
4200638360,85401873,16051792,9377717,+
4042667821,729235715,16055880,1093662,+
3823981409,2192912088,16056260,686743,+
4224578225,941042568,16060289,9924214,+
4580586794,799404073,16066551,13159260,+
3998848993,1399923409,16069841,852515,+
3963481905,3035469328,16074253,12377508,+
4057215293,2579550405,16076477,11444077,+
4130994088,1443854689,16077545,9043964,+
3700335717,3401727389,16081849,12334079,+
4977100049,2084567792,16082916,15994357,+
4061372768,380373105,16083848,3348739,+
3995752509,1771400693,16089265,6958037,+
4555006961,2677358136,16090781,14697536,+
3852015409,2758658872,16091167,10266122,+
3385439009,3118151647,16094784,6700548,+
4150275325,1057919781,16095639,8633015,+
3973510289,3370485168,16096282,13568905,+
4024577386,1273865705,16103850,291747,+
3269905249,3188006472,16110354,960211,+
3715155049,2556358322,16112907,4903542,+
4176839197,461452053,16115985,8615755,+
4813814016,2490275921,16123304,15612443,+
4078755065,538924471,16123488,4550850,+
3733326737,2507403624,16126763,3560036,+
4667292968,1325865185,16133901,13797754,+
4250874599,2003684473,16134198,11434470,+
4138478256,919426385,16134311,7898750,+
3277090109,3194048517,16134797,1605709,+
3992012785,1627825041,16136119,3415065,+
4096287344,3325142913,16137190,13932997,+
3635968525,2861118803,16137834,7781214,+
4091557704,773416097,16138886,5781731,+
4059289337,1130586322,16147890,4295943,+
4040621136,1269632161,16149198,1091933,+
4075698513,716203424,16152475,334508,+
3765855626,2449233145,16154145,663318,+
4400095032,2637796769,16159577,13712216,+
3601122585,2932649833,16175019,7675523,+
4270280690,1776234121,16175241,11070360,+
3886247688,2139111569,16176265,1770922,+
4250381896,2699168241,16176592,12932637,+
4232931633,597397760,16178291,9321932,+
4079851392,859619233,16180505,1064700,+
4055711002,3575240489,16181661,14470638,+
3760226113,2489639760,16183729,478236,+
4214055288,624070337,16185205,8963030,+
4414751648,1451211489,16186460,11959159,+
4050516650,2462594233,16186632,10624509,+
4130440055,1670083561,16186854,8970090,+
4339891608,2858259425,16187854,13814771,+
3430141186,3221812121,16190136,8448243,+
4624116917,919995259,16192956,13258206,+
4194946789,2934195453,16197135,13188817,+
4092357544,783483057,16208324,953043,+
4145649080,1220302881,16212352,7943225,+
4071151313,1194353384,16215118,2630535,+
4169827041,2582483600,16223881,11957540,+
4456034065,1667151648,16224117,12424292,+
5063914681,1540226985,16224589,15918765,+
4314041953,617508672,16229130,10276435,+
4035260218,1553392265,16231848,2480673,+
3906645793,2235524159,16238634,5958870,+
4046797048,1486241649,16239889,163590,+
4183134072,2315934529,16240832,11255409,+
4577157393,2313832880,16241384,14025781,+
4200462513,1927863400,16245404,10384173,+
3954179641,1986968210,16246581,363240,+
4033809394,3096301817,16248411,12651504,+
4155645568,478710129,16254720,6741181,+
3655086041,2765264361,16256507,3408899,+
4026961573,1664564125,16260827,247349,+
4155296113,3537571320,16262403,14651036,+
4144687205,3385201661,16264235,14143779,+
4217661017,1955530234,16267596,10568037,+
4077672232,1306934577,16267699,660480,+
4137622025,536115513,16269131,5525101,+
4091471189,1163108333,16269555,316429,+
3970302560,2971396833,16272568,11694391,+
4111703165,1810799973,16277353,8512487,+
4089123383,1409566585,16279098,5544144,+
3950158545,2077854481,16282511,4228455,+
4521351853,319644035,16285122,12196392,+
4036013989,1786854637,16285259,5776313,+
4370588893,2046409525,16285573,12139273,+
4126273981,943345141,16288657,5142037,+
3880741255,2995641641,16290450,11048544,+
3776741345,2552331816,16290569,2887840,+
3859433249,2348325312,16291078,852733,+
4185095425,1629681441,16292845,9199683,+
4130831986,164199305,16293495,1914996,+
4074904594,1479622697,16296129,4410324,+
3501465416,3024438401,16297162,2686341,+
3692038360,2886651633,16299018,7854641,+
3977947049,2001631337,16299321,4436669,+
4422607690,1334705801,16308405,11606118,+
4075625760,1451370353,16309457,1054082,+
3779992952,2560433009,16309487,2513574,+
4067993233,1510341360,16309943,1041534,+
4355816273,417863985,16310333,10454581,+
4655851741,1757819509,16310735,13734035,+
4501496929,241145968,16312420,11954519,+
4442236669,1267518563,16314750,11717322,+
4134609421,708884661,16316713,3535329,+
4134702661,1365414301,16319227,6930227,+
3711306696,3256098865,16319391,11013470,+
3462315551,3418393825,16326180,10099632,+
4276404920,533815953,16331672,9216683,+
4207067681,828464936,16333558,7880643,+
4276734521,1519779946,16335504,10128861,+
4834155648,358391969,16336850,14297251,+
3788536401,2569280000,16337074,3175015,+
3954521560,2883560161,16341875,10973222,+
4154871497,1295991994,16350219,7026066,+
3862772432,2579036289,16352776,7568287,+
3888816007,2452813097,16353864,6719010,+
3748950983,2661155305,16354128,1224246,+
3380013905,3352569648,16359847,8263666,+
4158022865,430065968,16364424,3993797,+
4035255293,1922527445,16368379,5664999,+
5157487176,1552677121,16369512,16214849,+
4242424881,720144161,16369591,8377213,+
4104290504,1390448417,16370809,48048,+
4892374681,297383015,16373640,14585052,+
4567506981,551785741,16379083,12379311,+
4290233552,1138053329,16384133,9567924,+
4390451945,5670343,16384848,10585986,+
4132891361,1193560256,16386318,3736883,+
4279523233,2906847480,16387363,13249974,+
4147294449,951709952,16390184,2325469,+
4154250205,783565173,16390629,233063,+
4130795045,1211929613,16392123,2840897,+
4266795697,689219184,16395137,8709114,+
4805688241,213257136,16410198,14005441,+
4745567953,152131800,16410491,13613964,+
3620213705,2929870978,16410519,2907972,+
3719407449,2764080937,16413171,530117,+
4164943237,1963005069,16414569,9216539,+
4350108840,123477713,16416364,9922171,+
4168555585,1007709216,16417045,5349606,+
3469085929,3374965321,16418045,9316175,+
4158564801,2704238920,16420618,11738805,+
5139004705,1756557376,16422874,16171645,+
4655672328,1844817985,16424747,13620258,+
3859698209,2846100152,16426631,9380436,+
4188357523,910466765,16426638,6136146,+
4168316193,1161202360,16429699,5791146,+
4162135713,935060744,16432772,770855,+
4178017810,157097033,16432884,1907193,+
3944762480,2260375793,16433507,1105572,+
4161885592,1007596689,16442889,1899514,+
4181209249,179696017,16443151,25763,+
4171202641,833296000,16445492,1661275,+
4628905464,666800161,16449090,12731005,+
4052786153,3340224185,16449489,13227991,+
4080385837,1776988979,16450158,4226958,+
4066550665,1842569138,16452918,3876531,+
3928986653,2353264915,16455696,4344858,+
5238908633,439402569,16455767,16297295,+
3628759681,2947633360,16459295,1246448,+
4189519488,1932427505,16459741,9259688,+
3672697559,3215746777,16461876,9835134,+
4189522289,2607881432,16464273,11549158,+
4203837857,1582109712,16468220,8280217,+
4265332937,1367609239,16472394,8990082,+
3892104337,2448962289,16473311,1512447,+
3583113737,3043799554,16476003,4758366,+
4875775535,1974134401,16476720,14946282,+
4154965321,3018136586,16480353,12631188,+
3727796561,2834356640,16481604,5290085,+
5127591977,717638023,16484700,15737490,+
4451711889,559619752,16484727,10983266,+
4200322792,938945889,16484887,5737956,+
4466589953,1867752104,16487615,12141048,+
4164860968,1837691905,16487734,8213083,+
4244669221,3261066925,16490515,13888559,+
4193794352,581733857,16490568,1579255,+
4886401424,2327195777,16491643,15335322,+
3971212769,2264224112,16492851,3954166,+
4206105681,898806880,16496802,5726105,+
4199297473,288374255,16496952,1755618,+
4216102209,2231779232,16497551,10462744,+
4061725105,1925236048,16499818,2298689,+
3492907633,3223981264,16502147,6659200,+
3549543161,3089069770,16502625,2366346,+
4175715296,1119693105,16505062,1314145,+
3687099793,3139608064,16505899,9096340,+
4030756485,2060569181,16506425,1041911,+
3994904193,2210961944,16508027,4159270,+
3974820248,2558103425,16508027,8522082,+
4694468705,1026033288,16510076,13186519,+
4195981994,781723993,16512810,1289961,+
4203830824,431643457,16513966,264853,+
3845668231,2598735401,16515138,2381028,+
3723450545,2836091408,16517446,475647,+
4084112565,2021605853,16518181,6634697,+
4167599373,1525756805,16518443,6209177,+
3802698929,2826971592,16520063,7461914,+
4499959234,2044314617,16521591,12594078,+
3697777697,2883970824,16523783,719332,+
3779862808,3187717089,16523955,10432378,+
4086417169,2405363872,16525643,9328696,+
4053650209,2003968032,16529277,1782154,+
4308565521,2905658896,16529653,13145448,+
4229026841,295528426,16531326,5589369,+
3738893792,2821276833,16533475,515510,+
4855442203,1178740709,16534272,14261580,+
4269267401,59165671,16535382,7435584,+
3848575517,2630335589,16537917,4466509,+
4193293873,1046886064,16540550,2333663,+
4312571027,3400761757,16540860,14538774,+
3896494849,2513816488,16546075,3107606,+
4238352049,2196651832,16546943,10415498,+
4741873873,757438175,16548168,13381902,+
4739204473,2794155705,16548507,15191639,+
4307971769,734389498,16550232,8540115,+
4063761608,2003374529,16555776,2185135,+
4276994433,3383724560,16560832,14295263,+
3459741136,3234224881,16561852,1524253,+
5257250689,1156997232,16563707,16356834,+
4145124536,3615194321,16564296,14415941,+
4933963903,114996785,16565184,14549814,+
4596399505,672989448,16565268,12194389,+
4330916065,773243041,16571545,8902967,+
3898170985,2622071138,16572648,6539553,+
3924375945,2657508953,16573463,7829377,+
4520731031,1812423961,16575114,12296796,+
4185171361,1336973856,16576921,3682836,+
4122114665,2631379783,16580046,10614396,+
4211759265,970151648,16582051,2107186,+
3405806185,3305911703,16583736,370416,+
3897891489,2584877992,16585352,5364711,+
4609201281,3709191136,16586974,16451781,+
4248108881,239884880,16588775,5550102,+
4316192512,139959649,16592584,8241577,+
4096238352,2009355697,16596415,5590122,+
4243417176,304298401,16603363,4587198,+
4063397593,2427076490,16605399,8555046,+
4158293488,1787588449,16608595,6248306,+
4524908906,390503545,16611423,11344590,+
4392961160,179864913,16613426,9630631,+
4215404929,1090624768,16614625,1220092,+
4103378650,2575624553,16615086,9992013,+
4303708680,110703313,16616184,7683013,+
3554001344,3413640737,16617987,9575282,+
4004082536,2293838945,16618029,1176550,+
4379051537,1758936512,16620055,10701246,+
4492449529,3936861938,16621275,16568616,+
3505873313,3220033760,16621886,3463779,+
4198865949,1419283477,16630419,4459591,+
4288187952,1063736737,16635180,7679591,+
4883436439,1208669897,16637166,14282346,+
3609775736,3158562065,16639504,6593355,+
4435330765,312802341,16639995,10150417,+
3682215601,3015316096,16641427,5044592,+
4893021105,408867313,16644561,14182921,+
4130364232,1857189009,16648584,2563541,+
4443973729,317399137,16651037,10223429,+
4266219191,534061561,16657476,5334426,+
3689392135,2999358041,16660842,3491250,+
4151698913,1838739720,16663258,5107507,+
5128635720,2690526193,16672974,16663247,+
4243265056,1042644961,16673929,3934552,+
4365498145,463833743,16684878,8725824,+
4468556317,4017166837,16686355,16632511,+
4504671933,975834565,16692411,11011067,+
4234359955,4022961053,16693392,15866322,+
4315167721,321099506,16693722,7222869,+
4242783673,1384550090,16694226,6069711,+
4531546497,2094947264,16694504,12520159,+
4267915393,126240000,16697377,1851348,+
4212900058,1465870649,16701030,3335487,+
4122767578,2454243449,16701030,9166257,+
3961065869,2871505493,16701777,9461455,+
4017269432,3618926193,16702310,13619375,+
4336704344,3748927073,16705680,15408151,+
4345771424,1879735857,16709434,10184671,+
3765843977,2908088217,16711775,399719,+
4361150245,1305381501,16714557,9186085,+
4783799327,49811089,16715658,13312128,+
4243956949,1219627917,16717483,3481827,+
5179047185,2183184368,16718794,16334487,+
4328720669,650693,16719073,7385505,+
5148503309,851759157,16722013,15578563,+
4723023490,316376633,16722681,12840498,+
4072614355,2257928333,16727922,5249646,+
3976242872,2635775777,16732221,7271890,+
4316018720,671769201,16735151,6899050,+
3605874845,3324505973,16736231,8480181,+
4232087665,1438035648,16740143,3946902,+
4867051937,2513394992,16744570,15141027,+
3983838177,2701103624,16748408,8073737,+
4988214888,1503586145,16758739,14850578,+
4501304641,3942180984,16759275,16469810,+
4396062977,1048943864,16760293,9211782,+
4695725305,606861801,16760985,12554351,+
3991029013,2497103245,16761517,3802549,+
5080474745,169838121,16762075,15115013,+
4314359917,2315124949,16765699,10819613,+
3519562837,3504259597,16770043,9317485,+
3426315181,3389648421,16773407,1918749,+
4509244229,516705677,16777771,10592073,+
3505818033,3313879784,16782080,3564589,+
3965708693,2579076365,16790403,2598757,+
4181799792,1870583057,16795090,3223721,+
3558892344,3256424753,16797260,867059,+
4310479320,16917121,16799455,4581612,+
4733087473,1795654960,16799651,13392352,+
3892400448,2759601505,16801172,4184937,+
4060001951,3727893601,16804164,14052216,+
4601482474,468224393,16806129,11543640,+
4511569296,523197505,16807659,10502810,+
4073676465,2306585848,16809153,2525266,+
4282499697,1111080784,16809859,2842248,+
4055934360,2798884673,16813306,9667883,+
4302164384,666033857,16813393,1723908,+
4473383737,1308731522,16814907,10426140,+
4255367753,1528217170,16815348,5097159,+
3499246209,3345101032,16815483,4244282,+
4690906114,1984516457,16826331,13255902,+
3698296621,3238656181,16834961,8063887,+
4298166322,1166323529,16835178,5074653,+
4443815920,2601404433,16837237,12573168,+
4160516176,2031125745,16838524,1483875,+
3881113505,3866337608,16840546,13757853,+
5157410785,1803522408,16840691,15818574,+
3779607424,2979971553,16840755,2139274,+
4308080121,1068975161,16840859,5216297,+
4219018973,1749268819,16841574,958740,+
4709132601,32682601,16842059,12442677,+
4338197545,590273186,16847445,5989854,+
4192424513,1969834880,16849658,5190507,+
4320246433,69292984,16851239,21500,+
4538761625,2879078153,16853393,13839849,+
4522148896,3471787441,16864429,15203968,+
4240514447,3190936609,16867032,12913074,+
4284608808,1481827745,16870826,5475491,+
4680979913,77546554,16871688,12114705,+
4775179296,1661558065,16871795,13420812,+
4321261537,2471508609,16873629,11015549,+
5030743241,3024993634,16874355,16488930,+
4266731141,1508594861,16875921,94219,+
4332490897,1837525024,16876094,8949449,+
3909762189,3605702437,16879767,12631843,+
4365358033,2476201000,16883077,11439344,+
4004227169,2575884192,16885292,1502807,+
4333890833,505076280,16885463,3927182,+
4398756568,3185017345,16886698,13784539,+
4261163357,1587832197,16889735,755639,+
3931694568,2838131585,16893304,6844193,+
4665947528,850143809,16895796,11995535,+
4409971487,1050999697,16895826,8585340,+
4594457917,931052389,16895939,11298661,+
4233620393,2086872490,16896663,7670208,+
3685106680,3168982401,16900485,4111282,+
3916007089,2784575752,16901357,2580568,+
4023532977,2554408273,16904035,3515595,+
4257756968,1658134385,16906588,2593917,+
5304804344,1891332977,16908154,16510959,+
4234460901,2575001245,16909199,10298775,+
4062503917,2764887333,16912855,8931045,+
5268323085,1923761093,16915213,16350833,+
5002988081,124181455,16919220,14423652,+
5230084221,1596505925,16920355,15977309,+
4700696417,2081641807,16922280,13256778,+
4381221241,148647561,16928351,6670143,+
4843481153,2881907600,16929826,15342507,+
3786216640,3032349201,16930315,169776,+
4200491111,2604788041,16930998,9902088,+
3802566840,3007851361,16932090,1088621,+
4723024129,101872312,16932266,12336229,+
4067083473,2479211264,16936763,3884000,+
3560986657,3515927032,16937213,8917810,+
4353976133,1281634605,16937771,6954529,+
5127291521,1987233360,16939205,15670834,+
3989704065,2678969393,16939931,4435159,+
4303365490,2270331881,16940175,9752064,+
4553760833,2658868560,16943503,13248796,+
4471458096,2292924065,16944890,11742691,+
4806721633,596923704,16945325,13029174,+
3908199576,2840484241,16948023,3221722,+
4341195025,885251248,16948174,891223,+
3965198097,2722369144,16948482,1633321,+
4422654370,1841258393,16949136,10055277,+
4023517765,2754386411,16956846,7611180,+
5377143565,1984589603,16957104,16849806,+
4908464401,1760080056,16957242,14232169,+
4511661898,117424409,16957275,9781008,+
3905917057,3213227824,16960208,10005919,+
4211953291,2139549605,16963020,6439842,+
3991472117,2852718139,16963092,7957134,+
4284274213,1918226699,16963560,7331394,+
4477846169,1596930082,16967226,10236351,+
4484492673,3001934705,16967779,13613759,+
4035459361,2744090200,16980295,7547996,+
5373119305,174223826,16982724,16377735,+
4365259713,61087040,16982744,37201,+
4366192673,763156560,16986526,4536323,+
4362023864,740695697,16988902,3166857,+
3840539040,3335410673,16989074,10109873,+
3603555641,3446835321,16992643,8129903,+
5183332353,1578252800,16993343,15637868,+
4107754001,2423800961,17001459,1253783,+
4546661845,493340701,17002235,10133393,+
4592023000,3930061201,17007224,16485995,+
4449552298,856237385,17011071,8402016,+
4362357337,2292160537,17016971,10288375,+
4053634081,2877161680,17017027,9003190,+
4354705073,1091128800,17018194,662719,+
3670714353,3323839280,17021012,6884573,+
4413791377,5823489,17021501,6723207,+
3890209685,2991313373,17021787,6411247,+
3899717293,3142059395,17023056,8927166,+
4382914112,190592769,17029744,3124927,+
3723265345,3323585416,17034506,8014805,+
5027805241,970125986,17034612,14467227,+
4387140449,798630672,17035132,5207017,+
4629149049,3373287017,17036597,15197221,+
3843454904,3624154017,17044964,11887513,+
4480586312,2679019377,17045437,12544160,+
4941586069,2769028477,17046349,15482911,+
4002845441,2810603976,17052436,6497921,+
4821497483,1766831269,17052894,13481640,+
4364967113,1132631650,17055042,1800051,+
5171106425,1391837818,17056593,15406146,+
4171250042,2747039689,17062731,9614838,+
4244728681,2029111226,17064942,2344467,+
4126729553,2440044559,17064978,515790,+
4440681061,251500941,17065709,7251273,+
4550038472,2180977089,17068402,11847157,+
4550143656,2268710081,17070118,12034421,+
4180696437,2281481629,17071179,2059687,+
4351983649,1362824392,17072579,677722,+
4828471607,810248569,17074506,12948228,+
4468060357,1269439643,17075250,8885850,+
4216893777,2165908832,17076826,3202585,+
4324840337,3392850872,17077232,13668075,+
4384266649,944234601,17080515,937675,+
4091036833,2579285440,17081276,4727513,+
4317524784,1715828593,17081859,4453100,+
4270034009,2567754682,17083212,9903141,+
4645506384,4114485617,17086924,17057923,+
5333605447,2334650729,17089044,16774002,+
4411873921,648143856,17089552,5404191,+
4693901217,3972100849,17092153,16856829,+
4355631137,1530676879,17095458,5329044,+
3861201617,3091629024,17095481,6424198,+
4466189005,952068981,17096365,8198739,+
4447219957,505096189,17097151,7166891,+
3829720272,3088488769,17099121,3463568,+
4470613969,1338460177,17099797,8891291,+
4665042442,1682622809,17102184,12000597,+
4771467185,2508950088,17102252,14041747,+
4094758389,2575664077,17105057,3435351,+
3879368077,3008993173,17105675,1727795,+
5030230528,959507089,17106475,14360744,+
4017126553,2752422554,17108040,1897227,+
4407509309,506733043,17108220,3017166,+
4482843983,1948613905,17119266,10377174,+
4351699417,1522182362,17120502,2164185,+
4461888648,1345702049,17124775,8518652,+
4979495593,1560835610,17126592,14249991,+
4561921642,2790076217,17127060,13227357,+
5065206576,347347985,17127526,14478295,+
4432366873,102748634,17130750,5564169,+
4396301505,4041572168,17132149,15957178,+
4418695016,544374881,17135314,3867117,+
4927493818,2600032985,17144436,15014523,+
4284036305,1984044993,17145893,1761679,+
3936942648,3247949329,17147760,9691253,+
4047035640,2725919713,17151022,1821939,+
3997307426,3174186361,17155386,9803127,+
4618825089,2092859752,17158139,12042366,+
4507667601,809853560,17158793,8587030,+
4539465888,2837599409,17159443,13126960,+
4356799861,1985739165,17160103,7860405,+
4700403265,403049608,17162389,11444842,+
5136109184,147668273,17163342,14856415,+
4498523297,815364104,17164982,8309091,+
5390450705,2485138353,17171279,17076769,+
4464442305,1943622136,17172204,9837935,+
5304826369,1153484848,17172607,15896320,+
4140488529,2894244728,17173927,9526210,+
4506973889,2485247792,17174608,11876241,+
4586726840,644297073,17179544,9913283,+
3633936408,3426099089,17180971,5718500,+
4424728696,862508881,17182078,3259481,+
4462304555,720627973,17185008,6697242,+
4488213413,716778845,17192307,7644067,+
4527633433,632428610,17192832,8685741,+
4407040673,1216059360,17193437,1421746,+
3911328617,3621901639,17199852,11866998,+
4326925144,2418226033,17200408,9343555,+
4890956129,2156896472,17202144,14094889,+
4440843505,182416008,17203078,783921,+
5374706722,1394611049,17205051,16286058,+
4388666089,1815174297,17205227,7325949,+
4300892189,2678449413,17207627,10263245,+
4446898009,497284103,17210454,4248090,+
4978237361,3532268264,17210910,16802305,+
4497776629,1948441403,17215752,10133490,+
4334405720,1994113233,17215834,6240199,+
4389379513,1950703490,17218329,8000286,+
4586724769,2331010032,17218851,12074518,+
4802206576,1710389665,17219357,12916270,+
4775124725,1988151021,17219795,13028837,+
4533403505,2214594768,17220803,11261768,+
4479696349,892419877,17223829,7141099,+
4131328978,2997418409,17225505,9846972,+
4448840016,304043201,17227144,1512943,+
3846721712,3208467969,17229953,6529096,+
4372036657,1672303024,17235526,745823,+
4678426353,2401628705,17236469,12934079,+
4373770421,1711548331,17237574,4457718,+
5186190381,1414176325,17238023,15245475,+
4365367121,1746532161,17239841,3667147,+
4269647121,3494169640,17241013,13389120,+
4502846905,215745433,17246887,7292749,+
3894661953,3094852625,17249683,3671321,+
5331426146,734264281,17251569,15865578,+
5197786025,3065294553,17256049,16847407,+
4574548273,1730894400,17260749,10499048,+
4144715755,2604728693,17264706,2279562,+
4508608661,876704685,17270029,7617715,+
4435979681,1834535160,17271448,8181415,+
4048984648,2831762529,17275328,2192745,+
4993393697,3158088657,17275535,16084627,+
4407085781,1565001981,17276659,4285169,+
4443474441,1544218841,17277317,6933269,+
5257664688,136366705,17277999,15398342,+
4231886381,2451689731,17280936,6055386,+
5013740417,1048691839,17281176,13962072,+
5149822821,1354206125,17281463,14943685,+
3701340689,3397521632,17287058,4988823,+
5149422727,2520077609,17287596,15857454,+
5084416441,1524969801,17289681,14614993,+
4637771269,3225081277,17293627,14471243,+
4453534288,3766474609,17294851,15122260,+
4288592177,2199009512,17296563,1575920,+
4445386265,3285436903,17298144,13556496,+
4349267297,2069584577,17298729,6312175,+
4427365941,1425274525,17300685,3079567,+
4523487664,3957726897,17302778,15962241,+
4744652995,1449429101,17303832,11921910,+
4371909504,1839056417,17303896,3360967,+
4082509165,3485912853,17303997,12001267,+
4950682520,3583967073,17305904,16694441,+
4766656669,944342723,17307150,11805318,+
4303283293,2158318885,17308151,313903,+
4455959385,1141307593,17313423,3234473,+
4254205473,3868664465,17316037,14563721,+
3812959952,3281205809,17318221,5333772,+
4293636617,2216124633,17322355,193075,+
4460408897,1164775224,17323306,4027157,+
4887227616,1474784401,17327881,13137174,+
4404286336,1681645665,17329554,883565,+
4327305419,2098881637,17332752,2183406,+
4448943073,1303685824,17333680,264823,+
4550958823,1881334985,17333688,10156422,+
4295341293,3196285925,17337247,12116701,+
4266458781,3116692469,17339225,11509205,+
4281038458,3077718905,17341521,11447946,+
4455715824,1289396897,17349532,431783,+
3950018905,3077287943,17354406,2840838,+
4748375232,88519249,17359003,11292216,+
4401102067,1775174717,17360574,1589700,+
4245535193,2702105625,17361211,8573927,+
4234460065,2474934696,17366745,3319912,+
4530051208,1663010049,17370612,8984575,+
5232885576,1828665281,17370991,15542372,+
4829993361,1109123936,17374699,12302984,+
4501639149,67973797,17377523,2415297,+
3960485553,3083482744,17382984,3400685,+
4010640137,2994738729,17386007,1039973,+
4375610849,1968260952,17386936,1854089,+
4542162233,1260148810,17390127,8076894,+
4506062304,87782737,17390528,2345637,+
3678292129,3623909121,17392735,8744775,+
4773025200,445528433,17394848,11463869,+
4640691128,750834497,17394990,9687445,+
4579260161,2667474440,17398154,12365595,+
3784751137,3351007312,17398696,3794105,+
4681145441,1782519521,17400849,11344097,+
4511323145,332143481,17408815,1149489,+
4387021685,2741481533,17417581,10678311,+
4430771000,2992802753,17419844,12138129,+
4343546189,2192469523,17426070,4060638,+
4134893081,2992347031,17430456,8484666,+
3980909889,3790049137,17434191,12592387,+
4505714064,1126536913,17437627,4588200,+
4357607505,2600106416,17438119,9414010,+
4238734757,2785193757,17440763,8506805,+
4579774449,4291542328,17443215,16948774,+
4775177545,2271592041,17445495,12933467,+
4312900216,2317336081,17446283,2260936,+
4770408256,2189389041,17447133,12745952,+
4514114045,1301294131,17450430,6179064,+
4542537221,739214061,17453197,6059113,+
4521582256,889980241,17455207,4212362,+
4172936545,2762235553,17460299,5318051,+
4500050045,2270700211,17462130,9963828,+
4504725729,1221651392,17464142,3819853,+
4337346497,2481556639,17467962,7838046,+
5139955169,2378600097,17477081,15379913,+
4746212193,357819680,17479168,10802647,+
4691699257,1578762194,17484183,10830354,+
4605153353,2352279655,17485404,11452458,+
4617184000,3217277361,17489325,13977728,+
4480314521,1566806921,17489913,3796063,+
5064457240,3506446513,17490628,16787411,+
4743772544,299459457,17492933,10706554,+
5456093733,2612038765,17498899,17148513,+
4845463616,239780001,17500067,11890226,+
4134611971,3316448861,17503566,10737522,+
4560386705,316955503,17503692,5632596,+
4111634680,2953550481,17508873,5999030,+
4588898753,1130935440,17511964,7969391,+
5258364033,524943649,17512209,15063625,+
4688872849,1109441217,17512263,10098701,+
3763827009,3652543552,17513648,9447567,+
4560903577,623481897,17513821,5667675,+
4185368792,2752424657,17514340,2907771,+
4534147665,983843153,17517559,1108561,+
4242040985,2683486233,17519209,6178949,+
4496501033,1779483754,17522520,6906057,+
4443118001,1879103000,17525932,1168365,+
4603591130,721225561,17528955,7706928,+
3922833712,3260904097,17530201,4956740,+
5452331233,2965291320,17530867,17496198,+
4655811489,1117355272,17532323,9407718,+
4749497089,1729561312,17533439,11551204,+
4018847537,3503973872,17535318,10755425,+
4611978897,815218784,17538508,7964053,+
3655524971,3579158725,17540184,2592510,+
4302102185,2486228743,17545098,3903936,+
4939211641,2025678146,17549097,13575282,+
4195433185,2816138376,17549182,6041805,+
4500642371,1559197885,17554116,401520,+
4532003437,4151334789,17554283,16246401,+
4769490481,1593921136,17554982,11513567,+
4575630928,289404945,17557899,5293232,+
4525826224,1892579713,17561825,8126108,+
4846720941,3194024405,17563067,15048965,+
4124610801,2927364440,17567000,2162851,+
4280616525,2953404853,17571943,9701151,+
4910250353,2645005400,17572408,14276547,+
4599011360,1400748881,17573915,8252436,+
4606096957,1576413189,17575359,8882857,+
4369971497,3114282729,17578261,11611519,+
5042875773,2037895445,17579549,14247089,+
4887865137,159973457,17580235,12075133,+
4555378651,1110036101,17580366,4399902,+
5331781208,1014154929,17580920,15456749,+
4458938857,3103543849,17584091,12307121,+
5211388904,2822373617,17593572,16160483,+
4555641344,1942619537,17595529,8810046,+
4590229201,1037510416,17602952,6529979,+
4464755888,2550062385,17605582,9875233,+
4345687021,2450084229,17608465,5029605,+
4512202176,1653952705,17609007,3956140,+
4294302920,2582846993,17620886,1944489,+
4592450632,121460497,17625836,4304885,+
4288142881,2768786976,17626806,7713469,+
4668538497,2543429584,17627934,12129211,+
4847258760,714078673,17637893,11497464,+
4095062577,4047692929,17637931,13980999,+
4505745472,2771268529,17638931,11238836,+
4591871344,385595457,17642319,942704,+
4272493576,3983090721,17642883,14507198,+
4569074786,1700647945,17644596,7623225,+
4317023289,2553918617,17648161,3217211,+
5730396913,340924624,17649265,17377058,+
4960623601,1040942416,17649743,12717394,+
4999263336,926765105,17656922,12997855,+
4755966001,803249121,17657641,10213101,+
3882664184,3382289537,17658081,770888,+
4511593544,1841487137,17660772,5305529,+
4280937416,2806522401,17661319,7558876,+
4579785133,1109008405,17663233,3033911,+
4605568512,1793137,17666704,4075005,+
4761041633,465453775,17668626,10138416,+
4725164049,1050730912,17672907,9769276,+
4702056797,2814738117,17678705,13002241,+
4495177713,2948334760,17680227,11701504,+
4658307641,987642055,17680956,8106720,+
5334665944,20633457,17682641,15247602,+
5010903613,3246756085,17687467,15790607,+
4464522281,2098810546,17695026,3720507,+
4106292961,3067371216,17697673,160812,+
4516606171,2071653461,17708862,7195872,+
4320397568,2616150945,17709614,3689827,+
4384028033,2726367680,17714256,8822239,+
4819810475,2628765061,17714928,13338150,+
4080981249,3269776712,17716069,8152522,+
3769444049,3566982912,17716886,4519609,+
4626280849,269909952,17721271,4500474,+
5281843825,3311215176,17723665,17073774,+
4593086995,2088066893,17723802,9250398,+
4730294680,727767633,17723926,9320487,+
4684003849,1419059673,17732195,9066627,+
4584283949,1397032963,17733030,3678144,+
4482583256,2391199601,17733418,8344977,+
4617608617,804185529,17737017,1403729,+
5139399041,200689080,17744290,13833467,+
4018100024,3345492497,17744407,7507794,+
4672084728,2728937809,17744590,12336729,+
4599711049,1255118457,17744903,3466887,+
4458729608,2332893185,17747547,6791722,+
4302645073,2747970225,17751771,5759891,+
4597837992,1285020929,17752129,1719208,+
4643943277,79799029,17752901,5356883,+
4649677000,271277953,17752952,5901791,+
3742751201,3612521376,17754163,3834314,+
4610360377,1384293482,17755299,5963640,+
4711649677,227037669,17755397,8501391,+
4634157857,1310350712,17756217,6974980,+
4159728793,3448211865,17763301,10762071,+
3905129501,3421884691,17763522,2711052,+
4467270109,2565152293,17769037,8922845,+
4578082944,1589497681,17772690,3733415,+
4638730497,249808112,17775220,1051007,+
4088259056,3589630481,17775529,11020026,+
4457737360,2613178113,17775908,9006849,+
4459149623,3022406089,17778312,11312340,+
4569879913,2089887815,17779944,8248182,+
4635154567,892441817,17784690,3987618,+
4813530049,4009015297,17786813,16596709,+
4505144401,2360895576,17788827,8172712,+
4376231328,2541919969,17789005,3125538,+
4942899176,3252830081,17789128,15316959,+
5136217025,1878014328,17791669,14308954,+
4397138904,2939426977,17793726,10042019,+
4682987096,3830322561,17797774,15555973,+
4565444285,1744158021,17798305,3277337,+
4906300145,2559290648,17805213,13615004,+
4281028413,4146155125,17805347,14895273,+
4574289385,3669337898,17806068,14531673,+
4494657097,2135124674,17806263,1522416,+
4659859809,13166888,17807575,5003968,+
4699502165,641696573,17808199,7681461,+
4350564866,2913104761,17812068,8946357,+
4457136688,2357295649,17813885,5542558,+
4815546657,185831464,17814023,10234656,+
3993079649,3359560783,17821212,5179350,+
4897116751,224233745,17827530,11323818,+
4654513520,660244961,17829321,2941180,+
4476378113,2911761344,17831410,10736229,+
4649844081,878540320,17835210,2307473,+
4652456565,814863341,17837855,959231,+
4754292889,2449004522,17847897,11991666,+
4599536221,1730044821,17848011,5636897,+
4916265201,1525505080,17848776,12021085,+
4388576144,2890492577,17849016,9203303,+
4665357153,182497840,17851312,411177,+
4792475025,1014637576,17852140,9885099,+
5253530632,1695105009,17852259,14824288,+
4636980317,1298420179,17853636,4120938,+
5376768265,901806578,17854509,15282714,+
4580724368,1772783025,17857363,1006744,+
4649039713,1073875535,17858802,496896,+
4680626837,1310989917,17859635,7436311,+
5196840857,189894394,17866758,14003703,+
4309663953,3137583184,17871150,9720953,+
4681231673,624558010,17877663,5100378,+
4563317024,4369297617,17878471,16618346,+
4698016097,1709480912,17878650,8983699,+
4672909561,962237111,17878788,5236974,+
4675743993,195521225,17879743,2390897,+
4084606552,3315024529,17881259,6958384,+
4579480097,2056310984,17883492,7035271,+
4653305384,1645396737,17883968,7350079,+
5052916817,3421670064,17887954,16069657,+
4330312709,2768090637,17888201,2065147,+
4611862385,1635900408,17889647,2570422,+
4759788833,609087840,17898301,8587438,+
4733947505,2229296753,17899131,10978229,+
4683086944,3388266337,17899309,14049118,+
4652899377,1638034952,17900365,7040452,+
4285511704,3349410417,17904624,10781693,+
4540567905,3593611448,17907398,13886701,+
4863343432,271177569,17908118,10509549,+
4560639928,4076024385,17914737,15623164,+
4632256793,1536573065,17915817,527087,+
4116735313,3321660312,17915950,7629735,+
4428800665,4384315993,17917153,16153501,+
4525725283,2185612445,17920512,1344468,+
5198937991,2728014041,17921286,15496782,+
5581030849,705065512,17923381,16322854,+
4829055232,2262822289,17925452,12031019,+
4057696832,3326052689,17931161,3873642,+
4232302360,3046147153,17933494,5035097,+
3958605736,3867439665,17936520,11312371,+
3916131001,3579619826,17937174,7005207,+
4397905977,2643748297,17937255,2134153,+
4601051449,1852034617,17946719,2022461,+
4705231720,676148353,17947528,5183519,+
4723790849,2824201688,17949669,12463090,+
4704476945,113712593,17950507,4145253,+
5366383953,860536672,17955710,15044775,+
4880189129,198649497,17956093,10526909,+
4732285813,1076701115,17957592,7541874,+
3901983592,3701478177,17959530,8833283,+
4297493928,2928449105,17962172,4431269,+
4493795665,2965364256,17962602,10619495,+
4835793277,3945570949,17963423,16287911,+
4707173169,382022392,17973252,1094003,+
4335828025,3574947433,17974951,12288991,+
4689798497,1183782209,17979003,4230331,+
4165632448,3186359169,17980140,3319199,+
4261396241,3307908081,17983139,9739381,+
5640933344,2392730753,17983566,17252795,+
4710169120,529468353,17983819,2628822,+
4986540026,359278345,17987199,11796060,+
5333423857,1401477504,17989536,14933411,+
4028835337,3688348857,17990875,10195869,+
4151038657,3275139192,17991278,6589365,+
4327882865,3289995336,17995715,10422196,+
5503534625,1928378216,18002090,16198083,+
4388677313,3256111745,18012971,10832877,+
4748669021,2004156885,18015575,9947587,+
5008608417,3297518504,18017362,15391523,+
4595220936,2034253441,18020283,1023922,+
4850310593,561809840,18020981,9690162,+
4594436413,2071566085,18025883,4133899,+
4651787057,1702323984,18026419,572432,+
4731824225,1210964336,18026696,6787095,+
4263029987,3122280013,18029280,6888090,+
4758728024,4449278337,18030314,17328059,+
5338039545,3451747033,18037323,17193167,+
4955509808,3906237665,18039411,16570694,+
3853635777,3651765904,18040593,408808,+
4808832497,2983665872,18043792,13350045,+
4497533509,2743491277,18044869,8649911,+
4871952785,528621048,18048146,9920137,+
4788445840,3530181201,18050599,14772870,+
4856747608,1605337425,18051291,10578032,+
4911608569,300919658,18052740,10531731,+
4010456938,3595045865,18059136,8237529,+
3875479681,3661190736,18065953,5250348,+
4659034985,1995076041,18066415,7098467,+
4698731773,3482957269,18076225,14073149,+
4422597105,3004958848,18077597,9093984,+
5153695872,548866289,18079678,13182991,+
3913217576,3859961681,18080466,10139353,+
5074592986,663528041,18087603,12438342,+
4742235393,833870440,18089243,3520422,+
4640308459,2533411397,18096798,9719616,+
4336618349,4292582083,18099534,15196800,+
5220561057,1243068112,18100806,13855645,+
4681035589,3045588157,18101693,12375059,+
4730475345,1150758928,18102114,1035559,+
4768315360,361090993,18102544,5725741,+
4571625833,2316598265,18102917,4908939,+
4781140199,5737753,18105540,6543876,+
5589261288,2845076465,18111628,17322077,+
4874847448,1629552625,18113654,10578191,+
4539538745,2440685098,18120177,4088718,+
4760968285,245321733,18121767,3038473,+
4615070168,2285137505,18122874,6967379,+
4551345784,2392205217,18123363,3046978,+
4761382306,108666905,18124275,2517948,+
4760259953,1169516720,18125736,6251587,+
4973777261,2806542739,18128400,13882860,+
4137702913,3349159585,18134311,4025279,+
4764576889,6741098,18135009,831450,+
4548823065,2507105033,18135457,6430663,+
4764419697,1140908689,18137141,6142947,+
5420468181,2120127965,18138427,15686495,+
4523205229,2506177477,18139079,2233427,+
4785849274,300271433,18150513,5775180,+
4618853848,2370831345,18153964,7550301,+
5758129373,713050915,18156216,16953528,+
4689040785,2161208113,18158943,8172017,+
4484063893,2648414685,18159081,392941,+
4580723537,2965752944,18165192,10743077,+
4682668144,2767982913,18165205,11067354,+
4371126101,2938505421,18165521,869471,+
4671279517,1926821989,18166007,3674929,+
4832685073,2345702680,18168776,11385611,+
4328795016,3354688481,18171763,9956674,+
4021092096,3555697361,18172634,5493703,+
4592096890,2331113753,18176343,4331718,+
4778105057,725691224,18176514,4206157,+
5036309143,196746185,18179706,11665566,+
4757230776,1200424849,18179895,3533930,+
5103130981,1164227341,18180559,12602107,+
4889448506,540210265,18182070,9385689,+
4098215453,4072556515,18182916,12826764,+
5043992311,42479801,18186318,11730996,+
4215412129,3267976032,18189721,4278924,+
4820598832,717346209,18195102,7267229,+
4964443568,1390926785,18195784,11144367,+
4794857061,458919901,18196647,5133457,+
4053027160,3659052513,18205974,8690867,+
4865792129,80154753,18207727,8530865,+
4794070210,2579918393,18209733,11485116,+
4840536761,500852121,18209929,7737187,+
4361372013,3392418869,18210505,10472521,+
5606393216,137281425,18210667,16043000,+
5979415504,352547137,18211624,17950577,+
4668461599,2062734737,18218574,4340976,+
5532760202,233670649,18219297,15597918,+
5205188769,985287128,18220135,13351712,+
4694273864,1922463617,18228832,3391521,+
4209599467,3297040757,18229278,1774410,+
4100569088,3502444689,18233975,6087302,+
4302491369,3137999417,18234129,422089,+
5465647925,3569004333,18246607,17688241,+
4942745880,965344241,18247985,10187858,+
4146871168,3411362209,18252230,2265437,+
4920863770,3124507913,18252933,14022126,+
4482782090,2976522841,18253833,8584290,+
4816412560,776550033,18254456,5835477,+
4806627201,319977665,18254875,2419357,+
4314360321,3136160936,18257452,2515393,+
4801437824,869842577,18258136,3855573,+
4902888001,64270696,18259486,9045931,+
4031158043,3580340245,18262002,3664536,+
5690387440,2585820081,18265152,17332435,+
5227736437,679650669,18266097,13360303,+
5548415520,2669504033,18269443,16734638,+
4213135336,3442186225,18271196,8013475,+
4699463041,3647649016,18272666,14215621,+
4826659529,645942202,18272736,5922129,+
4361186041,3826361065,18274619,12870635,+
4288613833,3389964105,18282171,8844497,+
4099396353,3506154272,18282890,4014235,+
4942053410,3671034313,18286131,15543126,+
3964463161,3800458089,18286255,8566935,+
4810833896,904843025,18287340,3944459,+
6064062029,542305317,18291509,18261439,+
5041103213,1785122755,18294258,12149124,+
5061103201,1558253905,18296651,12088345,+
4048933169,3576344912,18298721,174054,+
4471080016,2835850081,18300457,2187512,+
4137625905,3460172593,18300853,3094107,+
4693540752,3619032529,18303884,14012091,+
4955398729,3669727538,18309510,15566691,+
4174498856,3541996545,18310555,8312002,+
4657543808,2359767089,18311265,6465454,+
4667377793,2210756664,18313093,1703990,+
4825119969,693738577,18314047,3638259,+
5303056637,798093619,18316032,13878366,+
4045665336,3592287361,18317204,655521,+
4624922401,2646076320,18319805,8330574,+
4467216833,3600180920,18321717,12331802,+
4930840385,1424668848,18325606,9998933,+
4177227440,3419508353,18329186,1520709,+
4842166424,1700144433,18330166,8632735,+
4097773561,3597846386,18332454,7022553,+
4814599609,1435295402,18334353,6289878,+
5625669889,1956463057,18337069,16407289,+
4639741855,3351754001,18337350,12506568,+
4938456973,770069589,18339713,9388545,+
5300843449,1543737578,18340335,14096274,+
4151946344,3587929073,18346224,8178275,+
5022241261,1719395651,18349122,11646468,+
4832995969,1183342672,18351788,5783969,+
4714248689,2057914872,18354176,605923,+
5479561512,2342399489,18355007,15897556,+
4391210672,3176465729,18355386,7526869,+
4848309888,362374145,18357476,4594369,+
4927286209,683250592,18358148,8930543,+
5943676657,1617967824,18360719,17807742,+
4839308521,790833431,18361452,3559716,+
4316291965,3218602021,18363635,2474837,+
5063003361,616502936,18363824,11298359,+
4761886858,2320841945,18364311,9061806,+
4926595213,2280382885,18364933,11531393,+
4571129666,2682665305,18367842,5619825,+
4801300954,1473269897,18370086,806181,+
4846012577,457476864,18370742,1333021,+
4868489402,447786217,18372942,6257805,+
5411179536,3039406241,18373159,16412852,+
4224694409,3914428402,18373641,12097032,+
4957051928,4660214865,18374437,18171236,+
4327907745,3380760113,18375331,8687543,+
5034030945,702421328,18375977,10856312,+
4786685185,1746256848,18377317,5537958,+
4963629185,4250225448,18379039,17073176,+
4745020657,2018281919,18386904,5249994,+
4715086306,2119469945,18387714,2338935,+
4835926625,4577417208,18396194,17531923,+
4902338737,460915072,18400730,7564543,+
4540802081,2761899151,18402474,1766736,+
4892446128,1719504785,18406406,9277129,+
4620002173,3171503845,18418949,11142739,+
5455258888,1279720705,18421157,14900306,+
4838546917,1251368829,18423267,2408021,+
4865495664,393324913,18424785,704402,+
5220589273,1507786729,18425903,13209055,+
5156249144,2190003537,18433442,13388761,+
5227252850,987610633,18434967,12969852,+
4708036848,2295122449,18436265,5503014,+
4869406058,421024729,18436410,958857,+
5307609125,868024733,18437961,13638719,+
4730088931,2337725261,18440856,7376682,+
4233407789,3496244227,18448566,7254264,+
4794496181,1781496941,18449611,1176333,+
5915661696,1248700321,18450019,17467374,+
4875168137,1515055594,18451962,7649451,+
4685213041,2557404960,18455842,7719855,+
4549404187,3708462869,18460548,13052106,+
4920803717,178676429,18468011,7295337,+
4800183161,2393072985,18470221,9435655,+
5586892217,299272834,18470361,15520518,+
4874377937,1235061552,18474491,5893820,+
4351602896,3244971425,18476962,2121315,+
5105299285,359795373,18479019,11334869,+
4712794417,2360451472,18485038,5717215,+
5044663153,1564587265,18485111,11149141,+
4813702349,1753314453,18491965,123893,+
5055750145,4466297233,18492709,17843407,+
4983219535,1728498353,18493584,10452648,+
4848361041,3623044816,18498428,14518491,+
4017770721,3902832976,18501956,9186039,+
5233282352,3418363377,18505585,16027814,+
4795134769,1921615487,18508308,1578486,+
4360104656,3256743825,18511625,756514,+
5906583465,1626205913,18512843,17458717,+
4737452136,2367916001,18517751,6701128,+
5469441505,529651288,18521404,14651977,+
5862478641,3009697681,18524961,18252017,+
5276779373,1249331445,18527939,13272757,+
4828907489,1753703537,18528561,3411979,+
5044326466,2817707225,18529917,13460760,+
4513665281,3190128560,18529986,8988325,+
4898333201,909974225,18531349,4329765,+
4908590037,1215192317,18532255,6776861,+
5247321216,2811516481,18533397,14857046,+
5166442297,1364421842,18535959,12233130,+
4687876135,3712015241,18539220,13778142,+
5547318429,2863751237,18540059,16605779,+
5069000125,1862821413,18547209,11642887,+
4092132785,3987374408,18550564,10779117,+
5047735441,345845040,18551305,10053558,+
4326244872,3432078737,18554290,7327351,+
4881466561,1485078216,18556086,5668363,+
5364386049,1696910608,18559988,14194305,+
4463038145,3124670576,18560401,5204280,+
5033511889,3938444032,18563186,16258631,+
5170684865,6719408,18563268,11816687,+
5326182829,493256197,18568043,13410863,+
4081978649,3729937497,18572129,5531389,+
4884963649,1404514177,18572291,4365467,+
5513757552,1502843089,18572932,15102843,+
4916921953,2685856144,18573440,11777641,+
4931169581,504114101,18576627,5549893,+
5712465992,856407729,18577718,16143743,+
4966736097,962449889,18579113,8079703,+
4708316097,2473936264,18581766,4150603,+
4797714624,2069847713,18583706,2386205,+
4954076733,273597445,18584153,6945297,+
4712399141,3897249021,18584251,14528771,+
4829445464,1922004833,18586950,4435603,+
5554836241,2363487600,18590858,15976425,+
5165965488,1665641089,18591200,12318177,+
5328251497,730628234,18591513,13394664,+
4928243353,758742745,18598199,4704757,+
5080761992,3764057489,18598826,15956553,+
4977069261,236490821,18603209,7708229,+
4914112513,1236041784,18603557,5279610,+
4149142392,3645597809,18604157,3037352,+
4925500489,1330599527,18605778,6699144,+
5592462325,1485326413,18606797,15540211,+
5172383808,3477124945,18610344,15681061,+
4390101281,4155176520,18613060,13805639,+
4269257167,4034453729,18619536,12353562,+
5833672264,1456394193,18620549,16891080,+
5833046213,2982049229,18623563,17987655,+
5573978167,1732981289,18636102,15502914,+
5400492456,2924476241,18637477,15770944,+
4770085952,2297947649,18638082,580453,+
4807298088,4379389649,18638533,16515920,+
4942270401,28362241,18639753,1515511,+
5469266975,822216001,18640818,14434770,+
5157617473,1495919520,18641301,11860802,+
4726896736,3611679841,18641683,13370878,+
4677397619,2824653037,18642294,7996398,+
4335972194,3398934697,18642507,55146,+
4844270049,1995846272,18643756,5338057,+
4923046561,1148999040,18644322,858205,+
4611797928,3918658609,18648710,13898529,+
4619506645,2857898843,18652914,5424048,+
5002981720,2817116673,18656037,12752054,+
5249478240,1535058673,18656484,12833821,+
5742729681,1404541600,18656670,16323911,+
4356205905,3381996928,18657198,3669209,+
5112869957,4535490957,18665059,18026015,+
5958705865,441958631,18666360,17332602,+
4903048809,3697239977,18667259,14722351,+
4576218505,2947849593,18667403,2051907,+
4540316153,3232759450,18669978,8757231,+
4798432257,4396187624,18672916,16486079,+
5493781205,2702414573,18674057,15901761,+
4757580305,3025878648,18674392,10833781,+
4857965112,3992809729,18675647,15428016,+
4493592845,3904133013,18677957,12997219,+
5653329797,2437401389,18682611,16456007,+
4310971989,3470242477,18685637,347739,+
4719778760,2571129633,18688957,3450466,+
4936853981,1230559685,18696315,727261,+
5039968513,1910665104,18696950,10635237,+
4585311665,2968188321,18707105,3059963,+
5071983248,1100125745,18707636,9826893,+
5388192325,3213115163,18709134,16093638,+
5159114074,859185737,18709707,11142474,+
4979708145,966714808,18713393,6471462,+
6012738488,2507568129,18715438,18230555,+
5683927465,3105082538,18721107,17355642,+
5020231785,898621081,18721711,8143185,+
5357006376,1041240001,18722187,13374514,+
4374116144,3788647793,18723714,11097425,+
5278721033,845524834,18724002,12547005,+
4806236289,2585741672,18726239,8548876,+
4191496113,3881720344,18727021,9776700,+
4970224361,1028933081,18727533,5422507,+
4977738609,1136629592,18727684,6511229,+
4948551953,1274567480,18731403,3469844,+
4957590321,1101634960,18732234,2719585,+
4281292298,3900689449,18732300,11009961,+
4496493888,3187465825,18735408,3034007,+
4168799009,3707851128,18743353,1430540,+
4210225433,3728026569,18745433,7380655,+
4670543656,3517575121,18746846,12164167,+
4636661077,2882246349,18751067,1073187,+
5001930041,473294146,18755064,6245061,+
4317039713,3524200160,18755181,4713518,+
4983162737,595236847,18762474,2277930,+
4170164001,4071868136,18764861,11254514,+
4712091569,2690041368,18768790,223423,+
4970334801,1812346976,18771301,8227568,+
5581675969,1309853448,18773643,15095330,+
4992956552,487982129,18773674,4377183,+
4960590295,1499310473,18774354,5883534,+
5063373641,2842589266,18776121,12992616,+
5097717417,2863293833,18778355,13333025,+
4948929729,1649441521,18778365,6062095,+
5711437793,3188466680,18778566,17527219,+
5259859393,661152625,18779821,12098399,+
4959370241,1343690456,18780543,287984,+
4156615847,3747069529,18780828,1985496,+
4151769249,3769881512,18782873,5101216,+
4462446705,3319138088,18791188,5220413,+
4738800337,2693595064,18795323,5840096,+
6055153856,254879681,18796578,17656949,+
4752764049,2599064272,18797628,2775061,+
5045020813,4132930885,18801283,16495999,+
4617431761,4091792040,18801360,14315579,+
4978228042,1173183929,18802596,533469,+
5072755848,1700706625,18804303,10103716,+
4955316912,1501954817,18804952,1978945,+
5692786520,514848161,18808153,15617520,+
5839886352,1343644817,18810295,16625294,+
4834453401,2428109161,18812271,6736751,+
4665863136,2934170785,18814247,6263940,+
5070754329,151695193,18821285,8366169,+
4271507745,3660683176,18821726,6217155,+
4541704081,3169765919,18822570,1743300,+
4991834096,1094163281,18826971,2786056,+
5341335385,1636410633,18827523,13281533,+
4883499749,2274740251,18830640,7070220,+
4652565121,4145588351,18836868,14649312,+
4302377429,3608465037,18837661,5145557,+
5136472872,1070333089,18838621,10192866,+
4773487653,2614758349,18841035,5014943,+
4686171803,2866827205,18844434,4373502,+
4852331393,2544101520,18848827,8187014,+
6269949737,1241956594,18849936,18694881,+
5036561697,919956824,18854594,6820157,+
5253387488,3054254945,18854826,14731117,+
5256179937,2355836504,18856324,13360777,+
5015909169,2512377752,18858214,11172449,+
4678247897,2895803362,18865551,664230,+
4593356849,3866112992,18868734,12929249,+
5736896273,1667409120,18869143,16069414,+
4939692368,1851235409,18872091,2312840,+
5204093385,1431573593,18873421,11417149,+
4706614344,3233956337,18881507,10237384,+
4065157609,3917682722,18886491,2930502,+
4338496745,3877423138,18888108,10611201,+
5028884168,488919009,18888691,1168690,+
5357927541,3003036701,18888971,15215161,+
5000096344,1777632177,18890344,7571283,+
4931309313,2856655880,18890879,11225236,+
4922595760,2320562593,18894119,8116616,+
4887440257,2262927839,18894978,5433054,+
5027866033,726439240,18895312,1881901,+
5014406856,1309524385,18901890,5105123,+
4749533593,2823287114,18903882,6637305,+
5206346387,864000109,18907416,10871556,+
4027254112,3978380257,18907465,4691108,+
5095321681,3034802856,18908868,13416229,+
4694754065,2946938863,18909576,5898492,+
5038218674,189686377,18910959,187608,+
5027047296,1109818961,18916162,4387303,+
5032369672,922779729,18921132,2767141,+
4797264311,3132597241,18922536,10664538,+
5042242400,342269793,18922898,2019923,+
4250544624,4102801697,18924038,11519363,+
5108034953,1804622119,18926520,10203534,+
5689162096,2020523905,18926684,15909535,+
4649837177,4129973609,18933963,14354651,+
4700791651,3052772861,18935022,7840074,+
5038161136,887679585,18936350,77421,+
5613553225,1984636898,18944343,15377064,+
4923123505,2143691903,18946932,4170426,+
4545648240,4305406433,18947206,14553011,+
4781224183,2727302585,18947286,5152308,+
5023972653,1360651829,18947927,4547015,+
5163866002,2013871049,18949863,11404092,+
5446961280,1187963633,18952588,13604893,+
4710918661,2984086221,18954843,6715961,+
5125048881,4939838456,18956813,18841144,+
4547777525,3452509963,18957708,8818368,+
4160211713,3853161120,18959359,471884,+
4127447194,3908978633,18968469,4920150,+
5051154801,836600785,18968493,1294955,+
4860045533,2915538485,18970369,10016877,+
5830028831,3415041169,18972210,18146100,+
4330203002,3647957689,18972351,3640374,+
5009633552,1943125649,18974007,7664722,+
5045852433,3934278865,18974763,15633701,+
5165498305,833361288,18976139,9668622,+
5056324522,891386057,18987540,970977,+
4148316904,3888303777,18993309,2446534,+
5875379141,2031876715,18994008,16872870,+
5012258009,1681034057,19000631,4274001,+
5622071597,3633646339,19001904,17570238,+
4163136496,3897857041,19003957,5545804,+
5033072577,1490834552,19009136,3930065,+
4291976138,3723372409,19010943,2785890,+
4718089697,3347970224,19012434,10442509,+
4102181313,4001719025,19015013,6984809,+
5190174857,1323870442,19018080,10313679,+
4849547917,2588852389,19022887,4613581,+
4803758689,4476695008,19025705,16239028,+
4232826113,3851506160,19038783,6308768,+
4838446417,3528419032,19041755,12664928,+
5282317489,335431247,19042512,11235972,+
5076220033,1422328024,19042712,6836705,+
5099111821,1561758371,19043658,8352924,+
5088864731,216516901,19044012,4021104,+
5915890177,533566559,19046118,16581966,+
5068770105,2325293753,19053689,10241509,+
5131704985,3793223666,19055217,15510510,+
4391276277,3915494317,19057085,10639269,+
5567924937,2490415097,19060501,15388205,+
5087173105,1537854576,19062474,7548175,+
4598087489,3450526808,19068779,8829870,+
4886159473,2509637784,19070808,3696515,+
4802621993,3144039850,19071027,9891102,+
6344998449,682976432,19071053,18745612,+
5098902098,299509465,19073484,3949779,+
5035574241,1681648016,19073933,3003694,+
4985065313,2237581135,19077072,7166586,+
5762775793,2209749744,19081565,16242264,+
4589966896,3300571905,19083916,2046975,+
5117154897,1792360984,19085851,9166368,+
5234761945,989480258,19089711,10381542,+
5126125881,1593882361,19094021,8737911,+
4689860672,3137218769,19094938,5738169,+
5073725328,1419656225,19101181,4335422,+
4896516857,3549894034,19101819,13049232,+
4449650593,3558371855,19102224,1691022,+
5108640145,440573488,19106566,3454537,+
4604294472,3584819249,19107626,10093217,+
5116940609,658015016,19109455,5495580,+
4936631656,2356268641,19110844,852823,+
4473558513,3527059400,19111409,892262,+
4922796290,2427967993,19118763,1115544,+
5274142103,788414569,19119012,10795380,+
6280940273,115857105,19119509,18381197,+
4620898017,3273163264,19120002,3091123,+
4678082849,3335377776,19121750,8722685,+
5505455149,1901487157,19123157,14143261,+
4545815147,3824302789,19125702,11258076,+
5360979809,755631008,19127511,11987800,+
4945598289,2844917368,19131490,10005849,+
4531606593,3565129480,19135659,8092594,+
5110521800,1181034993,19140328,5488099,+
4398144385,3683028568,19147786,4974277,+
5106095992,1676844897,19148916,7628905,+
5278545825,4491161048,19149671,17922916,+
5049958637,1793967797,19152585,208951,+
5107818745,3584112218,19155459,14537508,+
4345156385,3748363328,19157753,718008,+
5110388616,1119267121,19159731,3212416,+
5229954037,2011745339,19164474,11299392,+
5027321741,2473232035,19165392,9234030,+
4645718417,4429968344,19165803,15120664,+
4778504776,4118386065,19166199,14485150,+
4314309489,3817835552,19167683,5579096,+
5066172547,2561814749,19170222,10419702,+
5133648608,219391505,19178928,1470197,+
5169780799,1057226177,19185012,7892844,+
4164096697,3985435127,19186272,803250,+
5042825825,2203895688,19188854,7615789,+
5132972961,748182664,19191655,386820,+
5197060184,773025537,19192412,8471681,+
5270006352,110788129,19197757,10130694,+
5555966416,2761530561,19197999,15432868,+
5141820305,470223761,19200645,3385253,+
4956294577,3719755569,19201661,13895043,+
5030256189,2098389317,19202171,4877051,+
5172121057,3077093617,19202245,13325953,+
5486386618,3632248025,19204551,16660122,+
4191946817,3966064064,19205368,300879,+
5128653793,1095752529,19205733,3541175,+
5135387005,950343141,19205883,3884435,+
5579932837,380482187,19210296,13925310,+
5152804960,2533579953,19218558,11360321,+
5503367569,3232397233,19220117,15904685,+
5034264088,2077986625,19223438,418709,+
5306403634,1038096137,19226796,10854249,+
4842020024,3004520673,19227740,7933577,+
5329108689,3692205472,19228411,15965676,+
5132861261,1167766291,19232406,1729146,+
4645296273,3625084360,19232424,10255573,+
5091053225,2119892746,19234935,8232612,+
5080776106,1902079481,19235328,5810349,+
5151774593,682353744,19240645,123386,+
5412349145,645147161,19243721,12133995,+
4976164576,2562057585,19257290,7080849,+
4567093013,3632123085,19260371,8637211,+
5159162353,887911800,19261648,4391709,+
4748224354,3132663977,19262901,3233706,+
6211659633,137463649,19263063,17870525,+
5214383353,2071661785,19264229,10666817,+
5090906049,1813913632,19270161,2066068,+
4817943489,3431507752,19272248,10933713,+
5598001793,520311984,19273766,13922555,+
4488615681,3647995520,19277698,5436635,+
5223553594,361578953,19280337,8140020,+
4833376591,2938276625,19281870,2715894,+
5104855049,1835091737,19282561,5569191,+
6439085881,872259266,19282821,18965772,+
4460976456,3680656481,19283501,4363622,+
5206745921,62973681,19286659,7268177,+
5392254925,2785543523,19286898,14144676,+
4961395825,3085263696,19287037,10702200,+
5297710689,1879971392,19287134,11410067,+
5149690445,1817091413,19288519,8024793,+
5128092032,2621616369,19290818,10952207,+
5064964841,2045012146,19290936,64911,+
5173789437,112845109,19290977,1450011,+
4380042693,3807347165,19291187,5189867,+
5023357776,2276217761,19291348,2702311,+
4991090021,2424259531,19294002,1413984,+
5539128709,1125529197,19295101,13454457,+
4988300728,2444025985,19299112,622111,+
4814459137,3013489489,19300609,3731941,+
5220221953,80845105,19302437,7656439,+
4214613041,4006465296,19305377,4058714,+
4454776977,3836393648,19307755,8763100,+
4846814000,3123938481,19314614,8482175,+
5283836081,491372136,19314989,9589772,+
5076233225,2347794343,19317156,8192034,+
5669223584,1093755857,19318246,14503161,+
5475721401,3797767721,19321193,16796737,+
5469713105,1736408616,19323392,13100485,+
5146731237,1985685437,19324621,8280875,+
5220543696,1419303361,19334609,8569728,+
5043936729,2310254057,19336729,5394343,+
5463603521,1685607776,19340922,12930347,+
5359157169,2462648792,19343444,13032851,+
5010176304,2430833777,19347793,668294,+
4417935400,3788949873,19352172,4384259,+
5271030081,350091056,19353278,8875243,+
4253900131,4041568205,19353330,7211436,+
5135338544,1805382977,19355472,5568113,+
4430507896,4393582161,19357192,13309467,+
6466474517,583427659,19362654,18989634,+
4824297322,3047777129,19363662,1192899,+
5203834253,860047205,19378611,4803113,+
4187727873,4074197752,19380140,915135,+
5095253177,2093698569,19385653,3896563,+
6106475281,1573630576,19390942,17331031,+
5259720514,386716937,19396131,7968726,+
5774685473,1293013320,19396739,15185674,+
4880750481,2947200016,19399689,3892094,+
6541557281,439852320,19403015,19283548,+
4258207065,4141559273,19408393,8929289,+
5214317345,1293782096,19409155,6707238,+
5137967376,5053559441,19409353,18718802,+
5235892624,2531335777,19415956,11525591,+
4719171357,3384198149,19416667,6442717,+
6318138305,1169848193,19419513,18277319,+
5237447889,3786810337,19419911,15365397,+
5314187389,826901797,19420177,9574657,+
4595149426,3598287449,19420440,6087315,+
5472503137,3285488577,19421587,15456765,+
6114130785,930906608,19423856,17175511,+
5229013489,1303931352,19427761,7229934,+
5211247169,986137152,19428272,1625137,+
4179208265,4126704778,19431903,5122908,+
4679298800,3428400401,19434485,3143532,+
5931530024,2383799457,19436647,16792384,+
4992366569,2656405138,19437690,4533579,+
5593990448,1538152065,19441064,13759201,+
5086995265,2394214096,19448434,6922475,+
6010474929,954617528,19451923,16539580,+
4586015113,3864453770,19452162,10237941,+
5484359216,2714284065,19453565,14293394,+
5275406637,3414456469,19454457,14431663,+
5258346257,885649457,19456659,7261355,+
5175431480,1683154481,19459123,1834140,+
5198285456,2046006161,19461256,8646549,+
4391368547,4032375709,19461732,9078168,+
5070268704,2361869377,19463784,1041841,+
5225076160,959273073,19464318,527761,+
5317073393,367927232,19465315,9082920,+
5138507329,2111842792,19466818,6211499,+
5231157617,1552284624,19469167,7529014,+
5167376893,1833414357,19472455,4374555,+
6112765355,1784157061,19475730,17330928,+
5197892616,1929252001,19477027,7803378,+
4736156385,3356208968,19481353,1462276,+
4845942256,3186919281,19481616,6785731,+
5485056353,350638520,19482978,12035117,+
5288623447,1629266009,19491846,9426792,+
5251283761,32938720,19492546,4580575,+
5246113141,965407931,19494252,5418606,+
5235821785,975791193,19495713,548531,+
5006810090,2672029033,19499958,689661,+
6431967809,174085328,19500172,18670065,+
5248881193,316218650,19501401,1805796,+
5294318017,1273318792,19505135,8696876,+
5087993153,2987392065,19506307,10799051,+
5058392753,2692415489,19507269,8022665,+
4404546553,3901825545,19507623,2421559,+
5319126449,1405051608,19507660,9587987,+
5487462482,4915556329,19509192,19313937,+
5764038625,1917341568,19510554,15219251,+
5274801503,3213922465,19514316,13672548,+
5535512513,1219812065,19516619,12740757,+
6198434338,2597930249,19519242,18233085,+
5166361402,2043178409,19521036,5899431,+
5203912549,3748841627,19521744,14830488,+
4884890849,3522144776,19521750,11070835,+
5247868257,1674372232,19524212,7908375,+
5361446962,3414830489,19525086,14847729,+
5426294177,199094784,19525558,10960861,+
4936240745,3550678138,19529961,11826504,+
6552551529,1083196057,19532547,19240757,+
5252945962,879527129,19534869,662892,+
5210035477,1660727757,19535715,4330549,+
5240395729,1212107632,19537022,321593,+
5282930257,12929032,19538050,6441113,+
5284095893,911745357,19539505,7094545,+
5099086705,2745299608,19542481,9279886,+
5287956799,1957388657,19546992,9839958,+
5374579101,1433577941,19547153,10510373,+
6143458008,1784637745,19547884,17393907,+
5134281865,2206273826,19549026,2410275,+
4367270344,4155422337,19555551,9687212,+
4822429429,4474674237,19558801,15342027,+
5721531792,1736305169,19559722,14658089,+
4710035304,3518427553,19561305,6352352,+
5246152256,1279883921,19561527,2762066,+
5496298549,796655133,19569315,11875391,+
5280561905,2891387688,19574543,12524194,+
5076123353,4599186490,19575636,16882437,+
5243660641,1387606896,19575703,1300332,+
5262694321,2846271160,19576960,12168787,+
5367267809,881688768,19578440,9565687,+
5338725673,1967132210,19580304,10634463,+
5318408016,3868792081,19583702,15731817,+
4219430768,4162608129,19586305,2999608,+
4411871045,3984742461,19587047,6650815,+
5773896048,1518676769,19594301,14846530,+
4904342213,3753850445,19595009,12372141,+
5276712121,940880306,19595808,4173429,+
4758889169,3448148448,19598032,5949115,+
5215907480,2280752721,19607920,8782309,+
5386220113,1551778320,19616219,10451124,+
5215171981,3425619875,19617270,13573248,+
5494380705,3129067456,19618461,14829850,+
5076606674,3269133097,19620453,11514114,+
5460977287,272789369,19623516,10990524,+
4326154397,4235577429,19625827,9628583,+
5445642130,881921081,19625850,10841961,+
5259781797,1680454189,19628623,6528051,+
5452911994,116662937,19629324,10814037,+
6323959701,2691978365,19630607,18762115,+
5171956330,2307220601,19632543,6741750,+
5280750227,2707099549,19633782,11662596,+
6454215049,1197335282,19640439,18680676,+
6342206144,3164155313,19643245,19270404,+
4704582293,3569499005,19643281,5180637,+
4524111136,3832569489,19643430,1080055,+
5173793944,3138326017,19643644,11966401,+
5408742169,2784694706,19645860,13253955,+
5088523941,2619546941,19651393,4949377,+
5019687393,3934945264,19651593,13986800,+
6595123961,153880306,19652121,19263702,+
5464994491,3346579061,19653366,15064836,+
5166721127,2249246617,19657056,3240,+
5231454973,2375677955,19658028,9227088,+
5402963225,2147017858,19663938,11600001,+
5047283801,2760728074,19666530,2305545,+
5487142513,750842785,19668127,11245547,+
5359091680,1711207921,19668380,9813341,+
5772429261,796542581,19669183,14414743,+
5296983985,1065810256,19669814,3445055,+
5026515545,3618205378,19670223,12531534,+
5314163137,1356683664,19672678,7268277,+
4744342954,3771068921,19674195,10144680,+
5309252805,573547741,19674865,584031,+
5647724856,2264190065,19685350,14280239,+
5278333409,1501738392,19688896,3615113,+
5317113409,114279472,19690219,1793546,+
6670398680,457045953,19690961,19565816,+
5208070552,2092318417,19691570,2863481,+
5528524209,2145586177,19694097,12984029,+
5431171114,607589513,19694415,9996948,+
5056922320,2767175601,19696060,1918701,+
6064423944,1828011713,19698178,16742965,+
5130714785,2642674416,19700131,7338370,+
5921692104,2608263521,19706135,16526380,+
5787717569,1687200432,19707368,14789201,+
5003967818,2987668249,19707675,5781828,+
4584910849,4127700143,19709004,11214930,+
5019339216,3050561345,19714481,7844740,+
5298018857,1622482809,19714799,6614569,+
4514435585,4148663688,19718476,10516031,+
5320003517,1202655669,19719857,5741317,+
5298367952,3086037569,19727278,12780459,+
6401963761,886286145,19729815,18275579,+
5459971693,1349719557,19735795,10782345,+
5292948976,4417242721,19737811,16958042,+
4743652353,3572046824,19739324,4729535,+
5198333425,2802122568,19740178,10153551,+
5271310909,1840009717,19749643,4873873,+
5746417457,862325144,19756659,13965748,+
4536902833,3926039280,19757906,6231489,+
5362100441,798943186,19757952,6915987,+
5189641601,2364521456,19759404,4844063,+
5336697289,791239586,19760115,2249790,+
4373581696,4103642481,19764291,3632264,+
5323065577,1476675289,19767209,6083273,+
5071730888,3283792689,19777352,10651955,+
5594525129,2788420553,19778535,14462723,+
5333671129,1940747738,19779813,8791140,+
4781203557,3869401517,19780885,10902521,+
6083798425,884365706,19781445,16423152,+
4552802401,3889700865,19784699,115755,+
5874874776,1917807185,19786532,15420325,+
4886018289,3873158648,19787012,12102685,+
5984772909,841624853,19787795,15756653,+
5474959481,945571426,19790967,10365306,+
5317376064,4845058577,19792688,18236939,+
6201922273,1105899400,19796476,17140489,+
5337144419,1171122637,19797786,1719756,+
5297736920,1721333921,19802940,46937,+
5295435000,1757324513,19803482,3282419,+
5381558961,518449360,19804230,6824321,+
5399799971,1234171741,19804536,8607864,+
5321550722,1470792217,19805988,935085,+
5191100737,4249443297,19806695,15825249,+
5133610090,2673139481,19807239,4661190,+
4582883069,3874418517,19818443,3464119,+
5318576776,1567356865,19818968,1905455,+
5363974970,33035401,19819968,2037855,+
5441347117,280447909,19822273,9061699,+
6010357921,3595773760,19824665,18176312,+
4908495553,3317974464,19825920,4118383,+
5193987080,2797810593,19828061,9291386,+
4781690701,3566076851,19828248,3211788,+
5293130441,1849589961,19828871,2387869,+
5504041184,1712932737,19830661,11438414,+
5188509857,2498527584,19831271,4963136,+
5215462344,3196688497,19831357,11871372,+
5727796490,3570431353,19833729,16748442,+
4900917632,3386651249,19844847,6187138,+
4912461589,3320211227,19846674,859068,+
4758100745,3629360938,19847382,4344267,+
5265022682,2099728249,19848483,90756,+
5278290433,2304154480,19850632,7959937,+
5238751448,2262250065,19850843,2918836,+
5458129753,1864867730,19851768,10834701,+
5309450480,1936456401,19852795,6319676,+
5390446753,181879360,19855928,5881369,+
5323188266,1683058825,19856085,3573258,+
5632519280,1952569713,19856666,13234159,+
5547060513,865754120,19857586,11218621,+
5694220784,4591585793,19858930,18836763,+
5394184641,4593990856,19860108,17708561,+
4610304352,3864013569,19860837,3085046,+
5079760281,2905907545,19861577,508395,+
5201386053,2788117309,19861755,9071621,+
5284675088,2005214465,19862458,1691493,+
5048908969,2999946057,19864137,1579861,+
5665490824,1319788657,19870589,12964432,+
5352119498,1388588425,19873488,383121,+
5705321072,1629734769,19877164,13572611,+
6299352969,3484604057,19885193,19201007,+
4335998896,4215399601,19885997,2569396,+
5420804713,2433324265,19887161,11465197,+
4919358170,3345691993,19888614,2416377,+
5142799891,2736057581,19889712,1016868,+
5317094693,1852910395,19891518,3357378,+
5589837617,3345984864,19893596,15348749,+
5377486824,1400530193,19895221,6301240,+
5402639653,1198566155,19896192,7217046,+
5370925217,1267236129,19896749,3967499,+
5443010489,301942073,19898013,8200735,+
5276509105,2174877328,19902847,4090142,+
5402253232,2497167489,19903834,11297157,+
5394950882,566768809,19905852,3743121,+
5390612789,1012377213,19907077,5019295,+
5389966435,777158861,19907340,1167246,+
5380720048,1085867265,19907604,267137,+
5705364949,3748925373,19909727,16884525,+
4494185585,4180958576,19912893,9022340,+
5367645784,1394577633,19912905,3387664,+
5399333565,718059221,19915825,4612387,+
5825351413,2602076845,19916413,15515941,+
6327047105,1444472801,19917245,17734899,+
5417113657,240847593,19918315,6302475,+
5693005634,2448923017,19920963,14291178,+
5687762546,1425966361,19921263,13095222,+
4731352675,3823357133,19923096,8074854,+
5210077357,2608577459,19924422,6307098,+
5733138369,660973352,19925429,13280134,+
5396360617,822996729,19927781,1157829,+
5734031105,2841190376,19928124,15226495,+
4767420626,4255163785,19928376,12898665,+
4518094105,4056751081,19934785,5716961,+
5497476008,193592385,19937579,9498946,+
4830852877,3564815699,19938438,863142,+
5080628977,3662288049,19939041,12207367,+
5363145744,2472493537,19946868,10257463,+
5563881329,3454816592,19948214,15322863,+
6498578959,3219182417,19948998,19661226,+
5394186785,1405218593,19949469,6052187,+
6750284440,2065911633,19954279,19932822,+
5407418744,809375457,19956944,2043721,+
5514070856,1001324945,19958123,9998760,+
5401014273,1191826000,19959589,4809174,+
5752092760,2334192673,19960583,14507156,+
4774949409,3690518177,19968691,3400043,+
5470462105,1000681058,19972032,8652141,+
6325140808,3954641569,19981192,19857895,+
5336627231,4178383585,19984140,15994248,+
5033088565,3753702443,19984158,12022962,+
6390843489,1143520352,19992832,17903593,+
5507666448,2313236305,19999358,11812569,+
5364384608,1840058465,20001453,4848154,+
4324011896,4298019105,20006663,2345000,+
6318430909,3947140597,20007001,19794349,+
5290841923,2544930029,20011104,8066370,+
4715781554,3887766313,20013084,7530465,+
5872599789,4652712517,20015427,19437911,+
5271345593,2633879674,20015871,8068890,+
5353907552,4748657169,20017316,17782453,+
5397549729,1697598712,20017383,6309656,+
5354630349,2136072517,20018429,7197903,+
5595600337,110084497,20024225,10959607,+
5537599025,1456011633,20029453,10456003,+
5496389248,482173729,20032771,8454170,+
4418610416,4215246705,20036369,722870,+
5422874873,1214325175,20039052,1816182,+
5434346033,1581861320,20052191,7254282,+
5328173664,2190121777,20053279,2751258,+
4828769065,4130731593,20056947,12072943,+
5868781385,2642060146,20062041,15557700,+
5491684849,2836750632,20062836,12750301,+
5510078701,1900055061,20067867,10459387,+
5985906129,3981657992,20069248,18430213,+
5029603440,3339916801,20073601,6787200,+
5351653802,3200669017,20074392,12403275,+
6492001880,1019400353,20077818,18300643,+
6267427273,318847065,20078331,17009083,+
4649640856,3958577361,20079252,1242629,+
4994924501,3370455741,20087407,3102019,+
5303655336,2410475345,20091047,4006210,+
5945863289,4434573586,20093610,19146855,+
5399089953,1789787345,20093683,3152047,+
4736873941,3884082525,20094067,6558375,+
5182566661,2878211581,20094349,1076317,+
4947257645,3617825493,20097071,8536151,+
5454826565,1061147181,20099911,4100765,+
4916760794,3876167017,20102391,10837884,+
5469979106,1659262921,20106204,8327031,+
5503499505,490784513,20107807,7598269,+
4807695304,3746705457,20110303,3563526,+
4798924881,4028879576,20117861,10490024,+
5158824165,3018647821,20120175,5508037,+
5022553128,3631759585,20120948,10169463,+
6178210193,1584190400,20121298,16597239,+
4457294056,4227267441,20125944,2281661,+
4852986408,3694085185,20128753,4832604,+
5465215919,1128874417,20129466,4713366,+
5280085329,2572793048,20131045,707228,+
5077118888,4916121665,20131121,17097336,+
5464675393,2636532360,20133746,11451051,+
5492351785,4577161298,20134821,17657766,+
5568775437,1526303909,20135659,10436783,+
5182061761,3862925640,20136815,13414128,+
5516320808,1190400209,20137723,8448420,+
5407072970,1901963353,20140182,4555401,+
6031607281,314175336,20141112,15307037,+
5510789973,807064205,20141171,7588613,+
5287071825,3242950913,20142307,11467433,+
5306180344,2794971697,20142692,9019187,+
6595317449,1355463801,20143825,18792575,+
5463721624,1300732353,20146357,4886250,+
5843103113,705406930,20146428,13688361,+
5468572441,1150094186,20147352,4136709,+
5457687433,1307233010,20147484,2269449,+
5486724144,587541233,20152990,4537231,+
5141739921,3274845440,20153510,8832841,+
6517492353,3329106104,20156705,19636148,+
5512825521,104469856,20159346,6986431,+
4488882024,4250798017,20162906,6673227,+
5510240713,4005116162,20163660,16043415,+
5389183352,2857817937,20167385,10961266,+
5188499258,3261032617,20167965,9716430,+
5445839041,1621807176,20170098,4019147,+
4754585111,4417031065,20170650,12950496,+
5226721017,5137181369,20171839,18326003,+
5360527624,3004131697,20173622,11161361,+
5394768521,3464644521,20175197,13469423,+
5429876021,1916800221,20176033,6145907,+
4395996824,4324917777,20180048,1737589,+
4818499775,4065923233,20182722,10711554,+
5493876713,824681674,20183442,4552125,+
6086146945,3716127023,20185416,18242154,+
5950874525,1804422021,20187335,14993209,+
5383604069,2166109437,20189701,2517037,+
5515471229,1575062707,20196792,8532162,+
5055906704,3447522897,20199641,7815226,+
5258268001,4228721999,20203740,15271170,+
4606368177,4190545184,20204762,8269249,+
6385873569,737869912,20207424,17513191,+
6266121841,195019080,20209410,16777583,+
5412455000,2148169473,20210752,6341951,+
6482513256,639406961,20213059,18033016,+
5008672328,3456717329,20213800,1359477,+
5798566249,3376311417,20219481,16047377,+
5507179976,574096625,20219555,2936424,+
5704368409,1081991762,20223267,11835288,+
5416885351,2043098441,20229516,1225038,+
4581385129,4150015082,20232216,2912169,+
4518692851,4237215341,20235942,5059818,+
5305260049,2662038712,20245246,3720983,+
5274022569,3087559657,20250649,9445443,+
5448090889,2792661002,20252949,11110674,+
4530014497,4228623112,20261230,2646851,+
6954355497,579094169,20263309,20243467,+
5526069829,331740237,20265129,3403909,+
5334017232,2566820177,20265710,503257,+
5696977141,3132591371,20277708,14689812,+
4695754225,4056595848,20280546,5796559,+
5112540778,3296291945,20283738,3628227,+
5314613064,3643292561,20284120,13070315,+
4723421441,4003020816,20284888,3828929,+
6292299441,4177689056,20286898,19766719,+
5820615705,1988571593,20286937,13743983,+
5164808312,4751925969,20287348,16586117,+
5167653801,3155658041,20288239,179047,+
5695938008,3274525089,20289625,14986072,+
5504464960,3817465233,20290697,15166146,+
5775337178,3481888249,20297010,15975057,+
5517410829,1233317093,20300531,506345,+
5483513965,1713545413,20302853,1022911,+
5816590984,225511713,20303865,12801376,+
5078143601,3461251496,20307134,6971793,+
5487113431,2465011241,20308116,10024032,+
5725051105,1440076008,20312002,11952819,+
5347804729,2603693138,20314170,4162263,+
5821061240,2138728193,20316031,13838412,+
5794958137,4041951863,20318490,17330160,+
4560253533,4538459765,20321117,11549023,+
5519053785,1344481193,20321551,204271,+
5801665089,4753997672,20325781,19062358,+
5423872097,2238893424,20327401,2624456,+
6090368488,701376865,20332973,15336878,+
4706094817,4317756384,20335159,10823904,+
6437044257,2193342512,20336519,18053540,+
5414398625,2446787168,20340434,6848733,+
6103157258,1262825305,20342421,15525804,+
5486627025,2579442416,20342725,10258408,+
5582438912,5065666097,20346032,19082355,+
6195687817,2578105634,20346333,17003658,+
5530729337,1342082457,20348567,3484915,+
5369090088,3066621505,20349071,10498548,+
4725049632,4112750993,20353870,7652855,+
6079472360,2001599201,20356018,15716685,+
5592262616,289359521,20358169,7485888,+
6543375265,2636857168,20359522,18865693,+
5547770773,1314776125,20359543,5887339,+
5503379896,2569536465,20360834,10419015,+
5387576976,2582123201,20363564,6364241,+
5764802093,1497016325,20363897,12310893,+
5566624633,179290970,20364081,4793298,+
5621570433,4330503544,20365381,17166810,+
5733071328,4199986529,20367277,17341730,+
5613462071,4264290505,20370660,16934088,+
6300841313,2618986080,20372119,17596124,+
6069394426,3467961401,20374104,17462067,+
5312660533,3367834669,20375317,11210275,+
5568023173,874986349,20383555,5074873,+
5642126978,1073097049,20388465,9471318,+
5193791731,4398529805,20390748,15124620,+
5576500928,609704609,20396904,4858265,+
4806120602,3971803849,20400213,4669242,+
5553282473,2720917145,20400347,11615037,+
5556479136,2236321265,20404579,9844600,+
5271596224,3018193233,20407260,4852837,+
5618763721,2803235001,20408991,12688543,+
5323062085,2836885533,20413817,1025961,+
5580943424,505536273,20415098,4000105,+
6227525437,4214371619,20416482,19433166,+
5103459517,3447293269,20416483,3431249,+
6012585409,3218320216,20428085,16633670,+
5611454983,3055646969,20429880,13271244,+
5651358552,1050071969,20433356,9251431,+
4867275933,3896871365,20438017,653023,+
5182873040,3383625921,20440700,7628591,+
5594933273,251952610,20441376,4858611,+
6490017425,2358730248,20446379,18282184,+
5358778321,3319567896,20446651,11191356,+
5112713009,3456397712,20450637,2186192,+
5544601369,1661399881,20451865,3029425,+
5071671637,4606075307,20453592,15184260,+
5559043264,1494867937,20454221,3110486,+
6449522945,688274048,20454402,17489243,+
6201167834,5041177,20454582,15868791,+
5556875047,1551536777,20457960,3551754,+
5629402177,978311064,20460484,7992561,+
4766107245,4098805813,20461301,6555117,+
5598407017,1232156042,20465100,6624999,+
6621750353,2293250880,20465381,18877328,+
5663046065,137802888,20465939,8865604,+
5039678301,3623087141,20465971,3300227,+
6704904077,1574133509,20472739,18975567,+
4825225968,4000658929,20481020,4525731,+
5613816431,370883905,20487714,5289840,+
5625808321,1245157696,20489227,7823678,+
6332728913,30942559,20490420,16694874,+
6337948481,2313662976,20490511,17353832,+
5605935205,5371484893,20491439,19836839,+
5609733305,447439783,20493078,3981246,+
6240517034,820845913,20493150,16101207,+
5013554921,3876285161,20495703,9397987,+
5596989377,4178478609,20499661,16363033,+
5451965137,4727633232,20499705,17374094,+
6653444576,3555509841,20501081,20088074,+
5790479793,3018493904,20501392,14564525,+
5852142361,997546391,20501466,12543252,+
6090419693,2515452739,20508276,15963150,+
5494460472,2227366177,20509020,1191097,+
5342327361,2923464200,20511496,4610225,+
5727026273,4315085064,20515991,17369600,+
6888031056,2166451841,20518132,19991713,+
5880143789,3150104707,20520648,15468258,+
5993230193,144287720,20521647,13954174,+
5671907549,335560517,20522099,8464437,+
4784871232,4106514577,20525065,6032426,+
5300734810,3060087161,20527596,2360355,+
5982977921,471690031,20529048,13837062,+
5772352897,1503151384,20532641,11581936,+
7076752579,982391453,20536314,20525490,+
5443849201,2547832216,20536366,1386191,+
5487485801,3837629961,20541527,14459627,+
5713543713,2776795640,20544829,13135114,+
6227256745,4508541561,20547285,19838197,+
5629070009,700124407,20549838,4399188,+
5491075226,2828755561,20554761,9923364,+
5485068035,2587166461,20555100,7863804,+
6746039138,1282795369,20556165,19008822,+
5633260608,4468159969,20558780,17287881,+
5356411250,3026692201,20559090,7243893,+
5103144745,3596734343,20562072,5081682,+
7021618759,801397097,20563908,20241822,+
5439275969,2658960753,20565137,5412995,+
6753202237,2544372277,20565805,19532887,+
5771692817,2606169504,20566133,13276604,+
5392247472,3944910529,20568894,14069323,+
5321903104,4578369393,20569085,16130292,+
5493564977,2610627617,20572731,8169505,+
4689790049,4265086712,20574867,6253922,+
5856272953,4225624490,20577117,17648628,+
6054762192,102371489,20581987,14359558,+
6474999205,554278173,20583969,17421481,+
5282973149,4959982723,20587998,17311230,+
4781217357,4130774437,20588319,3239605,+
5607263041,1515354376,20591306,1231957,+
5592144890,1798325161,20592153,5456700,+
5287928041,3176344921,20593421,2750293,+
5059665313,4922521320,20594269,16203018,+
5944400099,1382763133,20605830,13417362,+
5759792105,713344711,20607054,10268280,+
5649968233,579237650,20613483,547914,+
5703214304,1951171713,20617505,10518388,+
5614052953,1774809769,20619287,6491015,+
5063912721,4411746961,20620101,13671739,+
6751833385,2014852441,20622683,19171885,+
5656015529,238165913,20624587,1762515,+
5473028337,3379678432,20625231,12119930,+
5648591329,3352643952,20625454,13863411,+
4889376945,4170571096,20628800,9555309,+
5545178737,2814920632,20631392,10385155,+
5137859568,3785923505,20631734,9657281,+
5274731882,3615486649,20632509,10636104,+
6001804545,3910193888,20633179,17544002,+
5055963185,4450281408,20634401,13783562,+
5737932793,1858454594,20635950,10876023,+
5791430897,2863141464,20638237,13802828,+
5529516561,2510304056,20641916,7599563,+
5399169826,2899874201,20642646,3760383,+
5616138133,1652171469,20644617,1176985,+
5928593825,308025728,20654233,12749628,+
5669874352,127523169,20662419,705158,+
5360464418,3168901705,20664279,7698732,+
5429367037,4594599189,20673369,16514443,+
5925147405,4211811013,20675271,17782939,+
5675153069,387050597,20676697,2799093,+
5016600917,4253155949,20680067,11934723,+
5732451048,807956305,20681319,8786294,+
5197414168,3935662305,20684154,11633651,+
5635751505,1601304913,20684161,2835879,+
5904405245,226532021,20684337,12288395,+
6416814418,3723244265,20687343,19085196,+
6008898386,4947542665,20697705,19827372,+
6458579234,3128057641,20701995,18468570,+
5388955221,3007876141,20702997,1311499,+
5464857457,3886605912,20703825,13978142,+
5100334729,3773712098,20704380,7180953,+
5591332261,2638654811,20706708,9828552,+
5374185877,3509837629,20708687,10981363,+
6853347829,1905543997,20710517,19508177,+
5509559969,2604078992,20714946,5264989,+
4687895177,4440950434,20714964,8969433,+
5398175041,2997237601,20717609,902513,+
5649846912,1852007489,20718001,7040144,+
5229392529,3562912672,20719356,7924373,+
5364884929,3105499728,20721330,732277,+
5188994753,3565994840,20725614,4841291,+
5750244056,1384028321,20726169,9530696,+
5732755186,688628921,20726784,8038197,+
4575879649,4542097537,20727221,8386981,+
5923554632,3446488689,20727599,15917962,+
5644098529,1718484352,20735309,1896566,+
5724807497,725008889,20735403,7485491,+
6363716881,677525416,20736437,16444168,+
5472351400,3860898993,20741544,13807763,+
6457083416,4159252641,20745373,19872374,+
5306014637,3800083269,20747023,11737819,+
5833747784,158734193,20747887,10725450,+
6518603952,3826447297,20749950,19601803,+
4682539288,4640694705,20752356,11442707,+
4992451176,4191882481,20754226,10586127,+
5834825029,3902175133,20759243,16400675,+
4741325689,4293356018,20759526,566535,+
5881040553,1951066745,20759903,12586169,+
5274731105,4323445928,20761171,14297658,+
5999851921,5370886936,20768951,20735114,+
7140837040,1922290833,20779127,20733594,+
4996190008,4269483265,20779777,11262644,+
5729180665,2639779943,20781414,11882802,+
5643903937,2072354904,20782581,6791806,+
4873935392,4219746209,20785916,8073447,+
5701824801,1595276449,20793815,7053975,+
5719422433,569419264,20794604,4140745,+
4967788064,4954139313,20795320,15463789,+
4721522401,4362741096,20800521,5756372,+
5143063361,4362153441,20800751,13358057,+
5681384829,3100625557,20807409,12667517,+
6326452152,2016595489,20808829,16488594,+
5650491377,2023797152,20808925,5884836,+
5731020389,200660637,20813471,4904039,+
5718174093,1109005765,20814497,5018493,+
5506647153,2782252304,20814673,5334970,+
4617807992,4471542129,20819432,575549,+
5665480064,1821972033,20819755,1648546,+
5640406081,2115855921,20823333,5475079,+
5669605473,1806744680,20826802,408301,+
5496996817,2838703729,20828869,5248579,+
5768275584,4298926417,20829432,16980389,+
6257584357,4780638587,20836494,20178690,+
5694532513,1578535920,20839186,1198947,+
5505196497,3825054128,20846590,13574215,+
5199190633,3959813209,20854561,10775855,+
5748204985,510733401,20859051,5237695,+
5436164312,3089577489,20865944,4903307,+
5765263514,515808937,20866617,6831276,+
5656809001,2065996706,20869269,3500442,+
4573067409,4565119057,20871019,5662299,+
5080661944,3980099937,20875706,8088339,+
5638696087,2746506857,20877660,10002744,+
7086511898,221714425,20880573,20178576,+
4854767016,4793649505,20881160,13624617,+
6080077608,961275089,20892304,13690555,+
5683166145,1975290961,20896305,4941179,+
7120377490,290710841,20898345,20313894,+
5277693216,3528941185,20904090,611333,+
5379125929,3292670378,20904339,4419750,+
5886129792,861745777,20908719,10769590,+
6190928729,3620673658,20909145,17491674,+
5748907397,3048738557,20914189,12820605,+
5822111241,1265764585,20915865,9456517,+
5735495306,1458886921,20926677,755034,+
5499152624,3430618433,20930762,11019435,+
5216431609,4436201042,20930823,13898874,+
4846934233,4274619434,20932023,734610,+
6718651592,3659122049,20932056,20009311,+
5803523477,607267997,20939047,7668915,+
6450086936,3729792561,20940182,18913313,+
6482339176,995537745,20940618,16874855,+
6248660737,2127260184,20941568,15733953,+
5481180033,5373593480,20944159,18893276,+
7239656705,800074328,20946213,20807998,+
5990499953,3471680480,20949329,15918294,+
5542325384,2969967137,20953302,7791811,+
5354218129,3399920112,20954313,260722,+
4882683449,4358849273,20954595,8950511,+
5643632232,2410287809,20956246,5462389,+
6123220480,491559361,20956555,13852754,+
5848209097,4029695977,20961853,16402415,+
5321638161,3590094481,20962997,7885227,+
4997707085,4741972243,20964846,13987182,+
6010941633,1558359464,20965771,12906970,+
5332256989,4893007187,20978154,16553436,+
6375530351,1555353745,20979960,16217424,+
5760634000,1862908353,20980533,7887446,+
5348911057,3843945457,20983045,11243491,+
5593100945,3707610128,20988267,13363004,+
6338602634,1963259113,20989251,16157550,+
6710462629,668448637,20990063,18143329,+
5266012920,5151661873,20990861,17253324,+
5396431181,3345718341,20990941,4625551,+
5499675137,3029948817,20991205,1616911,+
5629934305,2522482048,20991629,4250966,+
5827157425,5030177953,20996119,19017629,+
6150850168,1679437345,20998474,14401597,+
5859201901,941383571,20999016,9317676,+
7116136321,1853842336,20999038,20373253,+
5359965248,3465863025,20999204,5847037,+
6187024417,1508054944,20999966,14627837,+
5641047696,2605732865,21006655,7050484,+
5530774168,3054069889,21006943,7358180,+
6725349001,3565143801,21007539,19833659,+
5990041757,337464629,21007683,11921537,+
5800410497,544904832,21014495,4150352,+
5100179057,3966950072,21016465,94914,+
5652948634,3210883337,21022812,11650017,+
5957963597,4695315989,21022949,18599373,+
5804449181,414800741,21030927,1371017,+
5795306329,1024307258,21032082,2534055,+
5476438536,3312702881,21033166,8361059,+
5084594705,4011883208,21041547,209104,+
5329798217,3656299879,21044982,8016024,+
5907252401,1812008856,21047489,11218718,+
5121287426,3999894505,21052800,6575649,+
5333594273,3555209184,21055810,3204131,+
5673830901,2409772061,21056413,2875217,+
5562700319,3012611137,21060978,7223322,+
6038566632,1522312289,21067486,12786067,+
6121011137,358140417,21082289,13357345,+
5501059121,3151922696,21088609,331134,+
5836455005,1106331653,21091653,6902381,+
5952262393,471031559,21093840,10679784,+
5404361841,3435814496,21096431,4253038,+
5849120609,1492564303,21100050,8501028,+
4890083929,4420318538,21103680,8390187,+
6146111377,1647280512,21105684,13981355,+
5578918081,2917666560,21106961,1403520,+
6043350817,2159801304,21112164,13387463,+
5832005941,794639915,21117270,47694,+
6412136129,4575993992,21120486,20014837,+
5224855141,3834571931,21121212,1627824,+
5835106456,779378481,21124914,540127,+
5161362789,3955690733,21130075,2647847,+
6018222305,4447975968,21135113,18062444,+
5835049137,1489608064,21136546,6989889,+
5380443048,3639319105,21142548,8023951,+
5841102209,910754753,21144021,3630355,+
6078195981,328702885,21147735,12521123,+
5838456384,2617198657,21151857,11381156,+
5519962149,3959797837,21154051,13164249,+
4709098493,4576545379,21154794,1305210,+
5527515521,4785984336,21157048,16719649,+
5516305309,3194772133,21157195,3137627,+
5852538312,276278897,21157300,3235651,+
6022280505,2699961913,21159891,13927409,+
5999957456,2538689681,21164902,13342839,+
7076534385,940166096,21167110,19824559,+
5353390401,3640367816,21167467,5485726,+
5813136394,1665323417,21168699,3988944,+
5344071425,4136941328,21170367,12254704,+
5993758389,2507682397,21170447,13185213,+
5910049048,902688049,21174410,8853089,+
5387927808,3640263025,21180093,7642016,+
5870698048,2482074049,21183535,11291536,+
5847450921,1142697241,21185181,111941,+
5804893633,1814116440,21188638,1896843,+
4663873073,4643601665,21188999,329739,+
6468571425,2813424016,21195280,17373831,+
5571779329,3067529112,21195813,1219022,+
7274222265,972745561,21197625,20709053,+
5601262833,4022160800,21199232,14038237,+
6735173257,4021508618,21201105,20261220,+
6761540032,332947857,21202460,18089259,+
5495479329,3537626288,21204950,9472963,+
5433126265,3473505433,21207659,116993,+
6279261897,1886358169,21208071,15100399,+
5444084338,3464009705,21211413,4696062,+
7007162928,1831116385,21211629,19605806,+
5650148056,2807245201,21213022,1570313,+
5700152352,2953498273,21217020,9552295,+
5834937209,1619051577,21223121,2219197,+
6860658136,1555946545,21223360,18757747,+
5752312225,2374833768,21228711,5029136,+
5998158177,1416250417,21233269,11135265,+
5875964273,2372754720,21236516,10646147,+
6428597042,1310159833,21238605,15933360,+
5527736929,5132141512,21240008,17807383,+
5858914381,2542256869,21240365,10879495,+
6179919416,746115345,21240715,13466092,+
5983716811,1486977125,21244140,10848354,+
5796469137,2429359264,21246456,8540693,+
4962780632,4382051889,21248326,7092641,+
5824487201,2252481056,21253561,8399124,+
5288719032,3942664369,21257592,8415379,+
5814363328,2454993745,21258118,9192601,+
6337182577,64122849,21259837,14969481,+
5230569937,4154295297,21268743,10041965,+
6005870029,1415385013,21268937,11035985,+
7242666816,1485382945,21271555,20553558,+
5939939304,1358246897,21271982,9252913,+
5119986472,4134269137,21275257,834910,+
5433202373,4262184859,21275358,13470990,+
5149575361,4088422216,21275398,1803637,+
5390790513,5242772360,21279023,17590354,+
5681894273,2981866464,21297055,8062916,+
6789128448,2101252225,21301957,18466686,+
6043417309,3017164677,21306187,14325507,+
6300605568,479176289,21310030,14483693,+
5345039257,4090364354,21311874,11038497,+
6452873153,2405029640,21312722,16618869,+
5092398985,4213573641,21315825,4528133,+
6533463616,435131601,21324603,16391152,+
6080954105,1276642231,21325200,11911614,+
5934884704,398723377,21326561,6882454,+
4737136409,4650404167,21326838,788322,+
5438563169,3588563112,21329513,3135076,+
6601408529,4727348832,21333998,20772073,+
4959153101,4476635621,21337257,8142563,+
5613735569,3124595937,21340817,702227,+
5635709505,3667704376,21342030,12019499,+
5518786151,3433664761,21345954,5554782,+
5995542785,3987980448,21348454,16336741,+
6106115361,4822386625,21350625,19061353,+
5709562105,4118410633,21353213,14807893,+
5914005625,1167486393,21354299,4716471,+
5978800640,1584831873,21355397,9927934,+
6142804064,765428417,21356469,12474466,+
5823216785,2552233296,21358034,8801975,+
5794985677,2390746069,21360907,2913389,+
6053068397,3822286579,21361134,16231818,+
5202402239,4769997217,21364134,14230506,+
5449322368,3775814545,21368218,9200329,+
5611922215,3311933753,21369294,8209446,+
5931838297,128327714,21373422,2458863,+
5934220049,436932392,21376892,3910389,+
7221003167,589556833,21378360,20240880,+
6886308674,3046596937,21384408,19537929,+
5933390453,764361005,21386023,3513159,+
5844766797,2693804549,21387767,9991093,+
6990736929,3525343696,21389210,20486595,+
6224244113,3278088240,21394999,16078358,+
5776602189,2811308053,21404655,8437969,+
5355001973,4823835645,21406099,15372311,+
5853985745,2128007201,21413225,1073643,+
6765563281,3929538936,21416619,19999268,+
5437772769,4692373553,21422215,15209309,+
7061158037,1653934029,21423557,19545389,+
5497627498,3561188105,21428574,4664139,+
6083533456,971301361,21429233,11101418,+
6023092689,1640915008,21429846,10471175,+
4762787745,4704362848,21432572,5817063,+
5761044401,2880307361,21432981,7991791,+
5164261089,4794127697,21441463,13827547,+
5965358042,637442089,21442023,5835564,+
6156363265,5399769528,21446604,20575169,+
5857999701,2562591325,21459151,8725515,+
5999047087,1968118529,21461124,10330002,+
5284149297,4270189489,21462471,10723409,+
5928602081,1923765176,21463603,7560966,+
5523837250,3542906633,21470631,4749648,+
5971581145,749169273,21471003,5385313,+
5298516681,4841786425,21471895,14930823,+
5321307337,4270897154,21477399,11212464,+
7306441997,386456949,21478493,20519533,+
6655444344,1104591857,21481954,16983217,+
6870083016,3252614321,21482131,19537312,+
5854406266,2341055609,21482385,4749690,+
4943026872,4519579649,21485377,953404,+
6153379592,4361217857,21487920,17903729,+
5836829816,2446643505,21490442,3774305,+
6970836791,1524398281,21495456,18943536,+
6044345448,1523259089,21496816,10196795,+
4898360049,4580475392,21497434,2779343,+
6355846369,219084256,21499465,14409560,+
5988534017,314131952,21499850,5792667,+
4768456849,4735419472,21500693,5494492,+
6068036597,1825913659,21508398,11159712,+
6406345117,558012709,21510383,14878919,+
6994280056,3156528321,21512778,19982069,+
6011397941,266717421,21513617,7422559,+
5999286765,158826181,21515365,6364161,+
6175528968,1994894065,21515448,13068323,+
6271527313,3981880240,21518071,17575214,+
6633248037,3719035549,21521051,18943893,+
5743595113,3070975250,21521682,7901781,+
5932753877,2474205309,21522647,9843371,+
6142311824,4606688513,21522881,18411600,+
5889016193,2197979960,21524628,3746401,+
5534493409,5103883432,21531734,17200909,+
5253645801,4483231465,21531915,11917007,+
4998449217,4536955904,21535921,7500944,+
6024865617,3367831504,21541339,14279112,+
5986297736,1006988001,21545719,2608316,+
5316375793,4100975375,21548136,7765464,+
5997933793,533063905,21549583,4073759,+
6831531445,1636287611,21551022,18107100,+
5110657357,4350401509,21553357,1996967,+
6863045249,503705352,21553448,18110561,+
6877198712,3626560049,21555551,19907718,+
6157371677,619413237,21558641,11529085,+
6000372437,311148717,21559873,1507495,+
6047837001,5341373561,21571343,19907903,+
6464482255,5179280273,21573534,20945454,+
6005728456,299270865,21574277,1304700,+
7094495017,1906590914,21574929,19592076,+
5880233921,2397135560,21579280,3984687,+
6590432720,1478097681,21580790,16413161,+
5353846696,3990437761,21581414,2923451,+
5842751170,2650508393,21587124,5505921,+
5886060136,5340475489,21590950,19306195,+
6146020232,1824458049,21591793,12021136,+
7442743969,1993656712,21592537,21221924,+
5628815912,3422758769,21592701,5699716,+
6904773377,3430072952,21593025,19750048,+
5490973271,3999023881,21596586,10459734,+
6197282801,370233920,21598470,11958257,+
5888909983,2629224545,21599124,8304216,+
5413404193,4215007057,21600965,11212825,+
6180164701,273736549,21602215,11631025,+
5140189226,4349735161,21610689,620802,+
6063509113,1618474970,21613539,9725628,+
5825047825,2797264353,21614643,5968943,+
5209662409,4995582482,21621342,14764701,+
5893540989,2423540677,21630201,2542607,+
6212784065,1543956408,21630434,12520949,+
5897877477,4343059069,21635607,16145927,+
6006365008,1370973889,21638255,2523728,+
5590574113,3546270520,21640808,952007,+
5911254489,2475187177,21642351,6948001,+
5986960077,1988291029,21649617,7254593,+
5999588434,1594035017,21650691,4079922,+
6156686313,2121952505,21652303,12332039,+
7247300112,3528360769,21653909,21271074,+
5729181609,3662427337,21654089,11470389,+
5696281329,3297703952,21654877,5308304,+
6049832768,1294577169,21657623,7738430,+
6852304648,3969726769,21659743,20130130,+
5943629989,2290300557,21662493,6490313,+
6400143569,1964563512,21664249,14913262,+
4871805405,4774193093,21668581,7948541,+
7215584905,2967996266,21668850,20636331,+
6279106785,2135462936,21671053,13845590,+
6644706491,3190707061,21674694,18007728,+
6350110073,2478633065,21676353,14991959,+
7052794949,6651197,21678423,18986929,+
6294147481,976773769,21681155,13084915,+
6183098873,98970969,21683155,11128199,+
5716985768,3666259089,21698005,10969168,+
4910121633,4715701984,21699548,6251865,+
6392961545,1333997273,21700123,14308149,+
5767855912,3106062369,21700413,3144826,+
6140873545,3291514058,21703521,14593272,+
5257751000,4302183633,21704656,7428677,+
5974367201,2057663424,21705335,445840,+
5676189536,4320242561,21708191,14268132,+
6022552882,2564428649,21712629,10689234,+
6094383553,2013127009,21715553,10496615,+
6850239537,789392384,21715744,17763341,+
6058777008,215523617,21716680,780935,+
5534617957,4022572909,21717199,10506419,+
6153289441,1926444576,21722291,11498562,+
6050940377,1250309767,21723342,5334810,+
5864364157,2914787157,21724885,7792713,+
6111341377,1857487489,21727151,10424449,+
5902583577,4964430137,21728735,18004709,+
6120554889,955225177,21730121,9206367,+
5960866809,3066038297,21734531,11496953,+
6108797890,2722928921,21734784,12573165,+
6500119713,776960224,21749031,15054220,+
6015968513,2146595265,21753389,7795403,+
6470041333,651586669,21755669,14731805,+
5764312232,3205942977,21766874,217355,+
6116552633,8165385,21772351,8013809,+
5976622504,2254729377,21778032,1377433,+
6017224909,1922293317,21778507,1512423,+
5764418569,5432884617,21785937,18864037,+
5928726776,2634458961,21786023,6120514,+
6173391937,1298501904,21786202,10505451,+
6165683905,1050467841,21806481,9854335,+
6524816933,524245085,21814293,15062987,+
5469205296,4181807905,21829437,9911330,+
5997583648,2633395825,21833228,9070141,+
6885758315,508668613,21834162,17753316,+
6251441361,976552481,21843313,11515987,+
5173726973,4467670085,21843533,32781,+
5018154328,4795977345,21843984,9739873,+
6107568401,97470696,21847496,489803,+
6074977817,1936438889,21848241,7746833,+
6060395186,1766952361,21850608,3485439,+
6663025569,2285790448,21852132,16803865,+
6343165741,1005397285,21852719,12957875,+
5851008898,3032080985,21855426,2164977,+
6311460877,1391098069,21855547,12691187,+
6781557389,186838483,21858330,17004378,+
6117988849,716023487,21862266,5503848,+
6962293605,3323202013,21862981,19537749,+
6074842601,1695411610,21865299,4695930,+
5687536592,3767028497,21865641,9699550,+
5567131233,3931075424,21867184,8253335,+
5444547106,4071112601,21867903,3700266,+
5592719881,4068822770,21871314,10773075,+
5895544389,3245057437,21874767,10029457,+
5987998257,2427926864,21875284,2330957,+
6476070801,3025978321,21875763,16283251,+
7313702953,3821188345,21877681,21605929,+
5754465626,3457440841,21880401,7194456,+
5816051717,3410843179,21880446,9215508,+
6119522457,454667209,21880617,2642849,+
5765650153,3413023929,21882795,6785173,+
7201985937,367118849,21883117,19489847,+
5781493361,3306734001,21883159,3068881,+
6369770249,5480701282,21884034,20979453,+
6085293725,1720511683,21884094,5730102,+
6038171448,2103321025,21886374,103627,+
5484696329,4829475353,21891985,14797239,+
5973657977,2553299314,21894546,2020281,+
6357868375,3675370073,21899556,16638594,+
6129012929,117977071,21902820,3101490,+
6072662561,1846150080,21903646,2737795,+
5888035505,3712381008,21904946,12582079,+
6637713137,2049107264,21907683,16306724,+
6165248779,620856917,21909858,8022378,+
5259075257,4653506887,21913200,11184144,+
6390717357,711084869,21915853,13233833,+
5272164177,4384789952,21917000,3211739,+
6108879993,1873940185,21917757,7841879,+
6146887937,5249319944,21918017,19551336,+
6503465425,14930353,21918533,14504429,+
5387538143,5148700369,21921270,15776052,+
5611978056,4481536241,21922589,13753108,+
5736933346,3486553961,21925023,3310824,+
5432541913,4686130569,21925371,13389515,+
5753350785,3534853841,21926167,7682525,+
6142442085,46828781,21929515,4689577,+
6141622593,302071840,21932757,4096378,+
6138336577,783112559,21941052,1875006,+
7722928152,1094719249,21941481,21903238,+
6367639873,2011394944,21942485,13629626,+
7090539883,2324820629,21944640,19243824,+
6013558393,6010081545,21945801,21215879,+
5471824865,4200561368,21948109,8762442,+
5620847464,3791369697,21948297,2165912,+
5907540608,2976141905,21952357,4144488,+
5852397065,3178585426,21958524,2870775,+
6148209592,803590257,21958640,4540029,+
6215962745,131355178,21965682,9267999,+
6884598392,16752609,21966989,17484674,+
6243625072,591875553,21967795,10173990,+
6167116221,493907861,21967907,6499327,+
6046938897,2375124344,21968663,6308294,+
6145283515,1371865973,21971604,6331062,+
5986541649,2654506088,21976283,1626380,+
5488032101,4091478475,21977826,4657200,+
6741514528,3145527265,21977933,17966378,+
6281171832,476346017,21981145,10966972,+
6126530821,1583684651,21991908,1999098,+
5970378325,2767365213,21993049,2657619,+
5990071919,2856466417,21997614,7993254,+
6580763976,596016721,21998169,15029414,+
6467518303,1311371345,21998244,14016954,+
5822501985,5396720993,22004039,18617561,+
6194773685,658851341,22010515,7583667,+
6221955992,1871175569,22010551,10618842,+
6158840111,1088917201,22015104,1421568,+
5134185457,4638636479,22015146,3952068,+
6770041064,5200427217,22017017,21557134,+
6023364152,5536307217,22020085,19781192,+
6175002074,1064423497,22020894,6239499,+
6179510984,2625996737,22023096,11715793,+
5836104465,3706630768,22025303,10948482,+
5912102881,3063240256,22026313,1799956,+
6287057073,2370208465,22027033,12748617,+
6876053377,2311151304,22032927,17861572,+
5017007353,4839896930,22033653,7932708,+
6978003241,1072836266,22035063,18012096,+
5869948512,3381131489,22036012,8457463,+
6125071792,1831618177,22039265,1335856,+
6303766513,2499435360,22042152,13166621,+
5952852914,2958783961,22048470,4782495,+
7176623041,415959280,22048495,19110092,+
6227404881,642336176,22048606,8585881,+
6271703885,2056406803,22051926,11727174,+
5770604147,3662994109,22052664,8324262,+
6001177585,2733452808,22053428,1821603,+
6184615024,232610737,22054099,1202632,+
5328394144,4406602977,22054391,4051596,+
5667298202,3826661929,22055139,6166122,+
6189668887,130118729,22059234,4330554,+
7308565713,3154360520,22065337,20731466,+
6792016829,3152983637,22066713,18109771,+
6243802849,437668648,22069811,8893310,+
7531612424,827718657,22069952,20893057,+
5487877913,4162173754,22073013,719400,+
6063455865,4007582473,22077593,14931927,+
6204846959,95254417,22078092,5991192,+
5678300385,3906837376,22079415,8434376,+
6195972177,674720192,22081319,4559510,+
5033536954,4935814553,22086264,9956715,+
6267929449,3717766562,22090107,15619218,+
6273984901,1081116045,22092551,10000725,+
6520516296,2119154785,22092688,14841705,+
6199257085,494658133,22093361,3205331,+
5794417841,4631653905,22100167,15338855,+
6114716001,2156558896,22102611,701758,+
7507771720,515227713,22104881,20727168,+
5932008720,3110750353,22106859,1055348,+
5502525119,4323401713,22107120,9620022,+
5826613800,3456960961,22113297,1409140,+
6216793581,368063461,22114511,5821197,+
6010112977,2812569984,22118151,1935962,+
6202715349,1022086397,22119761,4197203,+
6402801984,2242183457,22120678,13611139,+
6443060921,4271721895,22121466,18041490,+
5721015769,5296719143,22122300,17617848,+
5185717889,4957965072,22127329,12123088,+
6128711709,3559360693,22127595,13731913,+
6437193761,781403376,22127764,12874361,+
5495994763,4201499765,22130412,4226484,+
5931186153,3233750249,22131551,7112645,+
5613948113,4080633960,22133573,8359472,+
6445965568,2203609969,22140989,13981600,+
7352683857,1453802384,22141273,20007554,+
6212875289,890503978,22143033,3269730,+
5831506305,3518374256,22149064,5877025,+
6220067530,549128201,22150482,3026325,+
6243479241,2789543881,22151511,12486419,+
6554497297,3554162272,22154992,17102795,+
6772260625,1448748623,22159854,16409166,+
6762518477,2974112659,22160274,17528934,+
5355535240,4688426401,22162343,11142880,+
6338349152,1308040337,22167200,11143509,+
5886598088,3355926209,22167605,4166082,+
5673428393,3923369705,22169613,6163081,+
6110326538,2585434105,22171443,7837944,+
7294272577,5392384,22173263,19560032,+
5824841745,5261541608,22173766,17851049,+
6025034057,2889009274,22179441,5375472,+
5476941089,4269469952,22182279,316456,+
6788241562,1332902489,22182396,16440123,+
5439528256,4330018161,22182481,1538082,+
5169882625,4738794671,22189860,6806562,+
6310530437,5319111149,22190947,19978119,+
6364055641,3437330841,22191067,15373881,+
6802021937,1767531824,22192801,16693482,+
6239069489,605076728,22197930,4100767,+
5777301293,3685151925,22199647,355999,+
5442096920,4579774913,22204704,10903889,+
5511146925,4230601733,22204943,701813,+
6295960865,595421071,22206090,9020016,+
6774469361,33414056,22206528,16132061,+
6611860841,3955625481,22215323,18102169,+
6373350593,3549161265,22215599,15651853,+
6775027789,1582566373,22219975,16333741,+
7514788929,2993868248,22223704,21337295,+
7097001181,3324794341,22227241,19684001,+
7461507489,1978197697,22235097,20561041,+
5908032781,3422047701,22235437,6555429,+
6638326561,4883633056,22238146,20137411,+
5763705753,3829569305,22241869,7342271,+
6278585161,2518922066,22244103,11687844,+
7010470065,1020609128,22245587,17814364,+
6417614353,3811544735,22246662,16534848,+
5763063073,3888784360,22247296,8511737,+
5601992456,4234399185,22247365,9066164,+
6276487605,508104301,22248125,6988101,+
6696313363,3601775645,22248792,17869218,+
6839826737,278102479,22250052,16544424,+
7743205945,2897027738,22256238,22207359,+
6154482705,4611359728,22261353,17104258,+
6222451333,1854694605,22269887,6052701,+
6719778050,1776570313,22273491,15837762,+
6802860048,20919569,22273640,16189643,+
6036300888,5086312945,22276061,18013572,+
6318292745,729894823,22283964,8813382,+
6462537153,2279634785,22285963,13685173,+
6022790229,3323958173,22290185,9554579,+
6275055898,285825977,22295820,386445,+
6355059633,2408000360,22295981,12381848,+
6397332208,714836529,22298957,11053980,+
6837791864,1984786673,22307087,16813230,+
7222264885,3408759133,22309099,20264359,+
5522304912,4485858289,22313679,10187486,+
6313723857,1120066904,22317179,8421376,+
6199219456,3654060385,22318652,14044055,+
6792315521,4891133736,22320673,20659276,+
7224896989,3182874261,22323885,20031785,+
5831122745,3777442423,22326174,7804452,+
7261413121,2732633880,22328670,19832741,+
7682558969,2481154137,22335097,21653779,+
6294603137,570400712,22336072,5123745,+
6726895992,1160520689,22337858,15450191,+
6744518712,5667122689,22338118,22129317,+
6291394409,1159525402,22340616,6201207,+
7659878857,2643893354,22340694,21627963,+
6772879697,2574249377,22344129,16737635,+
5870791800,3985976993,22345177,11310548,+
7481560133,1834600219,22350258,20465130,+
6274897425,1507776088,22351332,5500619,+
5264702866,4700828681,22352046,3693453,+
6974358641,1207902080,22352367,17386450,+
6629955105,2272165016,22356508,15197575,+
7571788273,1493214864,22357405,20811216,+
7304288933,1544925725,22359327,19461481,+
6220438937,2165971097,22363193,5218965,+
7512825970,1689962921,22365375,20559216,+
6100316945,2860701873,22366997,3467891,+
6635443601,979858520,22376585,14348082,+
6183447889,2446040497,22379771,3780941,+
5619946369,4568208408,22382508,12158495,+
6252553377,2267506504,22383001,8450208,+
5880732465,3627903968,22383994,2976737,+
5501827793,4390236264,22384057,3253190,+
7332144577,1081982064,22384203,19493306,+
6044158773,3124085965,22386351,3470761,+
6212099117,2310168789,22386871,5449201,+
5549679201,4343789056,22394007,6107336,+
6000765775,3286771553,22395948,1696962,+
6359152873,960819625,22397077,8948449,+
7153126209,3483165152,22400822,19888597,+
7327542680,2607270753,22401683,19978778,+
6312988136,887470305,22403546,4394995,+
7622008817,2473433984,22408346,21298959,+
6328310369,3791170032,22409624,15364457,+
6333862153,3918921530,22413702,15773787,+
6282540273,1725550640,22429937,34622,+
6190398377,2516003722,22430310,2138547,+
6187225328,2600683745,22439347,5493906,+
6302689361,1495373816,22441656,2893979,+
6193993817,2537660194,22449021,1381548,+
5051899533,5001034645,22449609,1769257,+
6514784677,1050239709,22452767,12383673,+
5743996656,4112667361,22452877,8378346,+
6083513969,3105428048,22453360,5511549,+
7042584120,2613099233,22454032,18332087,+
7009259525,2780517581,22454655,18278723,+
6342540976,2838928561,22454926,12418753,+
6467134417,3125991264,22455557,14704872,+
6040430769,4612797793,22456161,15920875,+
6193136353,2561968440,22457331,1296746,+
6574230397,1083952389,22462719,13249817,+
6190138152,4778938609,22465821,17396972,+
6300650503,1698248105,22472124,992274,+
7720252151,3119354041,22473084,22027566,+
6569294453,838768109,22473579,13050205,+
6977249120,2804650641,22478485,18061492,+
5593528793,4580414890,22478778,11208393,+
6929945856,3351197521,22480347,18416944,+
7284928169,2331288583,22481340,19474758,+
6060972509,3594797733,22481465,10811039,+
5342681160,4686770513,22481474,1532633,+
6309153521,2040475856,22486908,7923229,+
6830088081,5749554256,22488528,22425749,+
6253398225,4572988673,22489279,17043013,+
5978863632,3480679889,22491323,711956,+
6663340973,3778261845,22492199,17503073,+
6394167248,59958945,22495372,8552359,+
6360375863,1541616505,22496346,8343552,+
6537062552,5033318289,22498517,19700972,+
7637394576,2480899105,22499018,21265725,+
6442063528,2119707169,22502791,11959100,+
6369761605,1939064603,22503258,9819978,+
5690463889,4165663752,22504824,2543957,+
6351724721,704230904,22506945,654370,+
6342722577,1131855944,22507228,389963,+
5188663441,4991636296,22511948,9221227,+
6356426657,288446609,22512303,1789,+
6073679042,4168598617,22517775,14088282,+
7864366825,1170094441,22523567,21914485,+
6607824160,1587194481,22532130,13654511,+
6236173136,2550989841,22532201,6078526,+
6763453713,654548960,22532393,15093694,+
5371611088,4707584305,22534177,6192178,+
6761526408,160645889,22539100,15031679,+
6343571360,1814347361,22545754,7315155,+
5539975224,5159542817,22549078,14866621,+
6102162128,4280572385,22552009,14723148,+
6756296945,4675508928,22552442,19742897,+
6069086399,3276208033,22553010,174666,+
6249818144,2542428657,22556209,6415214,+
5746094128,4108324465,22557266,3532177,+
5482513153,4554940920,22561584,3713473,+
6476586816,5996509201,22562281,21855282,+
6086091213,3237421045,22567049,1517631,+
6451977064,1440217297,22569328,10489787,+
7396092721,3713407696,22570913,21047666,+
5482786498,4572993305,22571106,5485119,+
7163831618,1048681945,22572861,18177552,+
6454689161,28972714,22572885,9819090,+
6102122481,3194478496,22576419,2300428,+
5872939888,3855928785,22576492,3198651,+
6651559145,5827641593,22578041,21954831,+
6312165201,2632750001,22580989,9936341,+
6353484209,1554666897,22581367,3809879,+
5936370529,4930832872,22581478,16211053,+
7097501761,2958740656,22583119,18740176,+
6684249573,2671717805,22588229,15477463,+
6366455697,3440385553,22589115,13997755,+
5563369160,4808935073,22590606,12309667,+
5354273905,4759202113,22598927,4649597,+
6263047501,3866079525,22604165,14348751,+
7333958135,4323772681,22607220,21510552,+
7511646896,1493206881,22610647,20178992,+
6466767505,1319862688,22613596,10294123,+
5628481248,4691948065,22613706,11905469,+
7548411553,303710625,22616531,20260053,+
5426496933,4675896925,22622841,3123649,+
7177481448,871153745,22627286,18139993,+
5858701649,4121964672,22630732,9694619,+
6129348337,3529161969,22635773,10399683,+
6549501384,1245806497,22636893,11936026,+
5936476427,4050576469,22637202,10692774,+
6403853177,241248569,22637859,1375247,+
6752054149,1479977101,22643075,14816975,+
6873298400,4534247793,22646128,19839299,+
5659750705,4357863136,22647128,5621965,+
6156082057,4483228874,22649862,15665397,+
5464709544,5074580593,22654986,13209425,+
6409395073,1111076400,22656673,5847768,+
6532761529,442030346,22658010,11125425,+
6696522209,3892988288,22659968,17585655,+
7041076545,226282993,22660149,17095879,+
5412823584,5010253697,22666399,11951668,+
6718236586,2605253321,22666629,15447534,+
5832468928,4033814529,22667877,2114990,+
6885489456,2775113521,22668787,17011452,+
6416997587,31953709,22672464,834648,+
5734090729,4601763962,22679136,12099849,+
6518718656,3519228321,22679818,15383843,+
6425730745,1015652761,22684025,6313747,+
5749495921,4217879416,22687427,3565364,+
6521992017,2271370472,22688935,12463966,+
7561770448,2619695985,22689224,20748861,+
6499055063,4511678425,22690368,17838906,+
6406206368,1369233425,22698434,2210967,+
6782164832,1970265969,22713341,15206036,+
6566499658,229209209,22714989,11406240,+
6083567809,3452290632,22715724,2463569,+
7006367144,1243772993,22716340,16795377,+
6644396753,921966465,22717267,12911129,+
6165418331,3187274965,22720086,4076160,+
5915271240,3904807073,22721188,94297,+
6469077496,4781193985,22722112,18353215,+
6920843064,4992293233,22725521,20855910,+
7301349309,2226199957,22726227,19115279,+
5918074378,4800632105,22729197,15028842,+
6101404048,4923820065,22732812,16788871,+
7122757981,1394728741,22739267,17634739,+
5992921605,3738318653,22739417,3213871,+
6437877473,1402772840,22740147,6832366,+
6195995232,3117795409,22741748,5127003,+
6214287749,3024557037,22742779,3288433,+
7233737336,1887980561,22746699,18515716,+
7560665289,1578990217,22755691,20245233,+
6700246811,698261221,22756332,13474764,+
6249733609,3889907257,22757347,13653523,+
5573490481,4597047441,22760631,6611273,+
6449393400,506856673,22760758,1886067,+
6333536728,2464973089,22762180,4936519,+
6742861345,3462122256,22764102,16793405,+
6601283969,1696031297,22764609,12444433,+
7074826769,996726192,22764887,17151334,+
6955036853,405898445,22764951,16143793,+
6325453960,2492758033,22765033,143614,+
6678255458,2385086425,22775907,14342784,+
7399797336,1588930625,22776950,19345429,+
6052016721,5259948961,22780449,17688061,+
6430577969,1781555407,22786428,6673308,+
6164030608,6095317729,22788407,20904800,+
6443084441,1387594906,22789668,4476363,+
5964629249,4417336728,22791935,12998276,+
6644091384,1045968337,22793401,12513522,+
6128900729,3430272857,22797309,4679881,+
6119900665,4447425458,22806168,14696613,+
7299271857,3183567904,22808736,19696877,+
6016317561,4334690761,22815883,12961773,+
6190030328,3281002305,22816399,6210976,+
6455911151,1601801665,22817718,6777360,+
6573050803,247379885,22817718,10663326,+
5830921976,4343018561,22818539,9754314,+
6118308945,3702797968,22819668,9638821,+
6457932569,1313917018,22824090,3843273,+
5806262488,4236200929,22824137,4430300,+
5668741976,4556195681,22828608,8472233,+
7756183265,3016547736,22838246,21706355,+
6259777909,3250591357,22841201,9288283,+
7711640161,1171679041,22841581,20822947,+
7148903377,1741972248,22846330,17702535,+
7075489874,3315922393,22848990,18538497,+
6492241217,1297037167,22853010,7443132,+
5645036561,4529625840,22853975,2170678,+
6333467495,2663379193,22856982,958878,+
5635587840,4552559473,22865149,1516452,+
6693414129,421472257,22867323,12760327,+
5603305312,5101722897,22871349,13685680,+
6116670897,4240471984,22874751,13301326,+
5988801625,5660370153,22884867,18684197,+
7535851889,678058632,22887334,19805551,+
6481019666,1555402921,22890126,6178629,+
6364255152,3026225537,22891534,10215685,+
5503892584,4763542897,22894108,3136253,+
5300885585,5093638496,22896475,8898612,+
7624760437,406150749,22897311,20259613,+
6448186631,1902906025,22897314,3333900,+
6815685665,3722887656,22897820,17477639,+
6171151312,3419442177,22898510,2833509,+
6806895106,2054090201,22904337,14866146,+
7052246369,1831527072,22906729,16898924,+
5607463241,4628630505,22909945,167531,+
7115864737,2702226849,22911319,17979447,+
5610864097,4628909344,22914886,3171661,+
6489901857,2143354304,22915331,9290662,+
6348059405,2713396771,22915740,2298834,+
6178917384,3571738097,22917041,8668114,+
6919468193,320448360,22919197,15341926,+
8070062801,436452696,22919687,22353982,+
6510174016,2661174081,22919723,11710794,+
6844475637,2885940029,22920119,16189981,+
6785551681,6117892360,22920220,22698161,+
7352900816,4013206241,22921353,20771084,+
6527163013,3146403325,22922501,13492667,+
7296808561,2266706016,22922964,18766909,+
6516163609,190421282,22924644,4714893,+
7818037529,3648251623,22924680,22365504,+
6474690545,1687110968,22924721,2455074,+
5617751017,5155954034,22925094,13975083,+
6776970897,3755154944,22925239,17222498,+
6510827760,610033441,22925319,1274120,+
7642087957,1520213469,22931673,20403037,+
6562943216,871395281,22931868,9081659,+
6129556577,5087483009,22933861,17091669,+
6601493521,361019016,22934859,10253708,+
6525029545,229993113,22939073,5528721,+
6013193704,4039754337,22941406,8928531,+
7467847873,616753744,22943726,19329355,+
6121165448,3635417345,22948161,2912024,+
6378392225,2619063416,22950592,2090265,+
6432434978,2433558505,22951653,7441458,+
6466406865,1936864273,22951819,3508869,+
6907570080,937254913,22951828,15166527,+
6242781921,3249058280,22953370,1984909,+
6563159261,4339154981,22953567,17165401,+
6130085409,3617095712,22955459,740506,+
7590121560,3514870753,22958281,21222996,+
6526946153,381369130,22961529,3419244,+
6525877009,1185592991,22962420,6292650,+
6254461281,3959446001,22964617,13006019,+
6572525152,3185555137,22975610,13924213,+
7280472947,820450237,22980168,18110550,+
5850174929,5314386312,22982224,16342789,+
6324139144,2978063473,22986799,3471430,+
6513885697,1493265839,22989324,4462998,+
6929503280,1818183201,22989575,15612724,+
6332235640,3341328913,22993867,10392868,+
6541141176,241159121,22994107,4269988,+
7203209297,1404494904,22994329,17645746,+
6862697816,2396076801,23004968,15443519,+
7940582669,410454933,23006245,21672131,+
6375724840,2772206353,23009449,3642226,+
5576031745,4756091841,23010945,4910417,+
5832339537,4351412264,23016178,3544423,+
6706110865,10942888,23016277,12031228,+
7738052707,1606097357,23018040,20788338,+
6997587985,4582666648,23019799,19939714,+
6283429320,3202759313,23020169,3224282,+
6440419973,2395058299,23021340,222648,+
6543796234,981183497,23021724,4009743,+
5479881393,4889169280,23025663,4276394,+
6652860914,1750470073,23032215,11648466,+
6914922273,3358840264,23032734,17179325,+
6683306785,1727941768,23033479,12207224,+
6455178049,2513174008,23037035,7526162,+
6158119464,3643358833,23038275,3686228,+
6536074045,1370762533,23040031,1426111,+
5884902888,4348118545,23043957,7965656,+
6139960217,4043026279,23044008,11170428,+
6510664496,1835503281,23047469,1456796,+
6653803936,3061609281,23049039,14233796,+
6468207937,3056525752,23049062,11407445,+
5502386225,5000988528,23052767,9806422,+
6235833789,3461017717,23052873,6243427,+
6583634789,718310237,23055937,7497609,+
7584818257,98135544,23067429,19784492,+
5784747665,4645798481,23070845,10133373,+
5516231929,4879539321,23071535,5134515,+
6657074168,453310385,23072652,10404461,+
6612797601,3820801040,23078570,15732707,+
5553665329,4826567377,23079499,1037533,+
6625178625,3335667568,23087276,14466753,+
7651740305,1339286081,23089455,20190539,+
7574165378,3019993129,23095440,20527023,+
5437399381,5260374781,23097227,12139639,+
5611017785,5224242473,23100561,13625849,+
6783180184,2780725441,23106070,14845195,+
6879366971,1667638981,23108724,14567868,+
5504513712,4965833089,23111076,7929631,+
6281105777,4188669744,23113027,13766024,+
6566821645,2340775381,23113555,10146523,+
6638646506,548653945,23115564,9222195,+
5780710576,4541382321,23117034,5950207,+
6100025649,5485549672,23118047,18061602,+
6512514936,2173221745,23125521,4676230,+
6594087269,2471643547,23125584,11215092,+
6897986705,136191848,23127189,14327732,+
5630071885,4757516723,23127756,2363892,+
6390084545,2966339568,23130187,5314742,+
5675269104,4897746673,23132080,10868829,+
6278286824,4157653953,23133295,13473524,+
6569322481,1497339880,23133775,4616386,+
5982870569,4459666306,23134770,11315445,+
6596757453,355081445,23135753,4971133,+
6472570585,3806935881,23142061,14099235,+
8105117016,1032649601,23144282,22284731,+
6576169345,2226120016,23144758,9593915,+
6428724848,6241380465,23146442,21701167,+
6456153649,2767089528,23148595,7490868,+
6639651272,3609723537,23151625,15133418,+
5975042341,4318071181,23153759,8954693,+
7066162257,2508548704,23154012,16880219,+
6462702721,4694134000,23157025,17114684,+
8208376785,2228160608,23157701,22931588,+
6602519528,724570049,23158370,4901643,+
6728727601,292706296,23158387,11425976,+
5809012405,4964684411,23159472,13237890,+
6495444645,2405316733,23161861,3568131,+
7527780897,2102574049,23162289,19615697,+
6331855712,3550268577,23164135,10168984,+
6588321920,1313608001,23165124,4072655,+
5918367840,4439414513,23166223,9073522,+
5837328273,4509246880,23166244,7121067,+
7312945610,4205885353,23167731,20522778,+
7119696984,1321041937,23168663,16552242,+
6517356321,3726646600,23169338,14178435,+
5875698481,4660521040,23172877,11199140,+
6423379713,5068461760,23173311,18080272,+
6661827809,2255864792,23176311,11679932,+
5255742281,5237220905,23178423,3767285,+
7274119594,4097517737,23178537,20156232,+
6764056101,3673322861,23180063,16284883,+
6809671393,5004204232,23182835,19753130,+
5501286880,5033463393,23183886,8459027,+
6637436585,1884195353,23185089,10036559,+
6165580040,4304080673,23185287,12592672,+
6211658434,6059638553,23188200,20396397,+
6652078376,4294585601,23190114,17042213,+
6824268453,4244496365,23190203,18003817,+
6793923797,1335691469,23190613,12787533,+
6331059681,3287391569,23191745,214925,+
7106607473,453470480,23195459,16238328,+
6593231272,1477251009,23196372,4212881,+
6336315409,3278809247,23198316,2279298,+
5912895597,4362965189,23199767,3071869,+
7235147088,5383567409,23204132,22244915,+
6492855064,2854189537,23211401,9047144,+
6646815152,679706177,23212452,7770895,+
6630442413,1223068405,23218071,7219223,+
6704652768,1423142945,23220026,10792771,+
7627850381,973642821,23221847,19808117,+
6318433121,3412773176,23224169,5739948,+
6776112833,886440480,23227498,12001781,+
6541670377,2253988727,23230170,3661686,+
7369170561,3342590080,23230572,19557215,+
5995190851,4234655981,23232096,3234234,+
7632454937,2329040434,23232738,20182383,+
5395473338,5265509305,23233254,10398273,+
8143681281,2288036800,23233980,22595327,+
6592899024,5713340017,23235508,20642877,+
7294879941,1695121309,23237065,17849625,+
7646238976,1735884241,23238023,20020646,+
5931726889,4661490938,23256135,11499264,+
5959269640,4325180881,23256635,1083436,+
6594518536,1793708785,23256722,1527665,+
6678681371,1802889541,23259438,10259406,+
5967938279,4615281097,23259978,11607828,+
6628056797,3055697539,23261802,12807726,+
7324212817,3239119624,23263321,19132954,+
6466888157,3946013957,23264165,14050413,+
7076084219,421473637,23271522,15721446,+
6676194368,183102369,23277539,7942690,+
6648347233,756180640,23278637,5034982,+
6172971336,5500188161,23285567,18112148,+
6763769305,2327481506,23287311,12930270,+
6673585569,1312423912,23288093,8553534,+
6578307669,2166043117,23290047,4963177,+
6002769521,4277104961,23296233,1415131,+
6667994904,900324737,23297408,7144031,+
6275518457,4416004889,23298541,14017143,+
6736454577,1869813944,23298878,11512063,+
7227638243,882906445,23302968,16992378,+
7374262529,2009696767,23303988,18382848,+
6588845425,2110192401,23306725,4377843,+
7723110273,3542684065,23307831,21406769,+
6873852144,18784177,23311917,13100608,+
7032010490,3786543721,23313705,18068988,+
6763130417,6187699889,23316681,22375937,+
5930688551,4441631449,23317560,4962300,+
7892724067,3147430349,23321154,21828972,+
6561619133,2419316885,23323611,5222617,+
7174515362,1641541513,23325405,16695990,+
5364143225,5300068618,23327553,9180918,+
6776003864,1400365073,23327755,11538384,+
6665942465,16316648,23327796,2797841,+
6720900085,609083243,23329026,9340422,+
7323883717,46240619,23329746,17630148,+
6964966432,3436740769,23331811,16928534,+
6666632721,1302282721,23333399,6751083,+
6677625667,376831517,23341590,5586318,+
6143009984,4026537233,23346677,215580,+
6415150897,3213256912,23346701,3058300,+
6575636960,2477691713,23348181,6969526,+
6158421032,3999252849,23349103,4187366,+
7938873713,2677620465,23354533,21707701,+
6680365089,1303035872,23354759,7292996,+
6949102265,2887571026,23358699,15775740,+
6676017649,2246955288,23362417,10238550,+
6689281168,1303687969,23363075,7747898,+
6678699841,730867391,23363796,4240284,+
6075132001,4586070960,23364307,12271050,+
6519879801,2774891449,23367645,4331665,+
6452877538,4942093625,23370021,17373864,+
6580549109,2377316923,23372130,1057308,+
6664714557,1390522277,23372749,4151365,+
6858550513,1274631664,23374627,12719120,+
6594826632,2281839937,23376619,2953650,+
6744742977,389401169,23377279,9524309,+
7172493544,5350422817,23383111,21735596,+
5494352504,5108406017,23386736,2306241,+
6558395201,2771420240,23388849,8016100,+
6689598797,1206265029,23390203,6513097,+
7404596555,1489174501,23391780,18206682,+
6380549685,3431239853,23393201,5115793,+
6095036483,4287600109,23394552,8691150,+
6503609409,3016408352,23397007,7312684,+
6875530049,1194683448,23398702,12815765,+
6705112817,284157969,23401649,6293231,+
6893436665,2848761898,23404398,15001407,+
6717302479,1146874337,23408466,8121972,+
6181330176,4010277361,23413661,3518952,+
6763330001,90403376,23417496,9644933,+
6501453392,2975197569,23418332,4422431,+
6700266768,81171089,23419000,1262549,+
6419918877,4200668549,23419057,13954847,+
7656740000,1502669361,23420897,19725010,+
7268163109,177208237,23422987,16971031,+
6754565809,1176307608,23426686,9631935,+
6900966552,2592035089,23430889,14536662,+
6311195200,3838701153,23432412,8965673,+
6708015309,6839477,23433493,4166987,+
6304170569,5031122602,23438043,16609986,+
6785823000,2739301633,23440238,13283493,+
6559963953,2870246065,23441221,7953483,+
5714444797,5235686757,23444389,12938445,+
6985997185,3572355456,23445855,17042336,+
6216694457,3960060034,23449371,439236,+
7003604933,2339341325,23450141,15239199,+
7649722481,1551539480,23452989,19641620,+
6444561353,3341566210,23467629,6389706,+
6494025565,3116170501,23479807,3736415,+
6175302489,4115757833,23482171,5828875,+
7173584049,1681158712,23484102,16251263,+
7479286264,832455073,23486380,18402791,+
6190089744,4282230337,23486741,10337526,+
8031762073,2314604690,23489208,21806019,+
6815691120,2899215041,23490680,13820783,+
6730750186,2938223945,23492340,12662271,+
6618503473,2460774784,23496865,1454306,+
5921940885,5238570013,23497001,14693667,+
6860342577,646971544,23500882,11602527,+
7216746337,4918395664,23503981,20868374,+
6355244609,4401222488,23505120,13840207,+
6734341777,233233848,23506615,3167310,+
6060425496,4630629745,23510737,11307390,+
7166518765,5349434483,23518386,21538542,+
7228112289,1262170817,23519401,16474303,+
6610918418,5471922889,23520300,19571751,+
8115103160,1412497553,23523748,21923691,+
7750310363,188173909,23527590,19972824,+
5616218112,5541075089,23528521,14213486,+
6549362327,3244672537,23528616,9635730,+
6002059568,4488171489,23531635,1511026,+
6135839665,4627312593,23532209,12372081,+
6508979937,3172196704,23539562,5043597,+
6716106368,3029295009,23540455,12401084,+
7005797032,3771682017,23541696,17337655,+
6755766465,756253936,23542200,6316271,+
6370991153,3649812440,23542899,1194424,+
5439599877,5270841197,23543647,3407275,+
6725487088,1466786545,23545792,267101,+
6746915917,791496037,23547695,3544427,+
6906761640,881330801,23548882,12265745,+
6679942280,2343166673,23549307,7628852,+
6567254011,2902480181,23549376,3428958,+
6950207921,3666248936,23552449,16674198,+
7019263857,1997977592,23555965,14638604,+
6624048097,2588613937,23557751,1632205,+
6748378881,1006625425,23563477,2744385,+
5615414866,5224571945,23564517,10318890,+
6755291712,510414577,23565662,927375,+
6767991393,127575889,23566455,6294907,+
5910807592,4872061489,23569651,10788272,+
6704656637,3455842709,23571533,13574337,+
5531675169,5281550048,23572025,9415024,+
5874156893,4748385269,23572065,5646211,+
6750217241,1139553225,23576375,3098719,+
7165423873,4097267377,23577845,18901465,+
6689876659,2144033453,23581230,2496822,+
6872439656,225492161,23582063,11128512,+
7564999693,3973727219,23583360,20777136,+
6655889296,2447379441,23585748,2837539,+
7492817625,4336941353,23592869,20943821,+
6997768557,340522693,23593715,13461465,+
6764966401,2471335896,23594508,11025089,+
6137625393,4338786929,23596217,7325345,+
6563306593,3199605760,23599379,8537026,+
7034803969,3639889072,23599807,17133296,+
6746940473,5603322105,23605573,20381449,+
7209240425,2002736458,23605923,16392306,+
6302360770,4026168713,23606286,8433021,+
6777342241,297053760,23606983,5239860,+
6247766081,4108547361,23608627,7122547,+
6348534826,3906513401,23613762,8216961,+
6425163922,5051584409,23615082,16981551,+
7203229057,674887104,23619387,15832394,+
7199502205,5669045701,23626393,22220015,+
6889379897,2277441322,23630760,12816483,+
6782156624,753320337,23630827,4869688,+
6887723361,383037025,23633379,11039365,+
6744474472,1758212257,23637136,2848615,+
6773060016,1155254545,23638825,915294,+
6749671608,1723357969,23642967,3503150,+
6498639605,3508734941,23644569,8448635,+
5828875831,4866110585,23647740,4828086,+
6182652249,5578433833,23649255,17653609,+
6000992005,4592502861,23649345,3562147,+
5658865933,5093142549,23652395,4358163,+
6150672393,5719343689,23652849,18076715,+
7884076993,4621657440,23657397,22911274,+
8473047473,1096222320,23659091,23330896,+
6765724560,1549020481,23660886,145835,+
6793789072,272986689,23661066,3578347,+
7715059480,1512462753,23663079,19651708,+
6390307216,3757678641,23670062,3232671,+
6375387905,3813210033,23670119,5087627,+
6798852513,111465280,23676381,2421226,+
8327211425,3393114463,23680728,23442852,+
7220100601,6137379386,23685036,23263011,+
6953401298,4426160425,23696037,18112422,+
6246928709,5010744413,23696593,15263295,+
8434287221,2771755195,23697012,23518650,+
6615418480,3417767473,23705654,10807391,+
6596707061,3064561245,23706479,1567475,+
6790383057,1510179544,23707653,5030992,+
6043828997,4673089627,23708322,9107130,+
6287361785,4081945721,23719691,1942455,+
6445379704,4995077553,23722298,16587585,+
6731707760,2269954673,23723476,1209027,+
7192495789,1065133557,23724271,15417471,+
5701639952,5325424209,23728741,11794832,+
5489913752,5334268289,23729006,3769221,+
5842516752,4900634257,23730615,170974,+
6650191192,2907894529,23731846,6222181,+
6819716563,351971165,23732286,726828,+
7024115057,5169921704,23737854,20221999,+
6904064097,4788634552,23741400,18658153,+
8457053073,1525778705,23742857,23218577,+
7098951352,2002785057,23752368,14762375,+
5878067193,4909093769,23757215,7305889,+
6766361792,2184712737,23762627,6086810,+
6901800488,3357577265,23765601,14771806,+
6155451657,4440233689,23766819,6422077,+
6305682105,6161272553,23768347,20168581,+
7824664296,134500625,23771188,19992715,+
6419504384,3911062097,23775077,8349816,+
5485809713,5399986640,23775282,7419233,+
6232953337,4263057794,23777046,1532553,+
6662245849,5061132362,23782008,18020853,+
6847726361,1245488026,23787558,7304841,+
7338603873,253201840,23787714,16551251,+
7008551609,2270210537,23792137,13729167,+
6818969833,2947243394,23793915,12198858,+
6848058361,655085930,23793930,5477121,+
6557380277,3379262539,23794368,965724,+
6675320461,2857820531,23798328,2294736,+
6580063409,3551099312,23799359,9701742,+
6032857497,4662238537,23800749,1934765,+
6328586080,4090551633,23802011,5550444,+
6733982481,2677135585,23803325,7700511,+
6273966295,5962437593,23806212,19264794,+
6283544901,4245032701,23807683,7591203,+
6798666197,6759579149,23810781,23435957,+
7548791258,2963652505,23814441,19152618,+
7687761608,2384850945,23814958,19556123,+
7009211857,2935045992,23818404,14785595,+
6857480213,218258155,23827152,3571404,+
7531094920,5799512353,23830087,23398148,+
5462828237,5423973477,23831345,2618837,+
7567223112,4852127969,23837261,21771806,+
6340232313,4199349529,23837975,8806509,+
7445722769,1682733752,23842249,17528802,+
7690812155,1290253573,23844552,19125024,+
7054101640,1650428913,23844943,13398306,+
6370994162,4019172649,23846598,3476859,+
6352210872,5839710689,23847058,19063181,+
7168511113,1357204394,23850603,14745870,+
7347943786,153901481,23851821,16441698,+
8468125992,3195314129,23855756,23709371,+
6644517640,3585038113,23856899,11157194,+
7125358053,1064988845,23857541,14052823,+
7965755905,277723488,23858236,20639553,+
6407545207,3952202297,23861586,4984020,+
6834853344,3306731297,23862658,13290691,+
7157261157,3710338109,23863273,17483671,+
6904405685,1059208173,23863357,8816677,+
6891802120,3246695073,23865369,13884992,+
8016071088,4804187425,23865778,23433789,+
6879472013,947363925,23884741,5605837,+
5888750037,5732048429,23890693,16074661,+
6446588858,4206715849,23892405,11331666,+
5922138257,5077934504,23897484,10572181,+
8022975491,4032306781,23901438,22485474,+
6867389639,1380921577,23904114,1000788,+
6770962675,2548294253,23912358,1899246,+
7221351037,1467880629,23914827,15147793,+
5816461697,5078999072,23916319,4998300,+
7103181345,1651441016,23918215,13737956,+
6919063682,15196009,23918646,7922277,+
8646456463,1825244705,23919468,23879358,+
5980692125,4852292981,23922045,5108623,+
6183146497,4513814112,23922405,5400226,+
6726239281,2853040175,23922630,1980798,+
6893810464,897378577,23923382,5299607,+
6916287818,1278687625,23923584,8556783,+
8668726745,332724473,23924347,23855391,+
6676862225,3166909728,23924926,6491351,+
6272734105,4766244921,23925565,12867063,+
6110897453,4636622805,23926867,3367171,+
6707285171,5907305341,23927046,20601324,+
6915475821,654641621,23934689,7290871,+
7503046225,2088258816,23937317,17922180,+
7357292209,6315614832,23940609,23814838,+
5645112337,5298341304,23942934,166697,+
6892650701,1134427125,23946143,3256105,+
7368137944,488677873,23947580,16337443,+
6322331522,4295980969,23950257,7379628,+
6621051881,4795079721,23951759,16346011,+
6916088673,2218815320,23956058,10548883,+
7002485760,1796394113,23956639,11858896,+
6495019960,3825590833,23958367,4734598,+
6907106129,155596257,23959231,1088909,+
6859210181,1904774045,23960661,2169245,+
6905805832,800350129,23961343,3797822,+
6337108610,6050470681,23963214,19555455,+
6278826200,4951944161,23964471,14066300,+
6867824417,3623517464,23964496,14289543,+
6702091994,3160212937,23964687,7259976,+
7218935784,2452597553,23964710,15723679,+
7574671393,5367245424,23971197,22559950,+
7593529424,1647293633,23976245,18288162,+
6800933641,2656307111,23977554,7253256,+
6564397961,3627415591,23978316,2116002,+
6908312197,1069746299,23980464,3872028,+
5637624545,5336213216,23980570,4543731,+
6244105688,4874929425,23981207,13000442,+
6329077581,5773338581,23983099,18419779,+
5725033321,5252992151,23986392,6294936,+
6837712584,2259760817,23990096,1356013,+
7873819425,3351665408,23997178,20992003,+
7277690913,1585285624,23997315,15506558,+
7897080049,4103156952,24001884,21892067,+
5659073329,5355072792,24002099,7342632,+
6459458481,4149193736,24005912,9698387,+
6325198477,4523052037,24005915,10776887,+
6907145373,1415355445,24005971,4014063,+
6958176848,980822609,24008758,8639655,+
6996413289,835418857,24010003,10176903,+
7071321201,346808296,24010858,12074577,+
6066300722,4779440329,24011079,2297004,+
6239713761,4480162240,24011955,4539878,+
7064756904,951818177,24012143,12041156,+
5837439602,5180467273,24018630,8465955,+
7116109632,122230769,24020017,12874078,+
8177990737,3213426672,24021350,22296999,+
7563822577,1245268864,24024086,17851663,+
6323394657,4862530904,24024557,13646222,+
6129036335,4687746001,24024624,3246720,+
7800463496,3784856241,24027778,21028543,+
6933611816,516907361,24030423,1771216,+
6778229290,3066869513,24033486,9025653,+
5750813085,5325218933,24034793,9305509,+
6352015465,4271994873,24035673,4734449,+
7593352173,5601108149,24037055,22997423,+
6849531794,2941675657,24037353,10670208,+
6826552181,3058724925,24037427,10656505,+
6837729505,2671399713,24038081,8354751,+
6990989681,404259216,24038447,9408622,+
6996261073,1606172639,24039288,10603290,+
6905219081,1686134441,24040983,934139,+
6951904296,422337521,24042403,6625348,+
6904823664,2768121953,24047570,11245933,+
7546638704,4206420993,24049435,20296606,+
6635964061,3826923875,24051600,10804896,+
6943236960,1000559233,24060752,4900833,+
6940235365,992878283,24062694,1855164,+
6931185009,1776976832,24066206,7487057,+
5875107922,5130896489,24071403,6789534,+
6970262384,985642977,24071522,7880179,+
6495213056,3988917569,24082545,5790440,+
8195206477,2965081509,24082687,22135893,+
6584595381,5074321901,24087767,16791017,+
6939869493,1364476045,24089437,2293731,+
6949552961,1130755376,24093873,3045764,+
6723656249,3225803602,24095319,4602966,+
7029628473,2587931929,24100903,12855885,+
6973382104,806724657,24102568,6803853,+
6747660481,3174202480,24104498,6341195,+
7675125713,4087446319,24108780,20671104,+
5929148245,5060244443,24109008,3590034,+
6859975591,5942922425,24109542,21009810,+
7043734017,3618775352,24110650,15580069,+
7236814312,2017061329,24113612,14886203,+
7245677897,3776568634,24115029,17605794,+
6599695969,3738828033,24115969,6208215,+
7000152504,79057937,24120188,8213429,+
6514658112,4199416417,24122665,10451748,+
6875644309,2398193867,24126102,2364726,+
7921538960,1700756273,24130317,20091908,+
7086822205,1099510773,24134319,11580533,+
6209599153,4666008880,24136132,6378707,+
7868357545,2095567178,24138867,19899846,+
7162949416,1088212801,24139889,13074904,+
7113135649,1239881472,24144092,12177657,+
7054327976,341443025,24144174,10302905,+
6936860912,1827283137,24145525,1615754,+
8585571890,2358864313,24148341,23518284,+
6155326825,5603186121,24150509,16204545,+
5639562137,5444821114,24153207,4612794,+
6728171301,3300593021,24155629,2822347,+
6760763305,3179480663,24158652,4788828,+
7107379313,944454600,24161411,11752696,+
6727219032,3316830017,24162578,2947435,+
6366821873,4360496544,24164960,1580701,+
6573720653,3852236325,24167063,3381677,+
7042541272,759686529,24169083,9603314,+
6844767237,3880992989,24177739,13908829,+
7685080501,133253725,24185585,18282749,+
7938993152,4822581057,24189818,22797995,+
7257154513,350078385,24190903,14123673,+
8542303361,2975023256,24193311,23540272,+
6457641883,4392197525,24196458,10298652,+
7173041697,4335136144,24197373,18116398,+
6032274961,5655138016,24198266,15484073,+
6725031417,3743691689,24204113,10760681,+
6511979680,4331517393,24204252,10916027,+
6970382933,1672631565,24206519,727577,+
7345781593,540723609,24207945,15181163,+
6967152829,1905953733,24208685,6374307,+
6526347178,5257470425,24212139,16798812,+
6230405216,4673849265,24212542,4036225,+
7379819293,185377765,24212639,15534311,+
6417225785,5703278553,24213269,18045953,+
7229078587,3749897717,24214830,17159652,+
6706256664,4222620833,24216355,13477646,+
6717541265,3694710223,24222666,9821946,+
7053665473,843551704,24223072,9232495,+
6959663777,3380168832,24226201,13297120,+
6827053754,2989719673,24230154,3921105,+
7252390945,3025260081,24231635,15928473,+
8736354509,1419697637,24232417,23873541,+
6101832529,4910383137,24233907,5113423,+
6846122657,3120363344,24237223,8861484,+
6595276089,5717157817,24237357,18938897,+
6994078345,1443451058,24238074,431859,+
6982785007,1693827857,24241440,1552788,+
6957666129,2046600112,24241744,2514981,+
6737366712,6283366129,24243677,21367032,+
6605989472,3983017617,24247595,8722088,+
5952752241,5128387936,24249903,1397242,+
8228257825,4991122936,24249910,24069053,+
6504750897,5125224584,24250016,15907789,+
7054634840,1758755553,24260188,10033673,+
6883118977,2858979624,24260347,7440174,+
7625250689,842981592,24260833,17671916,+
7020226514,4383902617,24264084,17004669,+
7956285501,2573352821,24264569,20425139,+
7948040553,3695215625,24264967,21300997,+
6974876425,3391452153,24265153,13337631,+
6973640065,2043421608,24267438,5413499,+
6160496482,5020949609,24268506,10780101,+
6720334330,5787055193,24271824,19688229,+
7026454001,1155898536,24272527,6054314,+
7344289713,105934240,24280019,14848368,+
6985192801,1886121256,24280087,947572,+
7044366097,440405569,24280529,6758507,+
6192833816,6094418801,24289434,18446609,+
6412194640,4442802433,24289637,7553626,+
6632783929,6415071513,24291345,21346037,+
6948522145,2338124193,24292803,1482949,+
6978659737,2508677834,24293544,9260037,+
8719695397,2744021629,24295897,24061753,+
6539350907,4102941877,24298530,3298476,+
5821781969,5427148257,24302093,9565151,+
7290109328,3141992465,24313278,16208233,+
5846671457,5814561944,24313808,14721897,+
6987486761,2036103130,24315840,2014503,+
6889855457,2843061944,24316794,4470221,+
6627155201,3887224401,24319469,82279,+
7020804257,1596966392,24320103,4183720,+
6430525450,4439162441,24323808,7604895,+
6127477445,4932998251,24324126,2496120,+
7041247370,1062402841,24328167,785070,+
7441086001,4198715841,24328637,19193313,+
7101310545,1448153233,24328689,10198567,+
7047806549,813491757,24333329,2079287,+
8146373649,4779653552,24334316,23387083,+
7943966921,4206243321,24335513,21779737,+
8505295560,3012973201,24337518,23241655,+
7099008529,901820817,24342353,9268233,+
7452613021,3786118101,24342461,18497817,+
7089741656,1682636561,24347351,9929694,+
6699557105,3764135528,24350799,7023274,+
6994177154,2540039113,24356730,9008787,+
7422697945,381264393,24359777,15444489,+
5670702552,5539964369,24360476,3841339,+
7523168297,470759769,24364559,16465519,+
8451801320,2147699121,24364991,22607450,+
7325185633,1555561080,24365132,14515113,+
5803941480,5396149681,24366573,3325420,+
6659929569,4560015857,24366997,13932367,+
8381160649,2760406137,24367931,22519203,+
7367095968,4178169265,24368577,18617914,+
6332276944,4746833457,24369202,9516063,+
7563745905,4673878328,24371197,20655856,+
7416633313,1644929999,24371820,15624342,+
6882256769,3045206048,24372060,6103199,+
7057051673,1124071065,24372751,1272227,+
7200302885,1942089821,24374325,12895787,+
7448014737,3035365424,24377591,17222302,+
6926248313,2821916170,24381843,6055008,+
6842295681,5445860561,24382651,18929569,+
6280371240,4753253473,24384718,6267411,+
5821549416,5674976161,24385177,12754812,+
6150614369,4946966472,24386089,3136064,+
7042850640,2939919601,24387240,12043043,+
6178114017,5535777112,24390936,15066505,+
8500123288,2150030049,24391475,22797858,+
6635876297,3953049394,24391623,1985736,+
6096659961,5170536281,24392663,10197187,+
6400496993,6204461215,24392844,19581084,+
7062864465,1389417328,24392934,5571289,+
6604501557,4106694157,24395841,7480855,+
6792240609,3476452048,24415795,457194,+
7204713969,1443808273,24416685,12118501,+
7079555149,2467216453,24416765,10957807,+
7779286250,1960020073,24417168,18721977,+
5741616136,5500393425,24417378,3874375,+
7880892296,875576801,24417534,19156493,+
7092784693,696995485,24420713,6224267,+
5914519037,5306739269,24421471,5033271,+
5832837793,5411897440,24422243,5890678,+
5923444553,5904986554,24422700,15516273,+
7130170253,1078198805,24424607,9416049,+
7179485581,4663684405,24425255,18438223,+
6869280427,3844443989,24427356,12563628,+
7189535104,1203960817,24427642,11469553,+
5704077312,5577738689,24432484,7258513,+
6543626753,5432023569,24433355,17028287,+
7222396513,1967569560,24433956,12927401,+
5834237573,5637080525,24434467,12074367,+
7770092081,1929717761,24434799,18605117,+
6276260241,4781077496,24435394,1532663,+
7469687553,6575886320,24436976,24227393,+
6985618289,2754028913,24437027,8479005,+
7003812329,5642779257,24439117,20200109,+
7010194591,2305495745,24439470,1272894,+
6861889752,3827535329,24445528,12187511,+
8073375536,4651134545,24445640,22789221,+
8092074017,2989830144,24445928,21133639,+
7759358400,3620288273,24451102,19911593,+
6352305957,4665881917,24452171,4501245,+
7313817851,2304524341,24452478,14641536,+
7088911097,1181258914,24458574,1986327,+
6904409729,3474174512,24459141,10712554,+
7921981289,2530766122,24459534,19856253,+
7240581427,5584520957,24464070,21029268,+
6411610936,6325263985,24467197,19945600,+
5965813937,5288892072,24469907,6457360,+
7977908378,3572519065,24472041,21006114,+
6477861653,4986952219,24484662,13817700,+
7349597112,3758341889,24488828,17341823,+
6549873016,4591776001,24492389,11576054,+
7114926768,118514065,24497866,700983,+
6653395919,6475368337,24498174,21300462,+
7712031009,2388549457,24498291,18298063,+
6919051498,3126894905,24503676,5998173,+
6456047554,6358112297,24505041,20170476,+
6933725984,3118442577,24506201,7407334,+
6032879585,5210995663,24507132,4333206,+
7320573133,273595125,24512907,13298491,+
7143316867,2146027949,24512934,10743768,+
6555228161,5060083265,24517095,14948903,+
6756972257,5268232992,24517622,17480845,+
6264101601,5557658881,24518151,15389423,+
7129772001,1738869265,24522525,8824193,+
6926833681,3402122976,24528023,9945282,+
7408213073,1790539304,24528229,14979720,+
7329664928,187423505,24530839,13339962,+
7233674914,1614464873,24533445,11957862,+
6525328065,4408791088,24533964,5935697,+
6764848816,3763481281,24535136,4763281,+
7273811336,972256545,24537725,12346922,+
6265712953,5333332850,24539658,13682871,+
7133583373,713806389,24541191,5046065,+
7118505381,4596245341,24544647,17550721,+
7024252288,2556630225,24545157,4245092,+
6671914688,4061693025,24546071,5603536,+
7407443665,3602678113,24550651,17316631,+
5774618097,5559879664,24551587,5740428,+
7588269201,330089776,24554517,16463404,+
6183543643,5132417285,24562494,9349662,+
7867627577,174327634,24562677,18727608,+
6745896515,3974954173,24562776,8721036,+
6307634385,4846346776,24571270,4064199,+
7322895488,553005729,24572080,12970087,+
8349454953,2401936297,24573545,21929805,+
6949056425,3128321623,24575052,6165876,+
7425974776,3077882881,24578296,16478591,+
7009813201,2753881536,24584327,2566686,+
5961207905,5355024488,24586234,592941,+
7069793218,2312263145,24586416,4211169,+
7134618161,1506597456,24587167,5806274,+
7147433135,904542721,24591816,3445350,+
6560254201,4712185346,24592794,12063177,+
6492812402,4763294089,24593037,11244198,+
6992392496,3019071921,24594784,7687763,+
6489943797,5814911629,24596567,17956239,+
7176451653,253121405,24596863,7736311,+
7201734185,3300225833,24598233,14429261,+
6538314649,5533227698,24599898,16958385,+
7678688465,3499692288,24604103,18957302,+
6784852177,5617398664,24608002,18723463,+
6456074197,4886430829,24612863,11707049,+
7671921840,6172172881,24619148,23771685,+
7150974657,1254116417,24623465,2339303,+
8073561392,3454601297,24625191,21141110,+
6885099840,3465646273,24629298,2573749,+
6424290744,4695014881,24633260,4553655,+
7395699249,520026353,24634099,13813085,+
7167285778,532826105,24635013,2271252,+
5874228737,5694383672,24638874,11710555,+
7170761213,356385125,24641971,2517723,+
7681049729,2456991392,24642072,17750369,+
6815575297,4713471409,24644309,15133511,+
5897583785,5508690658,24650379,7439922,+
7367579265,1421134856,24651935,13525864,+
7199434848,447201265,24658164,7721693,+
7172129713,1996808344,24663679,9103090,+
7943155360,323068273,24671363,19014172,+
6737198293,5224484269,24672385,16704089,+
6456520985,4746406306,24672960,8610573,+
7154073512,1869724209,24679967,6405538,+
7071483505,5053133248,24693976,18244477,+
7183555985,1385820648,24695189,6158032,+
7674541753,1104054674,24700668,16876245,+
7212300472,1576562049,24701086,9083397,+
7112560257,2509602584,24707738,7365509,+
6888861200,6364984161,24708490,21459347,+
7188464608,1187146705,24709063,4396318,+
7192106561,4051964465,24711285,16007447,+
7927502018,5131122745,24713346,22587207,+
7140910784,2074420577,24713811,2041058,+
8618143648,4018691905,24714808,24002033,+
7027013911,2994149705,24716910,4946346,+
6952705210,3545009513,24723693,9148542,+
7206586447,307463009,24726912,4650402,+
8702714881,182188176,24728046,23109787,+
5876015594,5617496281,24728235,8886780,+
7018404257,3060209489,24729459,4421999,+
6938681592,3471707729,24735449,6282026,+
7101294221,2553809301,24736223,4369519,+
7290324301,1933652421,24740927,11894931,+
6887264017,3635111608,24741655,937210,+
7217085826,371658185,24742185,5890224,+
7073072001,2780394976,24742908,4832353,+
6496390663,5180804345,24744144,13993668,+
6078426712,5320783489,24749732,367583,+
6353817265,6095365521,24750035,18117291,+
6387159969,4931390408,24757358,8329955,+
5931925649,5723854512,24759479,11958542,+
7457658865,3608555208,24760056,17120611,+
7030689873,3049703720,24760921,423734,+
8309874619,4899185477,24762204,23699088,+
7134716512,6141220369,24767044,21621173,+
6944332706,3505967641,24774771,5933172,+
7498881026,429799465,24774795,14566926,+
7523298048,2524365745,24779053,15961488,+
7039148513,3162893264,24787190,7360461,+
7662607297,916052424,24787857,16445692,+
6865068217,3849699722,24789012,7397085,+
8023866545,2556254288,24789076,19863981,+
8375517997,204070309,24789817,21404197,+
7473993288,1702585745,24793493,14528992,+
7230011149,216196677,24794253,2146607,+
7045771233,3047899360,24796864,1377417,+
6252311341,5277661221,24800417,10701309,+
7220324984,1255192097,24801354,2492867,+
6284958544,5126811537,24803157,8211916,+
8027000417,1045929392,24808365,19328182,+
7236353357,293956579,24809484,3181842,+
7161984913,2292698400,24809527,4870554,+
7860594269,2351249827,24809784,18605304,+
6971123959,4021727753,24810060,12565896,+
7213642049,1524366833,24810509,332865,+
7428375949,6327648453,24810965,23091351,+
8693731385,674902738,24814668,22966581,+
7343145008,613410705,24818347,11383396,+
7457464593,4038006280,24821604,17826443,+
6447360465,4848021953,24833371,6360881,+
7287330021,431079101,24834839,9037417,+
7265863989,1547807261,24836795,9070535,+
6233518065,5211647761,24837585,7519247,+
6414378753,6084687584,24838510,18151771,+
7185702349,5441884677,24839379,19729007,+
8207683649,132544232,24842916,20365553,+
7353049288,1380841809,24845275,11763432,+
6014735256,5687145761,24847028,11949127,+
8136135205,4668994523,24850356,22559508,+
7100701720,2930228001,24850749,6510610,+
7131922784,3735094337,24852913,13514256,+
7219166277,2011263277,24860915,6975927,+
7745549837,2254130419,24861576,17514084,+
6814351464,4040873377,24863454,3970531,+
7370105649,2386717528,24865505,13337226,+
6950087568,4185983329,24866835,12782294,+
7128698781,2773331621,24867073,5905559,+
7256380896,876790705,24873166,1056255,+
7261834423,372055289,24873588,3828510,+
6717041521,4374057480,24880200,7723709,+
6353232467,5032397533,24885000,4465830,+
7339510562,2881240969,24887748,13738983,+
8812775617,1491032272,24890095,23480288,+
7273532832,4744881617,24897604,18101435,+
7106924573,5486411925,24898387,19336153,+
7533219672,2392001729,24900574,15434059,+
7116476141,3690478195,24903330,12704742,+
8285144105,2285494378,24904947,21039342,+
6640111889,4513877648,24905310,10537,+
7267747136,1119468321,24905341,4829654,+
7274785057,86849137,24906575,3672283,+
6730551137,4963009464,24911767,14315924,+
7297937605,1948825821,24912305,10221537,+
7211476933,5377366379,24914670,19520832,+
6912178769,4273324207,24916632,12294468,+
7641369681,383702600,24922661,15678580,+
7256148296,2897153601,24925412,11948401,+
7000552833,3651200560,24927749,8661234,+
7959784945,1944302016,24928242,18822095,+
7507525025,3456720513,24930769,16718999,+
8125410737,2714066312,24932225,20306754,+
7702155469,3002879013,24937955,17658471,+
6312733451,5178184021,24941526,7652166,+
6933352385,4138137336,24942325,11439554,+
7794827545,2638252953,24945263,17990589,+
7610863649,501145457,24949577,15208851,+
8346363496,1080291441,24955434,21009583,+
7613729137,1609736344,24956818,15491759,+
6687283393,4469166544,24960815,3419252,+
6666432448,6280232449,24962840,19862911,+
7937159901,2474782021,24963723,18871219,+
6754918561,4315789216,24967096,2399719,+
7658019536,6789991505,24973722,24715865,+
8174298041,279752770,24974619,19911300,+
7384306865,2620110881,24975425,13327227,+
6970827677,4909776309,24978367,16136989,+
5951716897,5633450544,24983619,1623338,+
7279734240,2109620641,24983650,8639331,+
6911237753,3906906679,24986010,485052,+
6654423121,4844598129,24986645,11674995,+
7244238117,4398680749,24988537,16569051,+
7547984296,2308545681,24990112,15124011,+
8614508481,565465216,24992856,22344623,+
5930231821,5859076691,24994038,11807142,+
7293222577,1464465249,25007199,617003,+
7290012240,2846110993,25009028,11784693,+
8790089065,1303425001,25018999,23197405,+
6636463664,4687917713,25021077,7617940,+
6998568641,3961076816,25022752,10655343,+
6853270808,5196755025,25023868,16271909,+
7770797888,1536775169,25025115,16853254,+
7183729656,2810456305,25028560,4750173,+
8168711104,1817530497,25031874,19951813,+
7959928961,170819136,25032571,18280954,+
6780928403,4339159405,25037328,4797156,+
7516836061,1389512821,25045349,13572889,+
7217645160,2700231841,25048167,6722920,+
7300826120,6422255393,25048528,22589049,+
7812349370,4973051593,25048593,21307596,+
6479307536,5575439601,25048744,15075037,+
7119556345,3202875458,25049301,2049216,+
6878596920,4097312593,25050203,4668168,+
7585856760,6519692641,25054390,23777133,+
6914819977,4632632697,25060575,13738753,+
7752076608,3692515169,25069805,18658406,+
8400096881,911803776,25072067,21103244,+
6828205761,4433802520,25073675,10067622,+
8404767288,513028705,25075376,21107433,+
7046694377,3605858489,25075721,6133233,+
7585574841,3288157961,25076177,16637663,+
9158319833,2252618455,25076454,24895872,+
7025498081,3672450816,25086374,3937741,+
7362648097,750847329,25086961,7665969,+
7661891221,657826125,25090887,15225335,+
8347781697,904394144,25092623,20767564,+
7792095449,1142335113,25098683,16699595,+
6243405376,5354607201,25099561,1783788,+
7572607144,5199285393,25104700,20528277,+
7327600973,1711200069,25104949,5923655,+
7351402117,41003037,25105805,1891989,+
6296991811,5419087085,25106322,10359180,+
6985493615,3845672593,25112268,2750496,+
7434811713,1863327880,25125391,11727888,+
7560345937,1549550704,25126309,13895504,+
6607480129,4805769408,25127568,5329295,+
5964764477,5723265523,25130100,5426130,+
7681386945,856044193,25134891,15295483,+
7203560687,3218118769,25138134,9397626,+
7364949121,1182739920,25144991,6096600,+
7162482562,3241725977,25148430,6249537,+
7486563536,2039730401,25148599,12947496,+
6829529877,4567104157,25150899,10812295,+
6574263815,5116672681,25151490,11570448,+
7523398625,6676132113,25155371,23839127,+
7200645131,3521594869,25158540,11315340,+
7331658419,2257643437,25159638,8370426,+
7309111873,2257358800,25168168,5209039,+
6583065173,4976409885,25169411,9213607,+
7294754112,2820204689,25170517,9798424,+
7377262913,763686584,25170900,4796593,+
6559171457,4993774784,25172129,8505048,+
6650852449,4856021208,25173084,9194455,+
8576631448,1086596209,25181315,21901456,+
7457861344,1597919281,25181480,11383565,+
6595705553,6514923600,25184443,20036624,+
6034746061,5824420165,25187695,11043229,+
7998784555,1742393813,25193988,18381612,+
7604402488,456074305,25195204,13856527,+
7380561665,1328996433,25197227,5990767,+
6504447272,5038867649,25197487,1857588,+
7629432621,489695381,25199449,14227343,+
7182530753,3686191640,25202257,11452932,+
7159458385,4690448128,25210393,16042082,+
7208269361,3093972776,25212429,3000976,+
6043181329,5686004112,25217412,3426571,+
7363547784,1755302897,25221731,1470496,+
8512004359,993772457,25226604,21476202,+
6765775033,5056656265,25229651,13561909,+
7076127650,4160206633,25235307,12005538,+
6086772677,5701029197,25237771,8451495,+
7232989256,3021468561,25241668,2452267,+
6798833936,4511356625,25243072,2617275,+
7382844560,4617953633,25247127,17537308,+
7331409101,2542592501,25250547,7940819,+
8276843401,5793362066,25254867,24403518,+
7411230193,573545440,25255672,4497251,+
7482793768,6311282625,25256629,22655718,+
8087823449,5155739193,25259765,22558847,+
6467577864,5708257537,25264126,14888667,+
6939018576,4535732321,25289939,11640842,+
7407428145,1380439136,25290128,3725,+
7429055264,174625361,25292135,5343570,+
7502656505,981533191,25305540,10717692,+
7430493873,88187840,25306817,3145694,+
7995376109,3946687397,25309141,20070873,+
7421559010,1629928793,25315326,6997329,+
7986441271,5168381225,25316190,22057038,+
6023615537,5773355504,25319388,2198221,+
7129950977,3789333024,25319489,8761136,+
7696540385,485498143,25328928,14519232,+
7427305249,1244413713,25329867,51335,+
7390601665,2051046016,25339730,1982581,+
7380818339,2177451661,25339800,3204990,+
7039060714,4001066297,25343226,4171377,+
7465157880,1306274641,25343880,8683867,+
6152395763,5735222125,25347774,9660342,+
8446637873,628072865,25354077,20868343,+
7678784465,6218246048,25359478,22995591,+
7464234001,1272570336,25360338,8093719,+
7319923034,2792538841,25362405,3829980,+
7425482176,1733729521,25364362,5207857,+
8931495472,1372795089,25370526,23418361,+
7876192296,2499036145,25372270,17310159,+
7676601967,1305348497,25373016,14154720,+
7396538065,2833645656,25378361,10593450,+
7006473885,4140369253,25380109,762339,+
7458813025,78637648,25380631,314056,+
6610292896,5480383825,25382060,13997413,+
7194440650,5145157913,25384923,17479296,+
7638210609,2398385192,25388716,14477747,+
6919335537,5106016832,25390390,14862767,+
7256875261,3421808325,25390655,9016503,+
6174643642,5841198137,25392840,11733261,+
6891614057,4465865129,25400481,3286987,+
7665542328,1943667745,25404103,14253408,+
7440272733,1875011669,25407017,6492125,+
6849575040,5484559841,25408940,16237769,+
7458625081,1837789226,25412796,7986141,+
7362182272,2707354609,25413347,6495656,+
9048266304,4277226337,25414134,25178221,+
6546390602,5152121257,25416390,114957,+
6287457481,5560985810,25417635,7485114,+
7184713496,4668580001,25418526,15326813,+
8511083229,2892007573,25418629,21737265,+
6511017145,5524391858,25426827,12774408,+
8253869449,2022609002,25429617,19758288,+
8128772912,869938209,25434307,18584822,+
8170547977,5855331239,25435356,23924922,+
8000433153,1544930320,25437147,17652394,+
7418892648,2184107729,25438405,142096,+
7183443898,4069843145,25444788,11727471,+
7330536113,3031648464,25449089,6943450,+
7564801591,1576588409,25450620,11462730,+
6445323269,5335877467,25452354,82086,+
7045385081,4274431065,25453277,9480215,+
7452473256,2265152065,25453745,8712648,+
7391389745,2771987888,25456952,8464653,+
6707216410,4915864793,25465179,1823532,+
7614237009,1072872152,25467611,12179056,+
7535548457,1763152649,25475573,10504551,+
7464318232,1758889617,25477028,2122005,+
7188488401,3700165216,25478918,5128633,+
6961295601,5399345000,25482082,16443535,+
7219060048,4182311745,25487189,12865818,+
7659029841,440454161,25490819,12836771,+
7754692928,2230826225,25494237,15313336,+
7509903184,706886097,25499771,5748144,+
7879105831,1774276745,25501098,16370760,+
7515185013,3805966445,25501493,15427619,+
8711610569,5499119962,25503852,25216881,+
7843042065,678207928,25505001,15625126,+
6364455793,5520580960,25505533,7311716,+
6927437713,4511682625,25506887,5620691,+
7505760120,1381530913,25512189,6558778,+
9118381345,3745229848,25513277,24941374,+
7492276201,1471924490,25514055,1407768,+
7109613648,4094555425,25515069,8044658,+
7525409432,72105329,25515439,6946002,+
7469521343,4740727105,25516476,17755128,+
7339641625,3151025833,25516813,7231093,+
8941201137,647762704,25522973,23220468,+
7462052609,2072261328,25523546,1921765,+
6731940904,5142391297,25524737,11351368,+
8238841841,2312516616,25526816,19580771,+
9207151441,1780664616,25530282,24517223,+
8822388312,4064666177,25533866,23945365,+
8119736897,6263705664,25535723,24424618,+
7569651096,2506811665,25536816,12474955,+
7436803213,3497684629,25538609,13015615,+
6104406593,5863543304,25542840,7633231,+
7189063297,3785915992,25544740,1919009,+
6698054481,5023500865,25545815,6116877,+
9134888237,1097618549,25548617,24103479,+
7305364607,3321393889,25555446,1044822,+
7873826865,6159706336,25559821,23306520,+
6671729273,5074492450,25561782,5152311,+
7485902097,1959718664,25561984,2948171,+
7284550657,3473690344,25562239,6222784,+
7468180081,2191959640,25563586,1121425,+
7506303682,2625846377,25565718,10847205,+
7333742849,3501032808,25566838,10018405,+
7833138737,520504447,25566924,15207570,+
6318865027,5642790317,25568106,8240940,+
6718375553,5390876960,25568543,13429032,+
7528194448,961383345,25570369,2292294,+
7535026535,235776073,25573746,3070788,+
7903687449,3438764233,25582665,18046241,+
6341587464,6047507633,25582760,14791021,+
7812622177,2017622337,25585559,15420465,+
7039395097,4949787314,25598589,14203032,+
8349086705,958597601,25604845,19779207,+
7547872657,186961224,25606756,2799531,+
7094843985,4184694128,25608859,4233536,+
6726374033,5907008160,25611307,16827616,+
7471160877,2808847877,25618123,9594385,+
6548457741,5358661621,25621893,7809947,+
8379132032,1567950369,25622279,20036108,+
7032644145,4402361713,25633371,6118811,+
8127339461,1069300461,25640401,18037291,+
7978251941,2529565101,25643243,17397719,+
8301146289,482118008,25648070,19322753,+
8212466857,4880523657,25652991,22065875,+
7009276737,4483856449,25653753,6114583,+
7563092257,914813064,25654724,3742791,+
8151173480,1076320161,25655560,18194471,+
8628770005,2322081371,25655580,21700134,+
7540276585,1896525626,25656030,6895251,+
7631014481,6022538816,25657049,21886938,+
7567005026,1006968121,25657767,5504286,+
7872044557,2343449939,25658406,16104402,+
7568927477,213335659,25661262,918618,+
7382620385,3232231416,25661908,7054985,+
8561274593,3453831080,25668087,22008508,+
7908866824,1453269937,25669523,15879812,+
7354286145,3334146248,25675814,3839851,+
6660151225,5299222538,25677789,9872328,+
7726072045,2067800293,25681219,13683137,+
7163697497,4457811874,25682031,12064926,+
7527797401,3122010265,25683449,12163435,+
8266454512,3958900257,25683769,20926800,+
7447170250,4447396601,25685235,16012668,+
7683790849,532245153,25690815,11612249,+
7877637259,1701192917,25692078,15523962,+
7382628417,3361194424,25692111,8252792,+
7575317477,1101589579,25692348,4235922,+
7143770699,5027532517,25694988,15365382,+
7938495329,5743663377,25701739,22436279,+
7751499554,4572929977,25703496,18799173,+
7629557848,1328517105,25706206,9948081,+
6269008645,5765847901,25708265,5948551,+
7574345377,1356639384,25710567,2966536,+
8172733075,4763078813,25715316,21574638,+
7585644944,1083894497,25719244,3813513,+
8324262521,2368894186,25719309,19763004,+
8943149632,1857232449,25724532,23080177,+
6737628173,5095826419,25728480,840024,+
6226445504,5863487217,25728664,8316509,+
7328273081,3636972346,25729338,7647489,+
7490873957,2633303357,25734537,628535,+
7071255553,4398136504,25735300,1711039,+
7502441409,2552978752,25735733,3969798,+
6606416369,5325754152,25736881,5022994,+
6749669947,5083525877,25737228,3090090,+
7409979133,3252326245,25740037,6921901,+
6337165901,6272604581,25742189,15791049,+
6984512113,4618594120,25742638,3163409,+
9108480872,4494872897,25744194,25261675,+
7552770001,2218355680,25745605,7004876,+
7049783765,4541816923,25746816,8246646,+
8929127105,119522808,25749116,22843951,+
6770275617,5118411904,25752808,8224647,+
7349992553,3767061319,25760640,10035462,+
6848193698,4968273385,25760886,7638693,+
7610941637,533990877,25762441,4786295,+
7525199984,2443708257,25762771,3807614,+
8164335785,1812984583,25764738,18191076,+
7429227385,3991358713,25764929,13473827,+
6903427720,4902850593,25768088,8788167,+
7364090481,5396170640,25771645,18429136,+
7867318570,69193001,25773180,14621751,+
9027847368,4624455665,25774012,25044131,+
6538959425,5482328648,25775368,7389873,+
7062904129,4959798568,25776683,13464010,+
6251869666,5820983801,25778436,166197,+
7530038565,2447649581,25778777,1663835,+
7323236257,3792959632,25778855,8683384,+
7795184193,5028299960,25781878,19967893,+
7620944513,2300529864,25783355,10648286,+
6537879889,5619181008,25783496,11055195,+
7624192618,1324309625,25783713,7716306,+
8147562617,6488248809,25785617,24694969,+
7378005617,3435077064,25786564,668861,+
7692364249,3122685177,25788279,14429699,+
7925675176,4718682321,25788997,20018928,+
7037383101,4549204661,25793219,2791513,+
7102676657,4454572304,25796608,7884909,+
8411249320,682002961,25797440,19761547,+
6134793033,6133795465,25800357,11672063,+
8821382977,4637524224,25803413,24198306,+
7598971296,1698683825,25809025,1253534,+
7671166672,1896714337,25812115,10942574,+
8722147520,5936930561,25814271,25588820,+
7929925233,2270328305,25814323,16046669,+
7585213344,2295420577,25816797,8089138,+
7520435953,2702146624,25818205,5205832,+
9150636833,3373833969,25825183,24491755,+
7662555792,1335718849,25829621,9203022,+
7641583697,1362557712,25832999,7637750,+
7674954705,205780721,25836005,8994941,+
7650738389,798253373,25838705,7136637,+
7638936781,495044005,25840111,2522405,+
9397777897,1607445609,25843689,24958909,+
7537490401,3275380849,25844215,11460355,+
7557655760,2457750561,25850045,1026854,+
6393334097,5810569999,25856814,10126122,+
7586814945,2287072016,25866758,5592115,+
6600476218,5472285449,25868415,7765128,+
8120996632,1912023537,25868790,17544817,+
7635022952,1410761249,25869639,931448,+
6845371217,5058311352,25875140,6629531,+
9362380896,2846626225,25878790,25072959,+
8234585905,858706456,25879850,18228961,+
8533730266,3596593241,25880571,21641388,+
8435638829,2568663043,25884006,20256060,+
6278735953,6003756000,25884666,11068327,+
7425007549,3451332997,25887863,6020959,+
6270519145,5950899081,25889289,9472555,+
7819725395,375242461,25896480,12989946,+
7473385489,3193884312,25899168,2684917,+
7669727065,1759789223,25899312,9040896,+
7591188249,2338627417,25903511,1826667,+
6235485089,6078251792,25903878,11376349,+
7608217001,2386784695,25905090,7777182,+
7665059944,358760337,25905394,2369289,+
6189873505,5984542993,25906679,5687893,+
6838770329,5077479257,25909247,3263043,+
7775466608,3160938785,25910034,15026749,+
7973067489,2022534592,25913481,15917588,+
9527166929,589733888,25915641,25364090,+
7669868001,1531110376,25916019,7790446,+
8137964920,1570669233,25918714,17393919,+
6912171040,6041176273,25918841,17757454,+
7284868225,4336967808,25921979,11361522,+
7688746033,236054592,25925340,7272755,+
7495983705,3138978953,25929647,2958631,+
7673296409,653892057,25929733,2197849,+
6628796224,5452417537,25930943,5921324,+
7699243768,786702145,25931221,8291174,+
8066860537,6833942474,25931268,25021107,+
7625454689,2073627312,25933481,903476,+
7622527185,3926398081,25935711,15024005,+
8022682513,4169578680,25940523,19205396,+
7484275976,3524266785,25942700,10009799,+
7692300569,277037818,25948848,6509685,+
7411965673,4579505474,25958175,14892636,+
9002403697,1651094049,25958377,23003853,+
7864961176,87512721,25964343,13378366,+
9465530913,3877722320,25966912,25925063,+
7200352445,7079246373,25967441,22866353,+
7756059899,166367797,25968096,10432302,+
6707978421,5347853581,25968351,2337751,+
6791428848,5674544689,25968563,14246820,+
9539049489,578382752,25970903,25354406,+
7118197352,5036173889,25974897,13497356,+
7827641453,1092178565,25977229,12641769,+
7634413192,3851945457,25977996,14699485,+
9298848745,767652873,25978413,24306479,+
6862612511,5096813281,25979832,2523708,+
8024679821,5859522501,25982183,22628827,+
7241667259,4303363397,25984056,7747728,+
7457559041,4694743025,25984325,15802119,+
8403315617,4683241304,25984514,22139037,+
7707009625,1678244618,25986807,8964654,+
7803882825,4469107273,25991153,18135291,+
7511434800,3236507233,25994838,5754707,+
7635025498,2274156185,25997643,2221752,+
7268248205,6343188261,25998503,20663635,+
7607559568,2667084769,25999486,6939635,+
8083559753,1856882314,26000658,16689915,+
7447220165,5199489773,26001119,17627067,+
8368519457,837761457,26006363,18960095,+
7712608257,479916152,26007743,6083020,+
7736016049,499674287,26008698,8614134,+
8969354096,382872561,26011342,22664369,+
7908064097,3031345784,26013609,15934664,+
7876189905,2224416673,26015471,14276013,+
8893422705,3821648033,26017217,23423627,+
8955830333,3886337779,26017326,23762220,+
9055102896,2043545681,26018651,23260132,+
7252630162,4391813657,26021283,9376080,+
7160421877,5531620669,26022713,16701779,+
7639759967,2633359009,26024688,8591628,+
7329653949,5999729477,26029031,19703713,+
7340449457,3991763432,26030509,756780,+
7801647421,3013684885,26034065,14387437,+
8947406416,154424209,26035870,22511095,+
7645340026,2352943385,26038551,3824130,+
7824624353,959155304,26042848,11884215,+
7047021669,5089810973,26044249,12140095,+
8506534783,3173950769,26045370,20804592,+
8227013032,4136192289,26046064,20226567,+
7725713445,2217964813,26051871,10332827,+
7676722477,4591752659,26055324,17240112,+
8771212009,4822800217,26057881,23893433,+
7452704569,3615265977,26059593,2004011,+
8269423237,2243291869,26061887,18432607,+
8178192449,4382975952,26064271,20295524,+
7592659521,2878301656,26064363,2398598,+
8028723749,924149997,26064817,15436099,+
9009464577,1050309464,26065957,22812574,+
8343715781,3087359741,26067607,19632159,+
7689577369,1949408618,26071461,2882340,+
7671720848,2906875329,26071697,10886660,+
7589795265,3220359128,26073218,9591157,+
7272812352,4654146337,26073341,12361050,+
8948040109,4156310517,26075349,23893939,+
7037929897,4848399794,26076699,3688254,+
7859270633,1485209705,26081811,12695033,+
6946757296,5352265905,26084735,12648534,+
7546121197,4163006469,26085069,14040937,+
6924245237,5086492219,26093484,525018,+
7827727297,6039471952,26094646,22046795,+
7047552136,4847966001,26095053,4101776,+
6158814017,6148327279,26097786,6800616,+
7743648986,174252025,26101272,3800835,+
7698909936,2001310241,26104327,191188,+
7744634645,461883163,26104704,3915798,+
6368702144,5909878481,26108665,2846190,+
6934108149,5291055917,26108891,11393251,+
7805016569,1224807513,26113855,10525253,+
8286619496,1446041825,26122509,18060730,+
8266276481,2187646416,26124362,18192251,+
8896184165,738633211,26132946,22089030,+
6547717941,5991538781,26143397,13011721,+
7966141008,316666865,26148478,13966897,+
7629968341,3154960475,26153850,9368856,+
7315831429,4330660797,26155599,8305991,+
7866600824,2199538817,26162463,13043824,+
7988235017,466318642,26163930,14250093,+
7626113389,2933914917,26165159,2920683,+
7558491649,3389155728,26165825,6692076,+
7939376185,4739927113,26167079,19277527,+
6636041527,5626649129,26168622,6138798,+
7526603745,3504265288,26171772,3935177,+
7871488469,1231390317,26174551,11923969,+
7662861857,3294729272,26176164,11288185,+
7724375813,2525881565,26180601,9208969,+
7694867573,2458897085,26184831,4409467,+
7666258565,3230561693,26187923,10866261,+
7922689809,1026408152,26192437,12903776,+
7937127623,2033633689,26197170,13909962,+
7177695481,7055696231,26204622,22349718,+
8312550969,2418436553,26205563,18491885,+
6318846840,6050196641,26206540,6764633,+
9059520257,2758697384,26212059,23255534,+
7792625216,53485985,26213380,5684583,+
8489329457,2110511937,26221583,19629235,+
7828085617,2071579944,26222703,11202902,+
7278153007,4442975537,26227806,2446890,+
7605962306,3548087641,26229789,10317108,+
7132191871,4831927601,26235912,6537282,+
7815643560,3204395153,26241944,13783253,+
7750878611,2087725261,26243586,4469406,+
7792255177,1110186073,26245865,577265,+
8850055273,1013681954,26257503,21629220,+
7216881432,4648282049,26266376,4228561,+
6360908185,6223455746,26267010,12230241,+
7620306845,3259219603,26269908,5440554,+
7826980341,395125181,26277677,7236583,+
6281912569,6131743417,26283397,5903273,+
7745261848,2330144929,26283460,2661721,+
9135435449,5170126858,26285760,25505763,+
7941804049,697187992,26288599,12399766,+
6808078370,5476741081,26289039,6840210,+
7513135329,3770191552,26289612,1606409,+
7208991921,4729638704,26291795,7147220,+
8134108055,3946298473,26291976,18681048,+
7782263450,2445576553,26297463,9366936,+
6815980778,5448305065,26298114,3026259,+
7385590261,4264926205,26298247,6794435,+
7899698731,1594376501,26298942,11690406,+
8254009801,1163065561,26299123,17101661,+
7832317973,427460525,26299379,6819987,+
8310142269,1259734213,26299945,17668497,+
7010232557,5124318149,26302867,4527783,+
7780972456,2025060321,26309906,3918579,+
6993984144,6780820577,26311511,20442068,+
6524358025,6015128553,26314437,11224889,+
6281790809,6149970137,26318567,5148363,+
7836129009,773381872,26325354,6069169,+
7758880192,2370924529,26327153,372694,+
7833281449,566199338,26327292,4499625,+
7064905064,5039840513,26327990,3593061,+
7861786360,1778808993,26330178,10220707,+
8974810721,2221927856,26333229,22427642,+
6576841453,6393673605,26339517,15938279,+
8509980697,3997030297,26348519,21098965,+
8134308659,5609336317,26350722,21960588,+
9000302097,3029669992,26360016,22880395,+
8329603010,3394154281,26362827,19132890,+
7616264664,3943218497,26364401,11888336,+
6688313601,6441759416,26378744,16938049,+
7848974585,1121094583,26380392,5038386,+
7730843345,4492351728,26383111,16159634,+
7573861441,3966637216,26385068,10513777,+
7327501992,4509124577,26385892,4458185,+
7671112257,3695990944,26387928,11424817,+
7068193997,5197596259,26388348,9640962,+
7352252681,4506578266,26389398,7943931,+
7328229224,6251198753,26390590,19770051,+
7677190753,3199321680,26391401,3270576,+
7035673471,5158428545,26397012,357840,+
7583729242,3677728649,26402052,1212417,+
8623942810,2929976921,26402688,20614395,+
7739955568,3097465057,26409395,9130450,+
7651063480,4394834961,26411595,14657804,+
6995420585,5970568313,26413377,16173529,+
7695560299,3168510917,26418528,4568454,+
8011405824,1669720817,26418548,13346333,+
8713679569,4417484248,26427932,22581125,+
7408909336,4441317265,26432030,8866679,+
7477536377,4127309674,26435928,586701,+
7845140904,2459736433,26438318,9778095,+
8103309393,1245334400,26441561,14581286,+
9398868353,3180193400,26442434,24722427,+
7491144749,4888419573,26444005,14816989,+
8222990753,3551909000,26445336,18282841,+
7608590185,3850114201,26449607,9493655,+
8211288369,4221001768,26450010,19322911,+
7673495489,3355568552,26452213,1801698,+
7470413101,4213362131,26453868,6661536,+
7882906145,1126956968,26454141,6250606,+
7354290225,4925723896,26456670,12858209,+
7886995816,1949417361,26463223,9334866,+
7045898961,5292200576,26474288,9070267,+
7235261089,5370197632,26475421,14341354,+
9171819249,3137631392,26477027,23615044,+
7941922513,2011840720,26479918,11486969,+
6697030337,5797876344,26480326,7729141,+
7933830353,1213393375,26487594,9727704,+
7223409760,4867735633,26487652,1437019,+
7318018152,4708259329,26488421,7943886,+
7678400625,3415634288,26488982,3829969,+
6803552113,5672992920,26492547,8365564,+
7971060733,1817544755,26495706,11837052,+
7872776560,6315425233,26499001,22288034,+
8131536577,1318438264,26499857,14709832,+
7297296072,4751531057,26502515,7083848,+
6870900901,5530236251,26502636,3517116,+
8325755745,436160248,26506089,17004068,+
8529525937,507801952,26506495,18879238,+
8410630834,6029256041,26506620,23793135,+
7800972113,3427639800,26512219,12028624,+
6478310760,6065111281,26513315,5394264,+
7309210987,5022499013,26515290,12300480,+
7134186161,6731414096,26516097,20416934,+
7895144889,1944346457,26516903,8436829,+
7919502121,1766044826,26522841,9259176,+
8344485769,3385987367,26523648,18800478,+
9598224307,4485507917,26526528,26312700,+
8454322643,1920641629,26527290,18461892,+
8365448753,404620640,26532639,17315566,+
7913937250,463919561,26534025,2785572,+
7441723696,4378246065,26535725,3869088,+
7954401633,439738024,26542765,9157938,+
6514492865,6338760656,26543986,13650315,+
8329387873,1701218400,26551081,17116656,+
7308804449,4743538328,26553368,2157015,+
9313811840,5381478593,26556789,26133014,+
7854697105,2894262001,26558245,10320499,+
7764669824,3116630097,26559292,5354843,+
7779093297,3184214672,26564090,8445983,+
7156779121,6000121960,26565763,17050160,+
7768270272,3169452529,26591904,4930147,+
8638631496,3461323201,26594454,20764747,+
7026523680,6737744273,26595029,19762084,+
8195806531,4103033021,26596692,18581172,+
7509906865,5653085361,26598045,17945603,+
7452362234,4872655897,26599209,13049202,+
7176686447,5192731969,26600676,9729522,+
8364073953,69171904,26602035,17041402,+
7961251344,1300529281,26605320,8709535,+
8887574426,780792745,26607165,21182118,+
7576924379,4049540437,26609556,2451858,+
7196107504,5285471457,26610103,11724576,+
7553627738,4147406569,26619846,3722835,+
6599227352,6097522529,26622061,10421478,+
9545681386,413656361,26625609,24618168,+
8387394288,3352949105,26631854,18791377,+
7592526797,4037328549,26632027,4564847,+
7552653941,5074648925,26634683,15535335,+
7285099408,5144327425,26636389,11800858,+
8781543961,6002794226,26637708,24990141,+
7771574962,4201696457,26638500,14143431,+
7437121384,4533882273,26642969,5083740,+
9346197401,3371353426,26648532,24330243,+
8560062193,5639927664,26649693,23447080,+
6628543081,6087077241,26650983,10529711,+
7968884737,1094475263,26655660,7081980,+
7970815999,2401504433,26656512,11132250,+
7949413489,1409745153,26659567,1763565,+
7965694785,717089768,26663864,4306289,+
8037408689,1814096753,26664505,11842881,+
9153118121,5825091946,26666466,26026413,+
7599138296,4156196081,26667747,8349356,+
6331296777,6319161977,26672575,736511,+
9276010849,4134702912,26675796,24536681,+
7896419209,3793439042,26678211,14177526,+
6926727409,5588551872,26680989,3283084,+
9021976888,2618452305,26681518,22259367,+
6839706505,6725197418,26682438,18505131,+
7961506184,2284715297,26690852,9754809,+
6984177416,5530269681,26691407,6893534,+
7747413625,7270817786,26697180,24172029,+
8365005091,1288864781,26701494,16772664,+
7726293301,4005949101,26703017,11430297,+
7792643489,3944775137,26703691,12710787,+
8279576783,2901281329,26704224,16997100,+
7964845936,1638157521,26709924,5158277,+
7306572889,5110531847,26712738,10946946,+
8952857263,3489766145,26713146,22380564,+
9122393509,4950429757,26713837,24683237,+
7572476938,4221359609,26716218,564255,+
8577729514,5794173737,26718498,23710029,+
7956320185,1834189273,26720831,2337269,+
7911354629,2704755677,26726427,8292179,+
8015821423,16773185,26727738,8287104,+
8068460309,55013117,26730673,11012157,+
7614546904,4106572273,26733328,558365,+
8286106417,1223596824,26736499,15634884,+
8158879802,2128577929,26742366,14256837,+
6489926737,6198573888,26743230,1221785,+
7947359944,2173981537,26748823,4142756,+
8519232769,513508288,26749925,18061354,+
8409771809,5063919432,26752067,21468926,+
8008455943,757404665,26756124,6285672,+
9311174081,2510103800,26756660,23606289,+
7921520961,2680097681,26760859,7674337,+
9863243593,2471004745,26767921,26060101,+
7253961203,5315366509,26770710,11624778,+
7526043640,4636637233,26775007,10470362,+
7562892784,4378380817,26776984,7008779,+
8001733392,1239646289,26778794,261337,+
7864475809,3064579632,26779236,5518297,+
8374625705,2759855938,26783892,17497743,+
7914967713,4742550065,26787137,17205637,+
9010168305,3881936368,26787432,22901347,+
6629346672,6253566769,26789104,12020301,+
8002799537,1431804864,26791999,3851542,+
8553041569,3528030177,26794467,19815083,+
9939880369,2468417472,26797887,26340742,+
7323544313,5100448690,26801718,9866919,+
8022945693,1240264325,26805557,6711821,+
7408815677,4806715557,26809793,5769025,+
7694488809,4877687177,26810759,15307451,+
7766260898,3651245977,26811135,4388490,+
7022981233,5812460544,26816642,12650385,+
7429005833,4827121042,26825715,8250450,+
8588237650,5049044633,26827203,22229796,+
8326232047,391859729,26828004,15602196,+
7974599849,2368231817,26828337,6975043,+
6797786707,6777505709,26828844,18101076,+
7897666437,3005361389,26831371,6180223,+
6800038945,5888980296,26832430,4153341,+
8179914305,2640995208,26833999,14743912,+
7972360208,2288110209,26836090,2477573,+
7260721137,5164747664,26837534,6490063,+
7909897097,3086358802,26837760,8616279,+
8013843985,1607074593,26837767,2349813,+
8030265025,2617374623,26838426,11406798,+
8219394337,1875146913,26840305,14392095,+
7610153233,4278049000,26841001,819938,+
9826936265,1427850898,26842521,25648116,+
8079630361,3236523050,26847390,14300103,+
7285546432,5142000289,26848756,7421273,+
8340490391,4203200281,26850972,19155822,+
8148660912,5670577537,26851870,21240453,+
8078415345,4289218216,26853144,17131805,+
8059835873,1257488480,26853747,8628766,+
8940387912,2208247169,26855242,21284677,+
8508293729,418260192,26856314,17592109,+
7706227728,5063233105,26861223,16079338,+
6472107173,6305395965,26866031,5356417,+
7307032005,5652595853,26866199,14936149,+
8318957553,1424123920,26867121,15488306,+
8027453353,1604669450,26867319,4324104,+
8146734888,7555972529,26867438,25914625,+
7779814637,3700708629,26873603,691859,+
7937111833,2820186695,26875506,5221698,+
8287299744,1697183057,26876254,15121831,+
8048050907,1595734357,26876616,7719750,+
7607263337,5931727913,26876815,18882885,+
8012844955,1989583253,26883414,2227284,+
9156911112,4130807009,26885728,23705399,+
8071093297,1644509472,26887155,9339056,+
7654765088,5126945505,26888179,15690298,+
8736497784,2142024593,26889016,19806485,+
7544932741,5405309181,26893527,15925519,+
7313696336,5333128241,26896691,11823564,+
8476198106,511753081,26898147,17107176,+
8336838688,2686014225,26898596,16565877,+
8188117985,313645136,26899575,12627704,+
7560754497,4617603809,26906891,8985973,+
8757102648,3878939569,26907135,21297826,+
8195250721,760983520,26909762,12756355,+
8273274521,6009139066,26916708,22545237,+
7195309879,5856115577,26924064,14790978,+
8067745706,3823822201,26925471,15343962,+
6424243248,6395099905,26929151,5304636,+
8236342993,2764694625,26930697,15233957,+
7855712849,3469076648,26937561,336490,+
8338794931,3224594861,26937978,17164302,+
7659061640,4643923473,26942953,12244334,+
9027271345,4515817296,26943938,23417025,+
6602970689,6208080552,26945167,1703804,+
8899588865,4130274848,26950683,22310458,+
6720622634,6357374953,26959971,13394970,+
9408563849,3794747218,26963625,24476472,+
7983088377,3359583017,26963869,11595245,+
6987599425,5726516448,26966142,3710933,+
8017337656,2385112065,26966370,3210139,+
7666974049,4298826192,26970263,5654268,+
7797428141,4699765541,26971049,14857227,+
8514820965,1637764061,26971565,17440979,+
8005276213,2535563485,26972957,3217,+
7180730289,6248783672,26974042,17067583,+
9973099313,1333721384,26978868,26106995,+
6424274869,6421051533,26979715,2375331,+
8037657797,2214815899,26983194,1773774,+
8750215277,306115219,26988696,19324284,+
8661384417,2825405344,26995006,19387443,+
9456969217,129177072,27002366,23674725,+
9125661089,3461560128,27003175,22789808,+
8191218945,4676276768,27003682,18616997,+
10017857857,122540104,27008422,26228651,+
7735915224,6627883777,27011132,21701247,+
9794675560,2839402513,27011372,25610677,+
7985656968,3867354289,27011420,13653549,+
8325772441,1300861586,27029649,14609226,+
8555375837,4208175269,27034981,20200923,+
8035644199,2879233673,27038640,9531402,+
8237290705,2483824368,27047262,14059783,+
7114717344,5752021393,27049545,11084986,+
7098736769,5626382577,27055511,1479499,+
8139108401,228764816,27057503,7524198,+
7178780008,5496864529,27058165,1896476,+
6927659317,6846919869,27059183,18508293,+
7894815145,7128795098,27067197,23739438,+
7309340073,5293012825,27069713,6558447,+
9269166928,1941993169,27074384,22718395,+
7042357793,7022483640,27075719,19942012,+
7221262105,5826930201,27078393,13847275,+
7137165185,6803432048,27082086,19361851,+
7960000829,3281281557,27084931,6252191,+
9402922889,1844277463,27090102,23385150,+
9317902784,539379953,27091505,22805322,+
7566150833,4988230320,27095743,11620834,+
7899343261,3598171701,27097647,4262957,+
10140413465,2696435863,27097788,26893962,+
6999201184,5812511617,27098746,1152059,+
8579830736,2217875745,27101635,17915246,+
7201033617,5506040392,27103132,5189205,+
8310011457,1683868184,27103822,14050261,+
7994036161,3671542696,27108143,11942648,+
8138398249,1092334562,27108843,4075182,+
9569999593,3521017705,27109747,24827993,+
7957836391,3320329721,27114954,1308126,+
7988399505,3986566336,27118315,13407672,+
7175803025,5554910856,27119305,1733614,+
6512965512,6442030609,27120482,7157097,+
8021440145,2927334248,27123244,1162731,+
8030705361,2887807841,27125539,4962959,+
6961144121,5972426146,27127674,9682983,+
9573808989,2098730837,27129181,24236951,+
7435674720,5158513873,27129788,9030021,+
8248748369,404864432,27129957,11829076,+
6591778496,6494979681,27137648,11591063,+
8211790672,3226329409,27145832,14509199,+
6487333689,6465887017,27146691,4022333,+
8482577099,2954153317,27148782,17457684,+
8716555469,5101223573,27150255,22397393,+
8879559344,2358621281,27151670,20298285,+
7975193377,3349347649,27156689,5537177,+
7942015865,5030861623,27159072,17034462,+
8001356449,3172972048,27159655,3011848,+
10134225021,42061621,27159681,26547301,+
9277198330,1126774553,27159972,22487883,+
6803578672,6120786849,27161063,1233588,+
10152801585,3486766408,27167554,27160353,+
7615979973,4761533005,27171399,8253611,+
6604111281,6364275680,27179014,3417025,+
7165931264,7151027697,27179249,20821802,+
8552100629,229115037,27180343,16803011,+
7864423441,3989110561,27192823,7462309,+
9134767584,70229873,27198481,21533270,+
8137201777,2041334824,27199151,1710422,+
7292162977,5424349344,27200062,980253,+
7758566797,4536830389,27200117,10685669,+
8183183809,4134856032,27200438,16339509,+
7090134513,5875235920,27203768,10368669,+
7712932192,5157081969,27205084,14818563,+
8534489587,351689069,27205206,16487298,+
6822111169,6218988433,27209717,9971855,+
8958004457,3470304199,27209736,21470082,+
9547781937,1628205112,27212705,23900478,+
9116355297,2101366369,27214327,21617961,+
7998120529,6514110096,27220185,22112090,+
8130173376,2277410945,27222943,1165720,+
9173653224,5542650017,27225059,25036474,+
7868360353,4368117904,27225448,12048025,+
7959511048,3649915185,27227469,7585856,+
7810925073,4240866904,27228590,7493097,+
8440106728,2534764849,27230632,16129715,+
8127969745,2521646303,27234768,7295274,+
7982724797,3605822309,27234819,8572997,+
7346500289,5360307103,27237450,3387006,+
8199642737,550848513,27247655,3991355,+
7929686288,4342480449,27247700,13082383,+
9189219553,1210493135,27253038,21805536,+
8219780513,549227825,27254239,7846821,+
7429610869,5236533227,27256158,6516042,+
8173852725,5312931533,27259109,19478149,+
7523717273,5387789625,27263131,13141567,+
8128515803,2556497029,27263886,5955690,+
7402147697,5298304824,27267334,6231313,+
8145615373,2569926899,27271164,8111520,+
6594030801,6439583080,27276101,3936240,+
8174997536,4348612385,27277722,16544765,+
8223057961,2398558105,27278821,11263645,+
10082405137,2437827249,27279003,26398781,+
7399725064,5713660561,27279595,13953500,+
9029261472,4227333409,27280158,22533821,+
8212044296,720170241,27283969,2141188,+
6952451605,6501918301,27285095,15429757,+
8720660152,1702537729,27285218,18370331,+
8390914032,3484836593,27286735,16750490,+
9245023687,4681972889,27292062,24111738,+
8203487008,3333501505,27293078,13601003,+
7019603689,5935888202,27294864,635463,+
7535987232,5039367137,27295475,5421406,+
8204305649,2607105713,27295995,11034619,+
9980352649,2640113522,27300168,26001033,+
7807310272,4796699697,27303219,13218740,+
7318291681,6013364560,27305680,15206839,+
9178611661,848551285,27312221,21593795,+
7213554525,5661537301,27312351,4374485,+
8171216077,3350669109,27313629,12774797,+
8538826513,4775588145,27314243,20449467,+
8275314600,4553643313,27315999,17973658,+
7776578297,5015094199,27318558,14093832,+
8411099669,5415106253,27321865,21057159,+
8423291105,1647721423,27323208,14546358,+
7868446154,4126688137,27324213,230622,+
8042742704,3341078193,27325633,447710,+
8151701361,2534585336,27330584,1951043,+
6637161469,6517353397,27330731,10298287,+
7878009201,4194919256,27332918,8240623,+
8050030891,3517436981,27339666,8976474,+
7839184754,4320793177,27341664,7719021,+
8883083345,3257452008,27352702,20475367,+
7313778976,5526865585,27355457,2835310,+
7814030728,5710564897,27356605,17926150,+
8315851889,3781080848,27358737,16199890,+
7580347649,5335360808,27363634,12795045,+
7642058233,4855400665,27364537,2541043,+
8217548537,3246392722,27365625,12971574,+
7357880369,5474753688,27368122,6134495,+
8066842301,4273834725,27373993,14273065,+
9289525776,5524838305,27375843,25283170,+
8254306289,1188009168,27379426,6787535,+
7264203425,7062293328,27394531,20375846,+
9732437144,3944564033,27395592,25456655,+
8287638921,2010816665,27396187,10885285,+
7912671697,4085993104,27399586,2255033,+
7978771711,3823177985,27401460,2741172,+
8257823921,6303742680,27406534,22347905,+
9843801161,5052845146,27407388,26835729,+
8202404299,2371065701,27408360,5406450,+
8327978785,3285189616,27414358,14818685,+
8604455824,3519649857,27415452,18444401,+
8105149264,4287364417,27415601,14671828,+
8962929672,3067472737,27416745,20707568,+
7738213985,4697808463,27418698,6568104,+
7537740816,5156655905,27420050,3199933,+
6741998109,6635235077,27426221,13455403,+
9586721792,6223092849,27428207,27307966,+
8541236018,432735865,27429063,15461694,+
9808344120,735595393,27435304,24786399,+
8723853145,2088869498,27435744,18063333,+
7235035913,5833811145,27436093,10158967,+
7346102528,6033060369,27439238,14889385,+
8445756235,778588133,27441246,13762272,+
8686309544,4495486833,27441544,20574275,+
9071116249,617295433,27445387,20576725,+
8281352849,880362488,27446519,5818410,+
7063084505,6235594281,27449173,12832355,+
7808587301,6239188301,27453321,19711181,+
8195461905,3130069216,27453606,10689175,+
8564251753,4538409794,27453966,19795035,+
8619975653,2165951515,27455376,16945176,+
8818111192,71754769,27456779,18508936,+
8240508320,2799412001,27457540,10704057,+
8351371000,4079306481,27458650,16915377,+
8280044113,1360846480,27459064,6398821,+
10175636753,1777868880,27460201,26466026,+
7519633609,6500128487,27463692,19022466,+
8264500117,1818886509,27467243,6010539,+
7989148993,3900561024,27468075,1026854,+
8555083096,2854618705,27473113,16803350,+
9328523449,6718476313,27479195,27168767,+
7463353217,5739572184,27481726,13619077,+
7137083057,5921360504,27489921,3080918,+
9564441729,160914752,27497656,23466143,+
8415055864,1014414177,27499782,12579949,+
8803619277,632775029,27500749,18235981,+
7337177185,6956400528,27501481,19986996,+
9229994809,4591142138,27502230,23615199,+
8839039248,2768148145,27502527,19331918,+
8323375175,2736288793,27508122,12514674,+
7807144512,4595419489,27511046,2884461,+
8172731279,3016940497,27516006,3153402,+
8453623265,1080271073,27516057,13389127,+
7615021729,5274244368,27519517,11022630,+
8308147833,2774171225,27520427,12067631,+
7614058401,5230404016,27522296,10178727,+
8065406769,5663757032,27523072,19079219,+
8099207656,3684284641,27528502,9149069,+
8079364032,3986596129,27528579,11325626,+
8738471805,5696119573,27535753,22945509,+
8038650657,3837690593,27540035,5190955,+
8345964393,706812985,27540171,8954443,+
7187957213,6225607685,27540339,13905979,+
8275002913,2077245160,27542752,3315271,+
7748577442,6577863209,27543264,20433201,+
7847492037,4520176349,27544549,770243,+
8191093909,3554810267,27549102,11660124,+
8301861969,1616008912,27551348,3734619,+
8004665945,4177991338,27552006,9891543,+
8036757217,3856831489,27553957,2589547,+
7259325353,5866209929,27557539,9369105,+
8069961441,3713034776,27557837,491362,+
7176946049,5917314576,27558625,2783660,+
7638819121,5135866240,27569759,7673470,+
8244442808,2653259009,27573050,5685477,+
7756851373,4966028469,27574093,10261275,+
8971675337,3487294519,27574896,20777772,+
9582945640,1479068913,27578481,23496418,+
9837560193,2719558960,27579682,25047429,+
7839206032,5226252529,27583948,14610077,+
8956295281,2456762176,27588463,19808222,+
7941714489,4895116633,27591355,14020047,+
8438323473,1809759440,27595991,12799522,+
8264979617,2506792352,27600167,2517900,+
8185368081,3182886536,27601672,3967861,+
9256415531,5620530901,27605568,24988536,+
8258760024,3381252193,27607272,12048535,+
8365962161,3585584376,27608833,14998466,+
7802803057,7561654264,27613009,23895874,+
8488409161,6247981751,27619884,22870008,+
8114882197,3640393149,27620801,4928931,+
8850464809,5865136778,27626520,23643753,+
6830556897,6418663664,27627458,4827469,+
8381429665,2820829633,27627581,13007389,+
8027822810,6887871673,27630477,22609068,+
8220007472,3345295617,27631141,9987310,+
7413419153,5667845480,27638712,8789461,+
7268778213,6366518045,27643021,15531677,+
7713493729,6217846728,27649180,18411273,+
7989232781,4208356771,27649656,1007346,+
9648988344,6374039537,27651953,27508922,+
9195512425,1460940698,27656457,21030852,+
6987930673,6264021000,27658896,6485363,+
8492727433,2852768930,27661248,14977383,+
8284666176,2624229761,27661798,5889211,+
8119262992,3714068289,27665604,5067343,+
8576133925,2220963613,27668081,15362951,+
8246184343,3024226505,27671802,6733698,+
6751183440,6702672881,27677102,12184655,+
8280092545,2696572216,27679519,4148020,+
8144934769,3606207072,27679697,3862818,+
7878251869,5104647587,27683964,13640592,+
8384899425,445141448,27686867,6673342,+
9315608249,2328856738,27689733,21974760,+
8273910081,3355828016,27697208,11195023,+
8883124450,6429466793,27701457,24793704,+
10289951051,779786725,27702570,26605476,+
8225884769,3188559648,27703405,744226,+
8821337705,3154459481,27706489,18934905,+
8496263057,971240264,27717172,12451371,+
8343099408,3027061649,27717212,11627605,+
8389692513,1154035624,27720019,6348150,+
7678871233,5272216024,27724213,9612530,+
9209193921,770297000,27726091,20892430,+
7712483488,5200758145,27727301,9564394,+
7895508161,4633868191,27734826,203982,+
8253245921,3155505921,27735541,6547141,+
8393427472,1266881377,27742340,5630953,+
9207102912,1246532257,27747683,20867850,+
6963392001,6343899280,27748251,3242530,+
8421932149,38302653,27748945,8168757,+
7563616385,5433975288,27751867,888382,+
8392950397,1400629957,27756635,4464011,+
9563085377,482392209,27757913,23023949,+
8369866785,3470533096,27760445,13604934,+
6859799765,6516090173,27761519,8607267,+
7967457793,7690709104,27763931,24604250,+
7012238608,6304697809,27770450,5073977,+
8411425393,611008655,27771468,4776504,+
6733158144,6661442513,27775429,8680580,+
6754446709,6649834477,27780029,9028853,+
8293269361,4874409921,27781263,17346403,+
9448570705,5252841928,27796814,25013287,+
9806909109,4510949597,27802271,25718419,+
7404913680,5777539073,27802561,6099332,+
8424171928,404001105,27804057,4057318,+
7532492881,6406668016,27817514,17394983,+
8315622809,2901225898,27817770,5012967,+
9246448536,5859604625,27818450,25035721,+
8437539313,416180200,27821347,6363364,+
9815724345,3764090473,27823101,25145389,+
8441266737,39533944,27823726,6816609,+
10246351409,47659713,27827243,26268055,+
8454981701,2201936875,27828270,11136276,+
8363260657,3666061224,27830926,13607823,+
8038487265,4320332368,27831987,2339758,+
8167683613,3813733139,27835560,748614,+
8095695776,4118156001,27836617,643072,+
7831533328,5235170769,27837090,12359609,+
7709263617,5258565184,27845532,6992639,+
10149147233,4503098000,27848324,27048663,+
7961769920,4592466033,27848954,2704303,+
8249272353,4917623360,27850937,16744864,+
7310117745,5957001776,27851170,4277551,+
6839759297,6556723424,27851618,3358731,+
8611670897,1348378472,27852945,14075894,+
7218402605,6310301813,27853139,12640629,+
8187460337,3791687544,27855892,5952611,+
7964175544,4603657953,27860941,3686430,+
8427051696,3606775105,27861391,14382840,+
9917673025,3473664016,27863206,25376405,+
8455597925,49657373,27868669,6057267,+
8387893041,3380034080,27871460,12613619,+
7129426237,6373079749,27880867,11413171,+
6828027973,6744437435,27882108,12002592,+
8429308953,2168142649,27894057,7807555,+
8354035264,2884999713,27895260,6253561,+
8541423681,323497520,27902065,11431948,+
8636942113,279489744,27904953,13958020,+
8740982929,1672748488,27914066,15990985,+
8933191809,2346765112,27918188,18546081,+
8782206377,4931656762,27920070,20867613,+
8133932736,4611444641,27920416,12994727,+
7885155256,5600597985,27920439,15534620,+
9615567689,5201243938,27922902,25485165,+
8481152321,2748597920,27925391,12272280,+
8063659313,7571714520,27926314,24326497,+
9640561904,2540036577,27927607,23482292,+
8469236473,962354090,27927654,2580609,+
9836313800,164878833,27927874,24206641,+
8372923736,2814268961,27929374,5322237,+
8318744081,3352322481,27929501,8347003,+
7889120744,4907577777,27937342,2300033,+
8345004797,3040773379,27938136,1889808,+
8169425653,4004603915,27939204,3236808,+
10279455160,2173636833,27942614,26414733,+
8574393753,1656427849,27943615,12601449,+
8241365858,5277591625,27944886,17644269,+
9796614827,636780469,27950166,23971146,+
8441099549,2106298387,27951588,4400898,+
7972008145,4790949408,27956807,8704134,+
8869109482,1433682089,27959736,17295081,+
8337486824,3191384177,27962962,5074833,+
7368995242,6041351177,27966645,9717294,+
7282543429,6119976253,27968911,7702825,+
9012138551,6763361401,27970764,25596138,+
7558562721,6027713800,27971700,14022809,+
8477171063,2435342905,27973002,10320528,+
8987428849,7022830168,27973828,26042275,+
9661017905,1749545856,27974989,23297560,+
8515024101,100991005,27978299,8251365,+
8392453040,2895404273,27982627,6886632,+
8509947481,404439290,27990636,7082085,+
8512818497,2789841744,27991153,12541768,+
8505470717,481520757,28000097,5248235,+
7081229722,6379550537,28000593,1820640,+
7974441768,4771108145,28003928,5170099,+
8132246849,5259310017,28005659,16156307,+
8405366977,5197327824,28005813,18575758,+
8461998240,2150000513,28007519,4835624,+
7893131933,5019588869,28008295,7302969,+
8323025832,3857257489,28012213,11618124,+
8631679741,2653317141,28012221,14649841,+
8325184097,5820917409,28023773,19921163,+
8120273949,4339538357,28025399,4063573,+
8041675697,5161295457,28026865,14187589,+
8521827789,1985990293,28028145,9890801,+
8247220712,3858570849,28040618,3592493,+
8120464521,4358192281,28040831,1726503,+
8197486417,4077717672,28045095,2502766,+
8523298567,913088249,28046604,5875404,+
8512211033,2084015865,28046923,9159983,+
7989149903,7436686225,28047078,23450142,+
8078189957,4509648269,28047877,1065591,+
8231495256,4686047425,28051190,14271477,+
7459308033,7065912592,28051590,19634725,+
8891963321,2072435001,28052239,17449267,+
9247679249,7383348657,28061467,27516419,+
8010420425,4751047673,28063577,5607207,+
8966281169,371350832,28066821,17798056,+
8182046496,4268865041,28075274,8076247,+
7615474601,5644041826,28077054,1502133,+
8225190760,5765242273,28078621,18859234,+
9511435561,5447857010,28083195,25151322,+
8352112600,3610744401,28092135,9118574,+
8951375770,1402309721,28094934,17646585,+
7263912657,6302047697,28094989,10129405,+
8421698465,2960661248,28097462,1188771,+
9076928784,4373075857,28097877,21360628,+
8683272853,4743747645,28100663,19271061,+
8515908097,1825118689,28101913,1521679,+
8059690512,4650211537,28106754,2141945,+
9310069341,2896211461,28109301,21328957,+
7912355309,5790841797,28110337,15975973,+
7577891185,5744669536,28111972,3713155,+
8835758114,5308484377,28117023,21518466,+
8865302833,2705963904,28117299,17394560,+
10118477992,1292477857,28121846,25345955,+
10363503731,3568606861,28124604,27017736,+
8483052712,2854213089,28125966,9433459,+
8715583117,1947914517,28132101,14408605,+
8278911633,3899786120,28136713,721526,+
8012749149,7779272101,28151045,24447195,+
10212526153,4441552370,28154868,26909799,+
8833294457,543646217,28156815,15706321,+
10020829957,4053232379,28162188,25810956,+
7003479576,6586664561,28162738,3750383,+
10086287841,3921835936,28163187,26004898,+
8903128913,502064945,28164773,16635597,+
7077606721,6507982705,28167365,5123191,+
8307939400,3949030993,28171417,8478466,+
7618316401,6712869201,28171959,18405577,+
8445615841,3202689985,28173725,8495981,+
8867387533,3871764645,28184499,18775513,+
9282133943,3487288825,28184766,21434892,+
9254508640,4015873713,28185254,21810561,+
7807904353,5768657560,28193068,13791401,+
9255641273,3605296745,28197407,21345273,+
8197378211,4492656781,28198092,9815826,+
7917249777,5241321904,28198257,9461006,+
9099210505,5114162138,28199931,22465782,+
8708181329,5832279777,28202369,21806707,+
8625105840,3356677921,28202813,14708610,+
8317509041,8104755360,28209950,26245631,+
7406447121,6101413576,28211322,224297,+
7016227928,6604533089,28211956,186135,+
10052630960,2698849553,28212311,25180338,+
8581640705,3833956568,28214017,15291912,+
9130860789,2661031837,28225637,19527159,+
8600934745,1522461266,28230294,8263905,+
8227768417,4581910944,28230679,11585736,+
9057011977,1985398154,28230894,18438507,+
7659241429,5968361003,28234740,12746052,+
8106374561,4819457136,28236761,9720592,+
8756551281,3006113000,28245350,15786577,+
7601059057,7425864112,28248817,21453950,+
9463184688,1166225905,28249507,21462108,+
8213542688,4360746609,28250824,2668675,+
8471000450,3120988633,28253181,5719752,+
7964983705,5279176418,28253523,11106048,+
9047316577,61448464,28253843,17928082,+
9097137784,613585057,28255843,18441494,+
8345997719,3858327577,28268454,3825984,+
8932084549,637507307,28270572,16499934,+
8778713089,2026417536,28280330,14582235,+
8549179793,2486843640,28286647,1824182,+
8570669313,6379102960,28292552,22324929,+
8013857041,7576203240,28292700,23572619,+
9527234872,4121285617,28293475,23284312,+
9838856888,5003698529,28294445,25707966,+
10253449577,159064567,28303506,25699890,+
10434672313,5208628754,28314825,28225434,+
9966916905,1428272521,28317087,24323795,+
7522662337,6015101304,28321152,1065007,+
6860317368,6843833585,28321784,2202019,+
9961568673,1940867825,28322323,24364151,+
8185523345,5138934561,28330229,14141735,+
9612095829,354903197,28336501,22211359,+
8439746193,3533359400,28341623,2820986,+
7796736311,5863981945,28345200,13167822,+
8479318833,3543392480,28345267,9631136,+
8171689666,5529071561,28351593,16183176,+
8332120048,4275051825,28354094,10059231,+
8732185457,2742267199,28361232,14094714,+
8815440105,1489873913,28361371,14261323,+
8620668976,7415678385,28364543,25166910,+
7916584605,5867363333,28366409,15003593,+
8712924305,987913208,28368597,11018504,+
8147155705,4814688098,28374912,8023221,+
7984362074,5625371353,28376280,14021157,+
9260262192,2325677809,28381596,19931363,+
8642869336,1506326401,28382651,3012346,+
8287598471,4508352121,28384044,10418676,+
8540216369,2974014752,28385238,619297,+
8919315477,5613507469,28387261,22066149,+
7935899472,5309643649,28388458,491451,+
8474983593,4174872569,28389685,13363339,+
10503053936,1524027905,28389697,26757180,+
9288970581,2747993245,28392723,20376055,+
7289270785,6407094616,28397620,139969,+
8471522309,5061508493,28397963,17188665,+
8938759264,3093794593,28398151,17484740,+
7754315114,5790110713,28402500,9901011,+
8672030817,2001908392,28402793,9846600,+
9313467264,435338417,28408846,19892543,+
7478450344,6310887697,28411396,11584651,+
7569075225,6870961481,28411627,18061285,+
8601092337,2532770672,28416574,4697615,+
7878117553,5895666880,28420627,14268512,+
9194945120,255282113,28428462,18775541,+
10540605941,3141155741,28429689,27218293,+
10110272227,3143322749,28431198,25321398,+
8301303361,4340564496,28435778,1838037,+
8016884339,5643895693,28441260,14203524,+
8572958554,2907376457,28444716,1467567,+
8558946977,6608940144,28445347,22601662,+
9672534805,2216609771,28449084,22598040,+
8295231169,4423258008,28453195,6617106,+
8466262777,4271556297,28453365,13087603,+
8640504026,2191958425,28455051,2096280,+
8970744089,4024493913,28455745,19040477,+
9745158899,729801277,28456326,22798296,+
8695589881,819531369,28459495,6724785,+
8717958653,581910115,28460442,9044454,+
9629857777,6382736424,28464578,26545743,+
8527417123,3496010765,28469916,8744322,+
8066643904,5107349713,28470610,5752441,+
9440500297,1034332439,28474302,20742018,+
8819323368,3149622385,28476753,15625718,+
7642482232,6175081617,28485550,12372279,+
8679606777,1712447017,28490867,531075,+
8025234273,6474415985,28494313,18952829,+
8599167016,3026781441,28494712,8116671,+
8703854752,410884689,28494946,3588633,+
9086525387,903430549,28501686,17371266,+
7303451760,6809169953,28502398,14589187,+
8712956537,328950154,28503699,6108564,+
8887974845,1329997253,28511989,14450709,+
9855456705,5816635408,28517073,26494208,+
8726805328,198855105,28525392,7079471,+
9740654529,4209223552,28525643,24087594,+
8627215381,2763159275,28526436,5636280,+
9529200008,1263846449,28528238,21277215,+
7143160088,6711925985,28528836,8156279,+
8728723752,27531137,28532255,6928988,+
8440070673,7912361000,28532396,25664309,+
10419567013,2839542875,28536996,26470164,+
10749245793,3621429080,28539757,28129322,+
8025840761,5279360361,28546631,2566577,+
8276679437,4599258837,28548685,611003,+
9061725976,3487759041,28548917,18698274,+
9150109853,6465162595,28550532,24694524,+
8792083233,2124562480,28553514,12511619,+
8650266953,2595057034,28553697,1941540,+
7055358064,6794633697,28555251,1747502,+
8587209848,3369170465,28558008,8919367,+
7471775761,6759538081,28562149,15680681,+
9617144080,2938794001,28562150,22345943,+
8547773673,3457470089,28562425,4228741,+
8452393537,4270124399,28565526,11226876,+
8729224760,1153895393,28567287,5134592,+
9530037825,4579648648,28570517,23310858,+
7807003241,5754869986,28571781,1234254,+
8701774101,2237929741,28580257,7339119,+
8231738681,4798239271,28584594,5044146,+
9045162295,741103913,28590246,16397214,+
10400299921,1376185185,28590841,26033925,+
8606465681,3153611551,28591248,4980318,+
8371011905,7723293953,28592991,24809839,+
10326386409,3556806553,28593375,26289953,+
10005659153,4585187904,28593385,25602398,+
8421524120,4146216993,28593586,3092227,+
8245279977,4761800297,28593635,2804279,+
8862330689,1631602968,28595057,13354160,+
9196128048,1697183105,28595681,18372508,+
8998342961,1004193216,28601311,15678734,+
9830067761,6090798776,28612641,26665558,+
8730021209,1815003993,28617137,5066525,+
8938380721,1171726511,28619562,14552322,+
9474841337,1440715234,28623849,20662554,+
7407124075,6429943493,28633614,2271864,+
7894977713,5685807920,28636716,7642541,+
10306324161,4607779016,28640587,26849714,+
8319369261,4607158421,28642693,4793611,+
8869029101,647531061,28642739,12554123,+
8761414253,899945925,28644727,2170013,+
7527212712,6273787729,28645019,3449244,+
8752065725,1424717683,28645056,1391214,+
8779907378,1656397465,28645233,9474522,+
8864397864,8508454097,28649884,28270597,+
9068627072,2477946017,28659555,17143162,+
7229578547,6778208509,28662402,10948512,+
7999569777,5470179904,28666223,4242522,+
8503621741,4179723301,28667057,10589533,+
8347870785,4557555793,28671247,5056293,+
8180426921,5051918025,28673813,4389335,+
8790470906,316095385,28674423,7545930,+
10146355688,4821169169,28675320,26328053,+
8287854155,6350290453,28683798,19628166,+
10623136821,4357416061,28684909,27883929,+
8099175731,5969008381,28686894,16071912,+
8872923482,4541080249,28689216,18405171,+
9312118849,124756113,28689945,18988019,+
7944625493,5608864125,28693927,1131077,+
8547198801,3801823960,28694070,6179993,+
9481748843,3271358149,28694922,21393360,+
9332191704,8102746273,28698204,28571815,+
8941809633,2878755400,28704781,15643698,+
9887482449,6089670272,28711126,26761817,+
7856731429,6223649517,28711269,14685929,+
8759754641,1950464496,28711822,1063049,+
9651525322,1082045417,28712790,21673341,+
10251037937,513957464,28716158,25107057,+
9110932825,2510883673,28716413,17420753,+
8788091176,1349042625,28721980,4986351,+
10475008152,13002209,28723021,26165654,+
9684322945,4827440833,28725757,24144709,+
8668644152,3112738689,28731167,3506996,+
8472631297,7415406049,28732363,24048059,+
8785204064,1570097057,28734563,3619374,+
7516285453,6363729669,28740905,67941,+
8441366137,5082726009,28748421,14935193,+
8734226021,2608155501,28751503,5141453,+
8599653329,3694441752,28752506,7376249,+
7303356529,7109103503,28755360,15975048,+
8956845681,1227424816,28759206,13806127,+
8537880689,3959741408,28760829,3867640,+
8565821657,4969469962,28762665,16077594,+
8800664509,1939384693,28764859,8098625,+
8794649800,6360149953,28767029,22420406,+
7830000719,6095136097,28769202,12102648,+
10543054441,1679653346,28776123,26470602,+
9532196183,876018265,28779222,20620704,+
8178995001,5181556249,28781325,2901095,+
8498795016,4211592721,28786123,6620652,+
8246249528,5633515505,28787619,15154972,+
10895172737,340869032,28787780,27907167,+
8866270001,1781441376,28787809,11217002,+
8667217457,3355335584,28789566,6591841,+
8825541617,176469633,28794025,2312395,+
8659726705,3440227848,28800762,6747247,+
9349200599,6487063177,28801602,25180914,+
8660541248,3432365265,28802564,6518149,+
8672622010,3300424553,28802967,1249296,+
7435523473,6743327152,28810660,13019605,+
8598378257,4223568799,28826826,11965848,+
8890086528,343365985,28834323,10333034,+
8825139865,1584742346,28834875,36816,+
8979192346,3840784601,28840869,17259036,+
7512426816,6472598321,28845133,7305616,+
9234726976,3269709921,28851438,18973549,+
8830209415,3109317161,28851654,12655920,+
10575453729,1955981617,28858823,26546637,+
10390353800,6183551553,28859258,28551403,+
8852741937,221731192,28860186,2891105,+
7523270401,6450359121,28861767,4173427,+
8246285176,5289604305,28863993,11002510,+
8858603059,390268973,28865106,5657070,+
7139744552,6917446529,28866849,4911608,+
8730783842,3807775129,28868589,12720084,+
8495233713,4338343025,28869559,3194191,+
8889092681,2177082391,28871094,11568402,+
8860903077,360640349,28879231,3729209,+
8635360897,3754090984,28884272,5289631,+
8705313144,8661674497,28896822,27972901,+
9077783472,4472033969,28897238,19350017,+
8854480497,1478544592,28898090,2636463,+
9303270731,5573675701,28901592,23016144,+
8831670851,3243334381,28905384,12558954,+
7205990224,6874217857,28905659,5474746,+
7206553562,6908622889,28907043,8709594,+
7426131201,6677171681,28908797,9687037,+
8050018025,6003412423,28912086,14078868,+
8621739576,3878530705,28913370,4382857,+
9314896015,554389793,28913604,18191226,+
9338652593,1442740735,28915056,18549762,+
8169719201,6560164736,28922717,18908634,+
8277145744,5416505937,28924374,12705191,+
8482447832,4475963217,28925054,1327705,+
8749451783,7716170329,28925610,25594974,+
8690668400,3626913473,28926102,7951349,+
8355411649,4891621848,28926261,3965950,+
7729569637,6261110219,28927056,9168402,+
9554917321,4725064970,28932891,22942770,+
8997091913,252188170,28935099,12858642,+
8823261712,2690530129,28937554,8474791,+
8859712293,2627025085,28939737,10498519,+
7672828417,6300310704,28943643,1186226,+
8254001985,5431993201,28951857,11894525,+
9138280377,1921028489,28952911,16119263,+
8095225769,5564548233,28953995,268583,+
8838918800,2330094273,28956098,3745099,+
9258593289,5094686137,28956437,21727341,+
7703883131,6393203941,28956762,11150982,+
9019368993,3760464784,28957895,17009688,+
8663322957,6463187669,28962851,21571493,+
8854674757,2134122669,28964919,3224429,+
8924161825,302955768,28966087,9072708,+
8920265232,1226819329,28966209,9352792,+
7286559288,6821837425,28967464,3898371,+
7819574704,7679804577,28971683,21817074,+
8890853485,1312753573,28972427,4643993,+
7333129041,6772019176,28975314,2301479,+
8879790689,1938168488,28977577,6971580,+
8540954197,4352194189,28980809,2907847,+
8627169429,3993668557,28982737,3768081,+
8914038907,1827924917,28984260,9649854,+
8413863673,4920765890,28984491,9746904,+
10122642897,2906110112,28985468,24425285,+
10126151101,4490237461,28985687,25502219,+
8933935232,870270369,28989859,9284486,+
8517863137,4752785824,28991078,11733517,+
8793827025,3031465328,28991557,6159832,+
9405588617,676273017,28992665,18833399,+
9242288936,6275639585,28993021,23968410,+
7478204937,6735677609,28993303,11447557,+
9113996385,1768563328,29003373,15312338,+
8933470105,1027241618,29003376,8953347,+
9746390337,2544168184,29007334,22001067,+
8223035429,5406570173,29010985,8694297,+
11123603557,1490758859,29014356,28620774,+
9013743529,2163128978,29014725,13553802,+
9509343401,1498267186,29015451,19825254,+
8131490137,5744591529,29017443,11623339,+
10783196704,1035067777,29020652,27178721,+
10153398913,7195664880,29025467,29023074,+
7439297489,6890634648,29025659,13060880,+
9581449066,7903873001,29026461,28540578,+
9428042705,1839178593,29029013,19137881,+
8282856041,5556419911,29029026,13125732,+
10037856465,5692733128,29038266,26387911,+
8900633857,2045109024,29042652,6865793,+
8569120688,4737287025,29045534,12421841,+
9340540705,4679127313,29048903,21286261,+
8772324130,3347024201,29051280,4018857,+
8929948632,593473889,29051351,1960616,+
9093065665,3032562216,29054575,16095708,+
9800037241,4632507146,29058882,23923647,+
8668406481,4443311816,29063464,12647483,+
9561372176,1854877745,29064243,20212580,+
9955503592,4523614609,29073664,24575851,+
8077699192,6215426433,29082015,15090580,+
9071058527,98960977,29085636,13240350,+
7696982365,6382381093,29087953,2999543,+
8950661473,1127035920,29093651,6725814,+
8173188225,5572494928,29097631,6820872,+
7123394993,7088353344,29104552,2965075,+
9285327280,113953,29106424,16964999,+
8821963928,3814578305,29109444,12456353,+
8036385769,5839370473,29110015,2727451,+
9323201753,3509558505,29110189,19186987,+
9173277217,971156184,29111673,15286132,+
7781500738,6279091865,29114532,3888333,+
10736144066,4219089001,29115711,27761328,+
8717375873,3861881304,29119580,5670497,+
7876336960,7783510513,29120014,22159153,+
8995897945,433188873,29121501,9706339,+
8580718993,4454951632,29121515,5613400,+
8634394673,4248153840,29132449,3102886,+
9020607194,3556231513,29133753,15557010,+
10495596170,4576637401,29134005,27001824,+
9533813161,6865176839,29135730,26176440,+
8706711880,3951303313,29145124,3630869,+
8969429185,1083973233,29149221,5505929,+
9764682239,1100961457,29154132,21405666,+
9521490059,5938390693,29155638,24323580,+
9695380440,1195759873,29156133,20890142,+
8642148349,4731895413,29157715,13005783,+
10381171368,6658574945,29163122,28828051,+
9171210523,4110899477,29163210,18515760,+
8974906561,3095520760,29166500,13040303,+
8951787429,4715328877,29173913,17683659,+
8000069136,6961293281,29174606,18798707,+
8696550961,4482817240,29177395,12322804,+
8948435282,2688366457,29178900,10258587,+
9394893285,2568116093,29186219,18633187,+
8121838641,5819485216,29187078,9188191,+
9245315928,2685410609,29190580,17001971,+
8610288506,4472085241,29194542,6038577,+
9516671441,2573456145,29199931,19743605,+
10800948432,683992369,29200096,27024333,+
8679484889,7836389273,29201355,25272713,+
8230758289,5546082832,29203639,5368406,+
8992064221,661557541,29203693,387779,+
7995835232,6174787809,29210611,11675254,+
9108545824,3026819697,29215216,15308163,+
8619739513,4477693970,29216436,6313947,+
8077533497,5874503577,29217871,5598965,+
8408740529,7175686817,29219587,22019511,+
9010008481,84288561,29227861,6384753,+
8965266161,2249440015,29229900,6684972,+
8894567776,2979162849,29230890,2576755,+
8556866240,4805758641,29231492,9270995,+
9853476401,7338936416,29234244,28078157,+
9157259664,4066316833,29237940,17972729,+
10066275457,1477985569,29252551,23225951,+
8539693633,5357651520,29257579,14467578,+
9019486577,1740355104,29257873,8888246,+
9769782081,6665577296,29261489,26531788,+
9255575312,1425697137,29261905,15817922,+
8959805857,5882280112,29262883,20865130,+
9048503784,1003508513,29263225,9615568,+
7583482065,6686586193,29265371,6277701,+
8919037001,4519310146,29268471,16146396,+
8153168937,7426267849,29272429,21590481,+
7906030165,6698953021,29277587,15653345,+
8894826065,3633816833,29280301,11367591,+
7994153712,6081543137,29287520,2723447,+
8731894624,4409647297,29294164,11085103,+
9074348769,2774589832,29299188,13338377,+
8728327944,4162964417,29300689,2285728,+
9388033952,1318000577,29301777,17440580,+
8166928985,5791529513,29304909,6205691,+
9095590373,4965543499,29311020,19231698,+
9260231621,4100546045,29316013,18780915,+
7451111793,7052577320,29317949,12655672,+
10320513917,5025542789,29320281,26418913,+
7464829400,7255460993,29320571,15574026,+
9880706657,7275333967,29320950,27953796,+
8389764077,5298039909,29322293,1031287,+
8471992481,5726381960,29323350,15416989,+
8861799985,3535745016,29331030,795169,+
7393683023,7108827409,29331030,12355242,+
8773265297,4099711304,29337276,7649237,+
9008000240,2426324273,29345843,7746648,+
8674613397,4801836349,29348513,12119709,+
7946876753,7012017800,29351882,17975193,+
9496270168,3328177185,29352761,19709448,+
9093207984,2654125777,29354858,12940473,+
9066319633,1270589760,29366592,7723189,+
8997996609,2846252417,29366683,9407933,+
9609017338,6210660905,29367303,24876948,+
9109356137,375210154,29367747,10489266,+
8851419991,3697461161,29369172,2620056,+
9077476525,3980402901,29375301,16055045,+
9242972353,1166889160,29376623,14684216,+
8232809141,5724688685,29384755,2696133,+
9941296153,3091842969,29385359,22719075,+
8851520669,3761384133,29394445,3631333,+
9701086552,5497462369,29398654,24006637,+
8772525240,4724242673,29398877,13533176,+
8466095233,5441712385,29403569,11960689,+
8138527967,6791157889,29404026,17989878,+
9026181696,2315610401,29406556,1871161,+
11061931073,1750076240,29410626,27955627,+
8215103642,6565425817,29412201,17275230,+
8841922529,5631799808,29414090,18663501,+
8405608728,5374715185,29414817,4795822,+
10818850192,4147853409,29417901,27700102,+
8675309717,6442298429,29418469,20343879,+
10298106528,5177841569,29419510,26346659,+
9627589941,6717674861,29428973,25834741,+
9056310573,1985446085,29434153,312691,+
9679682626,5123668745,29435580,23220249,+
9793261529,3142622217,29442763,21628123,+
7882311408,6402377665,29444754,4712203,+
9071492625,1779979816,29445067,4582260,+
7830947117,6681135749,29447769,12754861,+
9270080411,4947206341,29449266,20171598,+
9165762835,2425837853,29449872,13385406,+
9069562872,2242490017,29453337,8304920,+
8544495503,6039099169,29457660,17371938,+
8206956112,6066627409,29461723,12265952,+
9241963433,82175770,29462952,13760583,+
9737197265,8091784088,29465031,28917718,+
9257779937,3660979512,29469950,17236429,+
9101038714,827331113,29470698,2837565,+
8083183813,6254703885,29471599,11647917,+
9076368959,1901477233,29473236,636870,+
9041419745,8508901776,29478665,27831824,+
8805464496,4174640321,29482078,350923,+
9174306223,356429825,29483334,11351196,+
10188374177,7247113064,29486338,28740189,+
9125208600,167307121,29488509,7799140,+
9766468305,5541151208,29501639,24221558,+
7527984501,6918290701,29502757,3345051,+
9100394317,1867620309,29503603,7055541,+
9108474301,1291870835,29504850,1010976,+
10457371265,2968043393,29505809,25332081,+
10075690705,86663073,29506377,22686443,+
8130664144,6045673377,29511001,1455552,+
10314604416,896285761,29514831,24133904,+
9327742241,1363601551,29516844,15317274,+
9793806865,2658010033,29521391,21111743,+
9780087368,3853332065,29524201,21967104,+
8432087256,5828711441,29527307,13906784,+
9126781898,52807945,29528079,2155188,+
7789682056,7169657265,29531790,16850177,+
7758246353,6750760160,29537669,10761504,+
10206477968,2068091825,29537773,23612364,+
8995150424,3221491697,29538097,467214,+
7569159161,6987630521,29538873,10779851,+
8036768753,6245221505,29543847,5360069,+
9372387960,5835223313,29543861,22583728,+
9005691681,3158610320,29544323,50090,+
9113288793,2065059065,29544713,7823581,+
9138297025,1846259968,29546443,9244322,+
10340039425,6506043408,29548763,28044318,+
9076205552,2696579729,29552004,8232811,+
7787724280,6687264753,29552194,9645903,+
9137773200,1490050001,29559557,7295480,+
8544998657,5188040529,29560513,1189669,+
9374950209,2827450712,29564303,16953224,+
7988231242,6348509369,29565642,6236751,+
9521583672,902623729,29579118,17714609,+
10358589729,1001807408,29581885,24265582,+
7701892517,6971459069,29582413,13145109,+
9148705808,2178613185,29584738,10000501,+
9180070400,2144513313,29589763,11402762,+
9162972937,2130316137,29597985,10365571,+
9090159481,4269078505,29603735,15708511,+
9779918184,75665233,29603910,20226023,+
8590635057,7922564384,29609741,24538816,+
11523998833,1358043969,29610567,29566315,+
9273065753,1407185705,29611581,13302821,+
9183666083,2124428125,29611944,11110764,+
8612395400,5082728321,29612734,5810565,+
10119572992,2693177649,29614689,23138758,+
9166858129,454394448,29616600,5646997,+
10142487633,5824754120,29618329,26203054,+
9168324961,286083616,29620973,5418166,+
7883969549,6541544213,29621405,3070683,+
9252300257,1281554264,29625037,12432582,+
9167737745,936874673,29627379,5393909,+
9159226869,1455435037,29628879,5330179,+
9136712921,2741799730,29632563,10531140,+
9411129853,3242675989,29632781,17628385,+
7697198656,6837880785,29644514,7673145,+
9695786576,4073546241,29644636,21324479,+
11322367992,1515802337,29653214,28734925,+
9229641329,2519576352,29657981,12998168,+
9285257865,2715943753,29660631,14693021,+
7622187613,7069168595,29662128,12175902,+
8586556921,5298887881,29662427,9370013,+
8310202337,6445398552,29666825,16091512,+
11512724001,1567379216,29670352,29475271,+
9130166165,2416876541,29672525,611967,+
10322642597,1069833307,29678880,23882052,+
9234046648,1209265905,29682156,10661219,+
9191342545,49704168,29684807,314478,+
9400350813,3863061925,29686863,18278263,+
10663109712,1952611057,29689167,25797610,+
8960179109,3883929677,29690259,5465801,+
9318982745,841955993,29697633,13380509,+
9128165192,2591574369,29698918,2259181,+
9233488849,2811192577,29703499,13267921,+
10944393120,5712909473,29707196,29114663,+
7436227577,7167284729,29710177,3928029,+
9040825624,3590819713,29711419,8795830,+
10269058593,4195328824,29711997,24785810,+
8615918965,5303256733,29716079,9733853,+
8679757199,5022156577,29717472,5089482,+
8578837137,7553937832,29725419,23037380,+
9975971225,737809378,29729034,21459777,+
8332423229,5947385013,29735741,9162055,+
9445062689,1445395937,29739179,15868611,+
9100796448,3285184609,29749395,8783506,+
9725432301,2885192725,29752743,20008225,+
9371632829,5935295877,29753533,22326307,+
10353353003,4187114245,29757354,25134408,+
9221633858,158009785,29758026,2026137,+
9115051313,3018434465,29760617,4364157,+
7965692009,6570647097,29762677,8165963,+
8950018349,4283327397,29765627,10128679,+
9457229354,3600737257,29772327,18079452,+
9321515752,3437458209,29777604,15925447,+
9243900467,1488040957,29784600,8872578,+
9711722096,3508166721,29786194,20365099,+
10098915585,1796645633,29786831,22328111,+
10730114738,3713990185,29789253,26580402,+
9671673448,1296426129,29790370,18584247,+
9253119537,1566211424,29815373,8746516,+
9653649105,1816759648,29821177,18406674,+
7372688864,7307191761,29821765,712580,+
11474947200,597231313,29831239,29121846,+
9121520521,3425351001,29832623,9161817,+
9923208704,3347846817,29837411,21708362,+
9713745688,8628543009,29838851,29586270,+
9076655393,4299318384,29840263,13615840,+
8081822080,6446272273,29844532,7001227,+
8767864944,6733855777,29845736,20764743,+
9224518272,2075627089,29848744,3037083,+
8369915864,6188309937,29853229,13058248,+
9378375295,2704927793,29853312,14981994,+
8160086237,6319291349,29856863,5699589,+
10598046097,6478516752,29857422,28583945,+
9787101201,121034896,29858613,19434068,+
8217841856,6305930081,29861898,10132589,+
8471301017,6197983474,29864352,14996067,+
9343867597,3992071029,29865367,17017023,+
11622011808,1803354449,29870240,29714341,+
9473118248,998995329,29870597,15314050,+
9614291698,7371649385,29872716,26497071,+
10419966760,5486052673,29875652,26589007,+
7603534416,7102059505,29877533,5561880,+
11502664640,2567867361,29882504,29344375,+
9353198594,426162553,29884200,12002187,+
9379714880,2052743793,29885123,13793948,+
9374836353,1799412545,29885233,13383329,+
9099614065,3715901521,29886959,9121855,+
11248139657,4622828839,29888538,29168724,+
8413706481,5885343176,29891791,5740346,+
7572702384,7285308241,29893605,12229100,+
9317760410,3027570793,29896548,13947273,+
7762446469,6955168427,29897142,8505756,+
8648615488,5389686225,29903367,7878826,+
10022392744,4190407537,29903824,23016637,+
9130174682,3747930889,29906682,10832763,+
7622370928,7206148465,29908676,11399549,+
8476700504,7876860017,29911104,23351933,+
7871002992,6789822497,29913062,898115,+
8867742281,4695516775,29914986,540660,+
9578565383,2778452905,29918748,17738694,+
9345244272,787115089,29921664,11079451,+
8661422377,5737143289,29922329,13866817,+
8062635025,6855590688,29933738,14438487,+
10598941304,2495134497,29934772,25199047,+
8783221658,5033011225,29936766,6585993,+
9232678648,3547968705,29939138,12962229,+
9541901698,5819839049,29944764,22620855,+
8712433984,5227722273,29946105,1436356,+
8570953841,6371354256,29947133,17022664,+
10066499925,2553350701,29948815,21952599,+
10498241761,5840317296,29953252,27248649,+
8939150257,6858046504,29954989,21940136,+
9204614281,3849531481,29956871,13327951,+
8139390013,6433228835,29957502,2787054,+
10123911208,1107582145,29961809,21973076,+
9609128143,3839750705,29962284,19271808,+
8708315497,5309822954,29968476,7690809,+
9042597455,4225007713,29968674,9515244,+
8868056673,4974943384,29972780,10773417,+
9544533201,808539976,29975802,15819463,+
10050535387,2098942757,29978208,21579060,+
11118767013,909117085,29979521,27447273,+
10118105953,2841817104,29985290,22369389,+
10054340409,2361474473,29999045,21649067,+
9293741777,2094565584,29999852,6636283,+
